{
"type": "FeatureCollection",
"name": "range_extent.geojson",
"crs": { "type": "name", "properties": { "name": "urn:ogc:def:crs:OGC:1.3:CRS84" } },
"features": [
{ "type": "Feature", "properties": { "year": 1985 }, "geometry": { "type": "LineString", "coordinates": [ [ -122.223737201338906, 37.022723379796588 ], [ -122.218655867379908, 37.020785551770409 ], [ -122.214467216258029, 37.018012329857918 ], [ -122.207943941382908, 37.011210888712938 ], [ -122.198612924060711, 37.006301476157979 ], [ -122.190502661695021, 37.000888539174525 ], [ -122.183101851937835, 36.994953003180086 ], [ -122.174671020919533, 36.989746053086044 ], [ -122.17103926502412, 36.986114546885112 ], [ -122.162249849992264, 36.982246520949793 ], [ -122.155955303200088, 36.974933924484766 ], [ -122.146181666642121, 36.971939440534825 ], [ -122.133508701507424, 36.963596890131186 ], [ -122.118417161145942, 36.958653138923573 ], [ -122.109627732293944, 36.954109937960318 ], [ -122.08976000740968, 36.948693170638954 ], [ -122.079665934223598, 36.947262675515141 ], [ -122.069709179378236, 36.944416968707344 ], [ -122.058905556815901, 36.944024041183255 ], [ -122.043203700196145, 36.945118791555288 ], [ -122.032499258910249, 36.944336776496691 ], [ -122.022069531458399, 36.947510487807428 ], [ -122.014554370915633, 36.953308639700722 ], [ -122.009228866208488, 36.953896072668499 ], [ -121.97813765745984, 36.947644054285995 ], [ -121.973315655362754, 36.947361797151935 ], [ -121.968882793366035, 36.949177560420054 ], [ -121.9503121012431, 36.959587653324085 ], [ -121.940591838993939, 36.963192484295746 ], [ -121.930306943916477, 36.963818125894335 ], [ -121.92016698547161, 36.961483646636601 ], [ -121.911041762270429, 36.956711639992044 ], [ -121.907265011185018, 36.953850716325071 ], [ -121.874144054330387, 36.926126430371852 ], [ -121.867368792815014, 36.919607324835376 ], [ -121.852429628491635, 36.901648293876988 ], [ -121.839733616569021, 36.883101800848998 ], [ -121.807398471063962, 36.82740123664302 ], [ -121.797105898136394, 36.813382638094659 ], [ -121.793382550233915, 36.805307154423431 ], [ -121.794008163267677, 36.801282756228957 ], [ -121.796655650916932, 36.797468155004168 ], [ -121.80945813553339, 36.770209037032181 ], [ -121.816561241908232, 36.747062041591867 ], [ -121.816309411961768, 36.738978838942586 ], [ -121.813005650220518, 36.722369940980961 ], [ -121.813081898242146, 36.7143744736332 ], [ -121.814737435912562, 36.697021713836392 ], [ -121.818781075724701, 36.68105747880017 ], [ -121.822992594245292, 36.669434295839444 ], [ -121.834719283523356, 36.646161232932975 ], [ -121.847132671694993, 36.628053188531396 ], [ -121.856433196582671, 36.618161860109787 ], [ -121.867213888369577, 36.60972772386242 ], [ -121.880314019249681, 36.603689178215824 ], [ -121.885456439327882, 36.605287509937327 ], [ -121.893025128454212, 36.610860682238531 ], [ -121.894711318453275, 36.614919444147823 ], [ -121.900723561955147, 36.621762883330938 ], [ -121.909627428436522, 36.624494156893178 ], [ -121.913144737469523, 36.627542042069102 ], [ -121.918134571061032, 36.629819373143114 ], [ -121.918806012633738, 36.633691215720376 ], [ -121.926176340799657, 36.640038748251825 ], [ -121.931334024892934, 36.641808732708633 ], [ -121.936819771466602, 36.641705737478041 ], [ -121.941206832953412, 36.64035536115513 ], [ -121.943167629071155, 36.635949473520405 ], [ -121.943938163774163, 36.627740408798346 ], [ -121.945486959642409, 36.62376938858803 ], [ -121.951430439328902, 36.617715587400809 ], [ -121.951727965872053, 36.613748382139541 ], [ -121.955275762136409, 36.612680290188109 ], [ -121.959517893083159, 36.615766319901851 ], [ -121.963126722852721, 36.614202327453654 ], [ -121.965636791057904, 36.60192306851404 ], [ -121.968429231160698, 36.598817970446213 ], [ -121.969153959016452, 36.58743514726924 ], [ -121.973777539886555, 36.586420463383114 ], [ -121.982948390719741, 36.582735551815858 ], [ -121.981269832109163, 36.57934816890652 ], [ -121.974891365126297, 36.573130332720417 ], [ -121.972953398239426, 36.569792538617655 ], [ -121.963996120188597, 36.56609615983718 ], [ -121.95618328858248, 36.561541491910496 ], [ -121.951773320355016, 36.560057597681499 ], [ -121.948210272324886, 36.561800873784236 ], [ -121.943258605563926, 36.561446106365956 ], [ -121.938581597497759, 36.559809626460584 ], [ -121.936468147436244, 36.556166659338651 ], [ -121.93456829576715, 36.548236057257782 ], [ -121.937902444921207, 36.545439945661712 ], [ -121.93494207387667, 36.538298967968693 ], [ -121.930471059733904, 36.535479953110013 ], [ -121.928189757802912, 36.531844613230831 ], [ -121.928067649152112, 36.527392948628659 ], [ -121.930173422106364, 36.524963038985184 ], [ -121.935338714754565, 36.524955421578149 ], [ -121.93936716692842, 36.52258273621068 ], [ -121.944318830449333, 36.5228345127951 ], [ -121.948507537460131, 36.52453584346231 ], [ -121.952795415545651, 36.524345122294562 ], [ -121.956106679154018, 36.522197498731288 ], [ -121.955404719309271, 36.518493500797092 ], [ -121.951299930682708, 36.515746964019115 ], [ -121.948278550548096, 36.512229876110631 ], [ -121.944242437199946, 36.5104598816094 ], [ -121.940923469118871, 36.502937439606917 ], [ -121.940801381128622, 36.499305912262322 ], [ -121.944654406886812, 36.496685248623216 ], [ -121.94727148984272, 36.489673903118508 ], [ -121.942213132479964, 36.481930119197195 ], [ -121.940641474308833, 36.478336700316461 ], [ -121.940458424961676, 36.474178715281468 ], [ -121.938512913877545, 36.47057003627917 ], [ -121.93118090135178, 36.464134672625391 ], [ -121.929647399215639, 36.460194118387207 ], [ -121.930372276517161, 36.456371826297328 ], [ -121.932485753743322, 36.452469431140031 ], [ -121.932142486503011, 36.448071121095062 ], [ -121.927976733812187, 36.445286400718359 ], [ -121.923399051906941, 36.437931709187701 ], [ -121.918386545132066, 36.426583059931637 ], [ -121.919042822643803, 36.418564634950343 ], [ -121.91795191344886, 36.410282991072414 ], [ -121.915624927810043, 36.40661708762029 ], [ -121.915823360619299, 36.402737573145956 ], [ -121.908735505215901, 36.397164316071475 ], [ -121.906591634281966, 36.393441192486918 ], [ -121.907080000972698, 36.389184026853052 ], [ -121.905638062747286, 36.385190064729613 ], [ -121.905592350179148, 36.381184664683822 ], [ -121.908331449247441, 36.377701886530815 ], [ -121.908621442077092, 36.373604936181266 ], [ -121.906126604239901, 36.370198427582032 ], [ -121.906958296387117, 36.366437170317141 ], [ -121.909766059304886, 36.363038315783228 ], [ -121.908827681466448, 36.358842178375006 ], [ -121.904433125339963, 36.351739248156989 ], [ -121.901434728904633, 36.348634094789389 ], [ -121.897475073482866, 36.341039073360768 ], [ -121.896643517861946, 36.336553020780443 ], [ -121.896880101532318, 36.332635359004975 ], [ -121.899031716451375, 36.329091544562822 ], [ -121.898719095664973, 36.31735762759385 ], [ -121.904296548506721, 36.305455897797586 ], [ -121.901023483901184, 36.302747466268414 ], [ -121.89159332785907, 36.299188329132711 ], [ -121.887778561282218, 36.296518040437924 ], [ -121.879256446935827, 36.286393863481031 ], [ -121.870390890193718, 36.28286524373771 ], [ -121.863608260563325, 36.277131756855077 ], [ -121.855063166393236, 36.272832573892565 ], [ -121.846701288979034, 36.262895309240974 ], [ -121.842329655345324, 36.255590189525236 ], [ -121.839644134828717, 36.248574993461169 ], [ -121.831236298139558, 36.243730305041105 ], [ -121.827925043415988, 36.240701433108121 ], [ -121.810735519506167, 36.231710135325201 ], [ -121.805730494172522, 36.231126457410497 ], [ -121.795567853175768, 36.231469711649552 ], [ -121.787762754948687, 36.226422845153962 ], [ -121.778248627256929, 36.224046239378495 ], [ -121.765766574053416, 36.216466394787091 ], [ -121.761303249229741, 36.214593358628647 ], [ -121.754314517867698, 36.208745411919544 ], [ -121.748851635645067, 36.208176984460003 ], [ -121.744472078576777, 36.206605300693624 ], [ -121.740741059575498, 36.202943178279142 ], [ -121.723680626742222, 36.195744731379932 ], [ -121.719354479398419, 36.193295668487401 ], [ -121.716302522504705, 36.190072235935979 ], [ -121.712220531987455, 36.187546880211471 ], [ -121.705765644825917, 36.180985568180972 ], [ -121.700501020254009, 36.173806285970841 ], [ -121.69693786311241, 36.171029162665768 ], [ -121.693069510972933, 36.168278738597962 ], [ -121.683547415833502, 36.164467776477899 ], [ -121.67959513591903, 36.161934786658989 ], [ -121.674338145300908, 36.155064484879929 ], [ -121.663854687233069, 36.146157083972497 ], [ -121.646511971400642, 36.125816979029175 ], [ -121.638416671825496, 36.120430546806247 ], [ -121.634761962615755, 36.112389136990451 ], [ -121.626941343059855, 36.101498101647628 ], [ -121.623492642631263, 36.09367412659163 ], [ -121.621562288106531, 36.085346628979543 ], [ -121.612429334892155, 36.075245207337964 ], [ -121.610262453119716, 36.071792881774492 ], [ -121.597436643542224, 36.064106106807756 ], [ -121.596086159802127, 36.059719188982321 ], [ -121.596017497353657, 36.051818952780266 ], [ -121.594407597746724, 36.048179711165602 ], [ -121.588006142748071, 36.041736601865864 ], [ -121.583115403768915, 36.034412315744397 ], [ -121.579979536311171, 36.02615726585806 ], [ -121.577888956134217, 36.022811745944367 ], [ -121.574302922057413, 36.019599718533641 ], [ -121.569931011153727, 36.017162062912078 ], [ -121.554633128781347, 36.016890997967657 ], [ -121.549574528541868, 36.015952508177918 ], [ -121.540571291490608, 36.012469554075736 ], [ -121.535650028302157, 36.01214904710929 ], [ -121.53099581271988, 36.01052772990549 ], [ -121.522892903847321, 36.005682935828673 ], [ -121.513294536978762, 36.003683887552569 ], [ -121.505702819134683, 35.997988459505088 ], [ -121.495562739014076, 35.983710391913384 ], [ -121.48977932491762, 35.971351148238035 ], [ -121.486315335982866, 35.954273144802819 ], [ -121.479623963827109, 35.938011536893711 ], [ -121.47934927269101, 35.933678123748741 ], [ -121.47532072594737, 35.9260413227871 ], [ -121.476846657601357, 35.921719313425093 ], [ -121.474626382874106, 35.918339598144875 ], [ -121.475244375605158, 35.914490622600269 ], [ -121.468400453225513, 35.907777013166232 ], [ -121.465829166424044, 35.894811128080804 ], [ -121.466187745838937, 35.890595951518698 ], [ -121.460846884524287, 35.883523723084657 ], [ -121.453026357326166, 35.87745097016024 ], [ -121.447120893746359, 35.870176565264252 ], [ -121.438751028439, 35.864923957182391 ], [ -121.424513875304967, 35.858260027019888 ], [ -121.41953163927522, 35.856940245933643 ], [ -121.415274224964591, 35.854456984585433 ], [ -121.412466459324904, 35.850852191314445 ], [ -121.408231910172162, 35.84278046787032 ], [ -121.40510369485321, 35.839133714734608 ], [ -121.398183480163624, 35.832854911178266 ], [ -121.387204203341099, 35.818843861772017 ], [ -121.381947297640295, 35.817680469234993 ], [ -121.378872492672954, 35.814384652047387 ], [ -121.377338895034356, 35.810360212510275 ], [ -121.368122143968989, 35.808433940176101 ], [ -121.359416574072583, 35.803524594269597 ], [ -121.337435173526046, 35.784142578143459 ], [ -121.334734225197209, 35.780324130571422 ], [ -121.330904055498564, 35.772103568985976 ], [ -121.329393311197734, 35.759042164491007 ], [ -121.322778288572778, 35.752381822570229 ], [ -121.323167368578154, 35.747979712143582 ], [ -121.320977519551477, 35.740037679619192 ], [ -121.322511042633906, 35.73592931077075 ], [ -121.321557264874642, 35.731687454350059 ], [ -121.322320181760247, 35.727491356788754 ], [ -121.320496559045267, 35.719389105373004 ], [ -121.323037211628389, 35.715482902975815 ], [ -121.320473563650495, 35.711729333430142 ], [ -121.312714031374398, 35.706144789750368 ], [ -121.309593413381705, 35.702463701886465 ], [ -121.30723570765339, 35.694205052318416 ], [ -121.299857654290207, 35.687842316483739 ], [ -121.294333701531144, 35.686709419926878 ], [ -121.292052357775489, 35.683081726894862 ], [ -121.292006521376635, 35.678813156471634 ], [ -121.289763319489666, 35.67465904362097 ], [ -121.288824801842736, 35.670314187891826 ], [ -121.289190969434586, 35.665866326127869 ], [ -121.287123260631859, 35.662341624944474 ], [ -121.282751435743904, 35.663783591324652 ], [ -121.277143579439397, 35.664298612863483 ], [ -121.266835748666921, 35.660987597680474 ], [ -121.261555955771698, 35.660316265722862 ], [ -121.246860887657746, 35.649124229444276 ], [ -121.242008306995729, 35.647071969840766 ], [ -121.23675900213405, 35.646972803478796 ], [ -121.232303175115248, 35.645168493912884 ], [ -121.221682498181295, 35.645698756459993 ], [ -121.217249556284614, 35.643471022451529 ], [ -121.211771276260109, 35.636616140774954 ], [ -121.206453314467808, 35.637329491419202 ], [ -121.201913566656273, 35.635895201305786 ], [ -121.193436806556875, 35.631332922079174 ], [ -121.186829473515644, 35.637676675436282 ], [ -121.181816691329914, 35.637348630310214 ], [ -121.172500662016461, 35.633377621376532 ], [ -121.168548398491069, 35.630844715025503 ], [ -121.162352934110643, 35.62452006849206 ], [ -121.142881434770231, 35.599408383999041 ], [ -121.130162491617455, 35.591329021780567 ], [ -121.126492478530423, 35.582761362852494 ], [ -121.119282218568699, 35.571328922443719 ], [ -121.113750560282455, 35.564634253269809 ], [ -121.108562195541154, 35.552713534047896 ], [ -121.099917551857459, 35.541674003615796 ], [ -121.089632521644901, 35.531836086640695 ], [ -121.081293126870619, 35.526320145453624 ], [ -121.064927118345793, 35.509497646296644 ], [ -121.053436609420999, 35.500556169910105 ], [ -121.043586508086463, 35.490817409196524 ], [ -121.039863160045428, 35.487723741623434 ], [ -121.035277657709273, 35.485991903756535 ], [ -121.027899635881212, 35.480311915358349 ], [ -121.011983842143735, 35.463275748089075 ], [ -121.007955309126459, 35.460140118644539 ], [ -121.003598703058742, 35.458080219544193 ], [ -120.998341786677159, 35.457511842237146 ], [ -120.993092499000596, 35.458007745023991 ], [ -120.983478955429462, 35.454181652835643 ], [ -120.978077071302906, 35.454368568997346 ], [ -120.973079569246465, 35.455482444551713 ], [ -120.968089689532533, 35.454791992071534 ], [ -120.951693257524937, 35.443969828908969 ], [ -120.936342135744241, 35.439140474326337 ], [ -120.926492099488627, 35.441143160141166 ], [ -120.910431422313749, 35.44233332268935 ], [ -120.905823036434967, 35.440708278275252 ], [ -120.890563487384227, 35.427814740207502 ], [ -120.879744483516333, 35.413097793946676 ], [ -120.872603047013968, 35.391956967155643 ], [ -120.871313633997758, 35.378434012362206 ], [ -120.871748544926319, 35.365292526063591 ], [ -120.870176833331072, 35.352223513615769 ], [ -120.871992726317657, 35.339314724924897 ], [ -120.88020996954495, 35.314408867628096 ], [ -120.894149478785408, 35.281919509151507 ], [ -120.896911434366018, 35.27785691420469 ], [ -120.90059658406409, 35.274809021142779 ], [ -120.900726287742728, 35.270773118914057 ], [ -120.899612348993969, 35.266371004809741 ], [ -120.903007564912301, 35.258283955341625 ], [ -120.902038590730655, 35.253919988342432 ], [ -120.899337675113529, 35.250200689629629 ], [ -120.899276651381541, 35.246286830524134 ], [ -120.896682567794272, 35.242571321385469 ], [ -120.88920548924159, 35.236174069316881 ], [ -120.887290451445907, 35.232283087168398 ], [ -120.879553963383046, 35.22688146306848 ], [ -120.876341878849729, 35.223127802035684 ], [ -120.865400938343853, 35.214834631540846 ], [ -120.863852129887292, 35.210993239973405 ], [ -120.860388266867815, 35.20770115226486 ], [ -120.842489063213947, 35.198995953884875 ], [ -120.833753101017649, 35.193876602737724 ], [ -120.830594430726009, 35.190573070081903 ], [ -120.815075678861234, 35.186163210055192 ], [ -120.796634798703678, 35.176725576381969 ], [ -120.791210098379736, 35.176214377460205 ], [ -120.780688840681947, 35.166593678878733 ], [ -120.766940220525242, 35.158895559679578 ], [ -120.756785137219637, 35.156797420411436 ], [ -120.75236757207901, 35.154710759449095 ], [ -120.749742940886762, 35.156484584106387 ], [ -120.751162033643311, 35.160432783918623 ], [ -120.746103466426092, 35.167856175881028 ], [ -120.742219913332022, 35.170873601327798 ], [ -120.737054586585373, 35.171682325175105 ], [ -120.721406035038171, 35.171438216297283 ], [ -120.712502187986757, 35.167375595940072 ], [ -120.707069835121786, 35.166551635829265 ], [ -120.691848644788948, 35.155019886613715 ], [ -120.68711823775871, 35.152826456814758 ], [ -120.681777452164596, 35.150751284303659 ], [ -120.666380706133168, 35.147569882282625 ], [ -120.657041962068561, 35.14380482068146 ], [ -120.649786150251714, 35.13781961329498 ], [ -120.643133135957342, 35.126005581783645 ], [ -120.641317298711883, 35.121794185835689 ], [ -120.637708585156687, 35.104956221505155 ], [ -120.637060247689902, 35.082850181162648 ], [ -120.638304113497668, 35.056906568409538 ], [ -120.643904666524108, 35.017275869885701 ], [ -120.647414478103883, 35.000868924100729 ], [ -120.664237730647159, 34.946415052770043 ] ] } },
{ "type": "Feature", "properties": { "year": 1986 }, "geometry": { "type": "LineString", "coordinates": [ [ -122.198612924060711, 37.006301476157979 ], [ -122.183101851937835, 36.994953003180086 ], [ -122.178577438296983, 36.992706191710248 ], [ -122.17103926502412, 36.986114546885112 ], [ -122.162249849992264, 36.982246520949793 ], [ -122.155955303200088, 36.974933924484766 ], [ -122.146181666642121, 36.971939440534825 ], [ -122.133508701507424, 36.963596890131186 ], [ -122.118417161145942, 36.958653138923573 ], [ -122.109627732293944, 36.954109937960318 ], [ -122.08976000740968, 36.948693170638954 ], [ -122.079665934223598, 36.947262675515141 ], [ -122.069709179378236, 36.944416968707344 ], [ -122.058905556815901, 36.944024041183255 ], [ -122.043203700196145, 36.945118791555288 ], [ -122.032499258910249, 36.944336776496691 ], [ -122.022069531458399, 36.947510487807428 ], [ -122.014554370915633, 36.953308639700722 ], [ -122.009228866208488, 36.953896072668499 ], [ -121.97813765745984, 36.947644054285995 ], [ -121.973315655362754, 36.947361797151935 ], [ -121.968882793366035, 36.949177560420054 ], [ -121.9503121012431, 36.959587653324085 ], [ -121.940591838993939, 36.963192484295746 ], [ -121.935441765706997, 36.963902022196201 ], [ -121.925027149880748, 36.963005644009975 ], [ -121.92016698547161, 36.961483646636601 ], [ -121.911041762270429, 36.956711639992044 ], [ -121.899825955376429, 36.947934323664796 ], [ -121.870535161128615, 36.922906931876938 ], [ -121.85521450881339, 36.905199666749553 ], [ -121.839733616569021, 36.883101800848998 ], [ -121.807398471063962, 36.82740123664302 ], [ -121.797105898136394, 36.813382638094659 ], [ -121.793382550233915, 36.805307154423431 ], [ -121.794008163267677, 36.801282756228957 ], [ -121.796655650916932, 36.797468155004168 ], [ -121.80945813553339, 36.770209037032181 ], [ -121.816561241908232, 36.747062041591867 ], [ -121.816309411961768, 36.738978838942586 ], [ -121.813005650220518, 36.722369940980961 ], [ -121.813081898242146, 36.7143744736332 ], [ -121.814737435912562, 36.697021713836392 ], [ -121.818781075724701, 36.68105747880017 ], [ -121.822992594245292, 36.669434295839444 ], [ -121.834719283523356, 36.646161232932975 ], [ -121.847132671694993, 36.628053188531396 ], [ -121.856433196582671, 36.618161860109787 ], [ -121.867213888369577, 36.60972772386242 ], [ -121.880314019249681, 36.603689178215824 ], [ -121.885456439327882, 36.605287509937327 ], [ -121.893025128454212, 36.610860682238531 ], [ -121.894711318453275, 36.614919444147823 ], [ -121.900723561955147, 36.621762883330938 ], [ -121.909627428436522, 36.624494156893178 ], [ -121.913144737469523, 36.627542042069102 ], [ -121.918134571061032, 36.629819373143114 ], [ -121.918806012633738, 36.633691215720376 ], [ -121.926176340799657, 36.640038748251825 ], [ -121.931334024892934, 36.641808732708633 ], [ -121.936819771466602, 36.641705737478041 ], [ -121.941206832953412, 36.64035536115513 ], [ -121.943167629071155, 36.635949473520405 ], [ -121.943938163774163, 36.627740408798346 ], [ -121.945486959642409, 36.62376938858803 ], [ -121.951430439328902, 36.617715587400809 ], [ -121.951727965872053, 36.613748382139541 ], [ -121.955275762136409, 36.612680290188109 ], [ -121.959517893083159, 36.615766319901851 ], [ -121.963126722852721, 36.614202327453654 ], [ -121.965636791057904, 36.60192306851404 ], [ -121.968429231160698, 36.598817970446213 ], [ -121.969153959016452, 36.58743514726924 ], [ -121.973777539886555, 36.586420463383114 ], [ -121.982948390719741, 36.582735551815858 ], [ -121.981269832109163, 36.57934816890652 ], [ -121.974891365126297, 36.573130332720417 ], [ -121.972953398239426, 36.569792538617655 ], [ -121.963996120188597, 36.56609615983718 ], [ -121.95618328858248, 36.561541491910496 ], [ -121.951773320355016, 36.560057597681499 ], [ -121.948210272324886, 36.561800873784236 ], [ -121.943258605563926, 36.561446106365956 ], [ -121.938581597497759, 36.559809626460584 ], [ -121.936468147436244, 36.556166659338651 ], [ -121.93456829576715, 36.548236057257782 ], [ -121.937902444921207, 36.545439945661712 ], [ -121.93494207387667, 36.538298967968693 ], [ -121.930471059733904, 36.535479953110013 ], [ -121.928189757802912, 36.531844613230831 ], [ -121.928067649152112, 36.527392948628659 ], [ -121.930173422106364, 36.524963038985184 ], [ -121.935338714754565, 36.524955421578149 ], [ -121.93936716692842, 36.52258273621068 ], [ -121.944318830449333, 36.5228345127951 ], [ -121.948507537460131, 36.52453584346231 ], [ -121.952795415545651, 36.524345122294562 ], [ -121.956106679154018, 36.522197498731288 ], [ -121.955404719309271, 36.518493500797092 ], [ -121.951299930682708, 36.515746964019115 ], [ -121.948278550548096, 36.512229876110631 ], [ -121.944242437199946, 36.5104598816094 ], [ -121.940923469118871, 36.502937439606917 ], [ -121.940801381128622, 36.499305912262322 ], [ -121.944654406886812, 36.496685248623216 ], [ -121.94727148984272, 36.489673903118508 ], [ -121.942213132479964, 36.481930119197195 ], [ -121.940641474308833, 36.478336700316461 ], [ -121.940458424961676, 36.474178715281468 ], [ -121.938512913877545, 36.47057003627917 ], [ -121.93118090135178, 36.464134672625391 ], [ -121.929647399215639, 36.460194118387207 ], [ -121.930372276517161, 36.456371826297328 ], [ -121.932485753743322, 36.452469431140031 ], [ -121.932142486503011, 36.448071121095062 ], [ -121.927976733812187, 36.445286400718359 ], [ -121.923399051906941, 36.437931709187701 ], [ -121.918386545132066, 36.426583059931637 ], [ -121.919042822643803, 36.418564634950343 ], [ -121.91795191344886, 36.410282991072414 ], [ -121.915624927810043, 36.40661708762029 ], [ -121.915823360619299, 36.402737573145956 ], [ -121.908735505215901, 36.397164316071475 ], [ -121.906591634281966, 36.393441192486918 ], [ -121.907080000972698, 36.389184026853052 ], [ -121.905638062747286, 36.385190064729613 ], [ -121.905592350179148, 36.381184664683822 ], [ -121.908331449247441, 36.377701886530815 ], [ -121.908621442077092, 36.373604936181266 ], [ -121.906126604239901, 36.370198427582032 ], [ -121.906958296387117, 36.366437170317141 ], [ -121.909766059304886, 36.363038315783228 ], [ -121.908827681466448, 36.358842178375006 ], [ -121.904433125339963, 36.351739248156989 ], [ -121.901434728904633, 36.348634094789389 ], [ -121.897475073482866, 36.341039073360768 ], [ -121.896643517861946, 36.336553020780443 ], [ -121.896880101532318, 36.332635359004975 ], [ -121.899031716451375, 36.329091544562822 ], [ -121.898719095664973, 36.31735762759385 ], [ -121.904296548506721, 36.305455897797586 ], [ -121.901023483901184, 36.302747466268414 ], [ -121.89159332785907, 36.299188329132711 ], [ -121.887778561282218, 36.296518040437924 ], [ -121.879256446935827, 36.286393863481031 ], [ -121.870390890193718, 36.28286524373771 ], [ -121.863608260563325, 36.277131756855077 ], [ -121.855063166393236, 36.272832573892565 ], [ -121.846701288979034, 36.262895309240974 ], [ -121.842329655345324, 36.255590189525236 ], [ -121.839644134828717, 36.248574993461169 ], [ -121.831236298139558, 36.243730305041105 ], [ -121.827925043415988, 36.240701433108121 ], [ -121.810735519506167, 36.231710135325201 ], [ -121.805730494172522, 36.231126457410497 ], [ -121.795567853175768, 36.231469711649552 ], [ -121.787762754948687, 36.226422845153962 ], [ -121.778248627256929, 36.224046239378495 ], [ -121.765766574053416, 36.216466394787091 ], [ -121.761303249229741, 36.214593358628647 ], [ -121.754314517867698, 36.208745411919544 ], [ -121.748851635645067, 36.208176984460003 ], [ -121.744472078576777, 36.206605300693624 ], [ -121.740741059575498, 36.202943178279142 ], [ -121.723680626742222, 36.195744731379932 ], [ -121.719354479398419, 36.193295668487401 ], [ -121.716302522504705, 36.190072235935979 ], [ -121.712220531987455, 36.187546880211471 ], [ -121.705765644825917, 36.180985568180972 ], [ -121.700501020254009, 36.173806285970841 ], [ -121.69693786311241, 36.171029162665768 ], [ -121.693069510972933, 36.168278738597962 ], [ -121.683547415833502, 36.164467776477899 ], [ -121.67959513591903, 36.161934786658989 ], [ -121.674338145300908, 36.155064484879929 ], [ -121.663854687233069, 36.146157083972497 ], [ -121.646511971400642, 36.125816979029175 ], [ -121.638416671825496, 36.120430546806247 ], [ -121.634761962615755, 36.112389136990451 ], [ -121.626941343059855, 36.101498101647628 ], [ -121.623492642631263, 36.09367412659163 ], [ -121.621562288106531, 36.085346628979543 ], [ -121.612429334892155, 36.075245207337964 ], [ -121.610262453119716, 36.071792881774492 ], [ -121.597436643542224, 36.064106106807756 ], [ -121.596086159802127, 36.059719188982321 ], [ -121.596017497353657, 36.051818952780266 ], [ -121.594407597746724, 36.048179711165602 ], [ -121.588006142748071, 36.041736601865864 ], [ -121.583115403768915, 36.034412315744397 ], [ -121.579979536311171, 36.02615726585806 ], [ -121.577888956134217, 36.022811745944367 ], [ -121.574302922057413, 36.019599718533641 ], [ -121.569931011153727, 36.017162062912078 ], [ -121.554633128781347, 36.016890997967657 ], [ -121.549574528541868, 36.015952508177918 ], [ -121.540571291490608, 36.012469554075736 ], [ -121.535650028302157, 36.01214904710929 ], [ -121.53099581271988, 36.01052772990549 ], [ -121.522892903847321, 36.005682935828673 ], [ -121.513294536978762, 36.003683887552569 ], [ -121.505702819134683, 35.997988459505088 ], [ -121.495562739014076, 35.983710391913384 ], [ -121.48977932491762, 35.971351148238035 ], [ -121.486315335982866, 35.954273144802819 ], [ -121.479623963827109, 35.938011536893711 ], [ -121.47934927269101, 35.933678123748741 ], [ -121.47532072594737, 35.9260413227871 ], [ -121.476846657601357, 35.921719313425093 ], [ -121.474626382874106, 35.918339598144875 ], [ -121.475244375605158, 35.914490622600269 ], [ -121.468400453225513, 35.907777013166232 ], [ -121.465829166424044, 35.894811128080804 ], [ -121.466187745838937, 35.890595951518698 ], [ -121.460846884524287, 35.883523723084657 ], [ -121.453026357326166, 35.87745097016024 ], [ -121.447120893746359, 35.870176565264252 ], [ -121.438751028439, 35.864923957182391 ], [ -121.424513875304967, 35.858260027019888 ], [ -121.41953163927522, 35.856940245933643 ], [ -121.415274224964591, 35.854456984585433 ], [ -121.412466459324904, 35.850852191314445 ], [ -121.408231910172162, 35.84278046787032 ], [ -121.40510369485321, 35.839133714734608 ], [ -121.398183480163624, 35.832854911178266 ], [ -121.387204203341099, 35.818843861772017 ], [ -121.381947297640295, 35.817680469234993 ], [ -121.378872492672954, 35.814384652047387 ], [ -121.377338895034356, 35.810360212510275 ], [ -121.368122143968989, 35.808433940176101 ], [ -121.359416574072583, 35.803524594269597 ], [ -121.337435173526046, 35.784142578143459 ], [ -121.334734225197209, 35.780324130571422 ], [ -121.330904055498564, 35.772103568985976 ], [ -121.329393311197734, 35.759042164491007 ], [ -121.322778288572778, 35.752381822570229 ], [ -121.323167368578154, 35.747979712143582 ], [ -121.320977519551477, 35.740037679619192 ], [ -121.322511042633906, 35.73592931077075 ], [ -121.321557264874642, 35.731687454350059 ], [ -121.322320181760247, 35.727491356788754 ], [ -121.320496559045267, 35.719389105373004 ], [ -121.323037211628389, 35.715482902975815 ], [ -121.320473563650495, 35.711729333430142 ], [ -121.312714031374398, 35.706144789750368 ], [ -121.309593413381705, 35.702463701886465 ], [ -121.30723570765339, 35.694205052318416 ], [ -121.299857654290207, 35.687842316483739 ], [ -121.294333701531144, 35.686709419926878 ], [ -121.292052357775489, 35.683081726894862 ], [ -121.292006521376635, 35.678813156471634 ], [ -121.289763319489666, 35.67465904362097 ], [ -121.288824801842736, 35.670314187891826 ], [ -121.289190969434586, 35.665866326127869 ], [ -121.287123260631859, 35.662341624944474 ], [ -121.282751435743904, 35.663783591324652 ], [ -121.277143579439397, 35.664298612863483 ], [ -121.266835748666921, 35.660987597680474 ], [ -121.261555955771698, 35.660316265722862 ], [ -121.246860887657746, 35.649124229444276 ], [ -121.242008306995729, 35.647071969840766 ], [ -121.23675900213405, 35.646972803478796 ], [ -121.232303175115248, 35.645168493912884 ], [ -121.221682498181295, 35.645698756459993 ], [ -121.217249556284614, 35.643471022451529 ], [ -121.211771276260109, 35.636616140774954 ], [ -121.206453314467808, 35.637329491419202 ], [ -121.201913566656273, 35.635895201305786 ], [ -121.193436806556875, 35.631332922079174 ], [ -121.186829473515644, 35.637676675436282 ], [ -121.181816691329914, 35.637348630310214 ], [ -121.172500662016461, 35.633377621376532 ], [ -121.168548398491069, 35.630844715025503 ], [ -121.162352934110643, 35.62452006849206 ], [ -121.142881434770231, 35.599408383999041 ], [ -121.130162491617455, 35.591329021780567 ], [ -121.126492478530423, 35.582761362852494 ], [ -121.119282218568699, 35.571328922443719 ], [ -121.113750560282455, 35.564634253269809 ], [ -121.108562195541154, 35.552713534047896 ], [ -121.099917551857459, 35.541674003615796 ], [ -121.089632521644901, 35.531836086640695 ], [ -121.081293126870619, 35.526320145453624 ], [ -121.064927118345793, 35.509497646296644 ], [ -121.053436609420999, 35.500556169910105 ], [ -121.043586508086463, 35.490817409196524 ], [ -121.039863160045428, 35.487723741623434 ], [ -121.035277657709273, 35.485991903756535 ], [ -121.027899635881212, 35.480311915358349 ], [ -121.011983842143735, 35.463275748089075 ], [ -121.007955309126459, 35.460140118644539 ], [ -121.003598703058742, 35.458080219544193 ], [ -120.998341786677159, 35.457511842237146 ], [ -120.993092499000596, 35.458007745023991 ], [ -120.983478955429462, 35.454181652835643 ], [ -120.978077071302906, 35.454368568997346 ], [ -120.973079569246465, 35.455482444551713 ], [ -120.968089689532533, 35.454791992071534 ], [ -120.951693257524937, 35.443969828908969 ], [ -120.936342135744241, 35.439140474326337 ], [ -120.926492099488627, 35.441143160141166 ], [ -120.910431422313749, 35.44233332268935 ], [ -120.905823036434967, 35.440708278275252 ], [ -120.890563487384227, 35.427814740207502 ], [ -120.879744483516333, 35.413097793946676 ], [ -120.872603047013968, 35.391956967155643 ], [ -120.871313633997758, 35.378434012362206 ], [ -120.871748544926319, 35.365292526063591 ], [ -120.870176833331072, 35.352223513615769 ], [ -120.871992726317657, 35.339314724924897 ], [ -120.88020996954495, 35.314408867628096 ], [ -120.894149478785408, 35.281919509151507 ], [ -120.896911434366018, 35.27785691420469 ], [ -120.90059658406409, 35.274809021142779 ], [ -120.900726287742728, 35.270773118914057 ], [ -120.899612348993969, 35.266371004809741 ], [ -120.903007564912301, 35.258283955341625 ], [ -120.902038590730655, 35.253919988342432 ], [ -120.899337675113529, 35.250200689629629 ], [ -120.899276651381541, 35.246286830524134 ], [ -120.896682567794272, 35.242571321385469 ], [ -120.88920548924159, 35.236174069316881 ], [ -120.887290451445907, 35.232283087168398 ], [ -120.879553963383046, 35.22688146306848 ], [ -120.876341878849729, 35.223127802035684 ], [ -120.865400938343853, 35.214834631540846 ], [ -120.863852129887292, 35.210993239973405 ], [ -120.860388266867815, 35.20770115226486 ], [ -120.842489063213947, 35.198995953884875 ], [ -120.833753101017649, 35.193876602737724 ], [ -120.830594430726009, 35.190573070081903 ], [ -120.815075678861234, 35.186163210055192 ], [ -120.796634798703678, 35.176725576381969 ], [ -120.791210098379736, 35.176214377460205 ], [ -120.780688840681947, 35.166593678878733 ], [ -120.766940220525242, 35.158895559679578 ], [ -120.756785137219637, 35.156797420411436 ], [ -120.75236757207901, 35.154710759449095 ], [ -120.749742940886762, 35.156484584106387 ], [ -120.751162033643311, 35.160432783918623 ], [ -120.746103466426092, 35.167856175881028 ], [ -120.742219913332022, 35.170873601327798 ], [ -120.737054586585373, 35.171682325175105 ], [ -120.721406035038171, 35.171438216297283 ], [ -120.712502187986757, 35.167375595940072 ], [ -120.707069835121786, 35.166551635829265 ], [ -120.691848644788948, 35.155019886613715 ], [ -120.68711823775871, 35.152826456814758 ], [ -120.681777452164596, 35.150751284303659 ], [ -120.661642662924081, 35.146120317366744 ], [ -120.652967715775162, 35.141023932526082 ], [ -120.649786150251714, 35.13781961329498 ], [ -120.643133135957342, 35.126005581783645 ], [ -120.639173418820263, 35.113447683304791 ], [ -120.637708585156687, 35.104956221505155 ], [ -120.637060247689902, 35.082850181162648 ], [ -120.638304113497668, 35.056906568409538 ], [ -120.643904666524108, 35.017275869885701 ], [ -120.64957365970227, 34.992999327745757 ] ] } },
{ "type": "Feature", "properties": { "year": 1987 }, "geometry": { "type": "LineString", "coordinates": [ [ -122.202938911172197, 37.008842009997075 ], [ -122.190502661695021, 37.000888539174525 ], [ -122.183101851937835, 36.994953003180086 ], [ -122.178577438296983, 36.992706191710248 ], [ -122.17103926502412, 36.986114546885112 ], [ -122.162249849992264, 36.982246520949793 ], [ -122.155955303200088, 36.974933924484766 ], [ -122.146181666642121, 36.971939440534825 ], [ -122.133508701507424, 36.963596890131186 ], [ -122.118417161145942, 36.958653138923573 ], [ -122.109627732293944, 36.954109937960318 ], [ -122.08976000740968, 36.948693170638954 ], [ -122.079665934223598, 36.947262675515141 ], [ -122.069709179378236, 36.944416968707344 ], [ -122.058905556815901, 36.944024041183255 ], [ -122.043203700196145, 36.945118791555288 ], [ -122.032499258910249, 36.944336776496691 ], [ -122.022069531458399, 36.947510487807428 ], [ -122.014554370915633, 36.953308639700722 ], [ -122.009228866208488, 36.953896072668499 ], [ -121.97813765745984, 36.947644054285995 ], [ -121.973315655362754, 36.947361797151935 ], [ -121.968882793366035, 36.949177560420054 ], [ -121.9503121012431, 36.959587653324085 ], [ -121.940591838993939, 36.963192484295746 ], [ -121.935441765706997, 36.963902022196201 ], [ -121.925027149880748, 36.963005644009975 ], [ -121.915344963335983, 36.959225433378677 ], [ -121.911041762270429, 36.956711639992044 ], [ -121.899825955376429, 36.947934323664796 ], [ -121.870535161128615, 36.922906931876938 ], [ -121.85521450881339, 36.905199666749553 ], [ -121.839733616569021, 36.883101800848998 ], [ -121.807398471063962, 36.82740123664302 ], [ -121.794969555805295, 36.809610011426003 ], [ -121.793382550233915, 36.805307154423431 ], [ -121.794008163267677, 36.801282756228957 ], [ -121.796655650916932, 36.797468155004168 ], [ -121.80945813553339, 36.770209037032181 ], [ -121.816561241908232, 36.747062041591867 ], [ -121.816309411961768, 36.738978838942586 ], [ -121.813005650220518, 36.722369940980961 ], [ -121.813081898242146, 36.7143744736332 ], [ -121.814737435912562, 36.697021713836392 ], [ -121.817606127564389, 36.685059027692283 ], [ -121.822992594245292, 36.669434295839444 ], [ -121.830317001440136, 36.653965966609618 ], [ -121.834719283523356, 36.646161232932975 ], [ -121.847132671694993, 36.628053188531396 ], [ -121.862864985521185, 36.612523843291392 ], [ -121.867213888369577, 36.60972772386242 ], [ -121.880314019249681, 36.603689178215824 ], [ -121.885456439327882, 36.605287509937327 ], [ -121.893025128454212, 36.610860682238531 ], [ -121.894711318453275, 36.614919444147823 ], [ -121.900723561955147, 36.621762883330938 ], [ -121.909627428436522, 36.624494156893178 ], [ -121.913144737469523, 36.627542042069102 ], [ -121.918134571061032, 36.629819373143114 ], [ -121.918806012633738, 36.633691215720376 ], [ -121.926176340799657, 36.640038748251825 ], [ -121.931334024892934, 36.641808732708633 ], [ -121.936819771466602, 36.641705737478041 ], [ -121.941206832953412, 36.64035536115513 ], [ -121.943167629071155, 36.635949473520405 ], [ -121.943938163774163, 36.627740408798346 ], [ -121.945486959642409, 36.62376938858803 ], [ -121.951430439328902, 36.617715587400809 ], [ -121.951727965872053, 36.613748382139541 ], [ -121.955275762136409, 36.612680290188109 ], [ -121.959517893083159, 36.615766319901851 ], [ -121.963126722852721, 36.614202327453654 ], [ -121.965636791057904, 36.60192306851404 ], [ -121.968429231160698, 36.598817970446213 ], [ -121.969153959016452, 36.58743514726924 ], [ -121.973777539886555, 36.586420463383114 ], [ -121.982948390719741, 36.582735551815858 ], [ -121.981269832109163, 36.57934816890652 ], [ -121.974891365126297, 36.573130332720417 ], [ -121.972953398239426, 36.569792538617655 ], [ -121.963996120188597, 36.56609615983718 ], [ -121.95618328858248, 36.561541491910496 ], [ -121.951773320355016, 36.560057597681499 ], [ -121.948210272324886, 36.561800873784236 ], [ -121.943258605563926, 36.561446106365956 ], [ -121.938581597497759, 36.559809626460584 ], [ -121.936468147436244, 36.556166659338651 ], [ -121.93456829576715, 36.548236057257782 ], [ -121.937902444921207, 36.545439945661712 ], [ -121.93494207387667, 36.538298967968693 ], [ -121.930471059733904, 36.535479953110013 ], [ -121.928189757802912, 36.531844613230831 ], [ -121.928067649152112, 36.527392948628659 ], [ -121.930173422106364, 36.524963038985184 ], [ -121.935338714754565, 36.524955421578149 ], [ -121.93936716692842, 36.52258273621068 ], [ -121.944318830449333, 36.5228345127951 ], [ -121.948507537460131, 36.52453584346231 ], [ -121.952795415545651, 36.524345122294562 ], [ -121.956106679154018, 36.522197498731288 ], [ -121.955404719309271, 36.518493500797092 ], [ -121.951299930682708, 36.515746964019115 ], [ -121.948278550548096, 36.512229876110631 ], [ -121.944242437199946, 36.5104598816094 ], [ -121.940923469118871, 36.502937439606917 ], [ -121.940801381128622, 36.499305912262322 ], [ -121.944654406886812, 36.496685248623216 ], [ -121.94727148984272, 36.489673903118508 ], [ -121.942213132479964, 36.481930119197195 ], [ -121.940641474308833, 36.478336700316461 ], [ -121.940458424961676, 36.474178715281468 ], [ -121.938512913877545, 36.47057003627917 ], [ -121.93118090135178, 36.464134672625391 ], [ -121.929647399215639, 36.460194118387207 ], [ -121.930372276517161, 36.456371826297328 ], [ -121.932485753743322, 36.452469431140031 ], [ -121.932142486503011, 36.448071121095062 ], [ -121.927976733812187, 36.445286400718359 ], [ -121.923399051906941, 36.437931709187701 ], [ -121.918386545132066, 36.426583059931637 ], [ -121.919042822643803, 36.418564634950343 ], [ -121.91795191344886, 36.410282991072414 ], [ -121.915624927810043, 36.40661708762029 ], [ -121.915823360619299, 36.402737573145956 ], [ -121.908735505215901, 36.397164316071475 ], [ -121.906591634281966, 36.393441192486918 ], [ -121.907080000972698, 36.389184026853052 ], [ -121.905638062747286, 36.385190064729613 ], [ -121.905592350179148, 36.381184664683822 ], [ -121.908331449247441, 36.377701886530815 ], [ -121.908621442077092, 36.373604936181266 ], [ -121.906126604239901, 36.370198427582032 ], [ -121.906958296387117, 36.366437170317141 ], [ -121.909766059304886, 36.363038315783228 ], [ -121.908827681466448, 36.358842178375006 ], [ -121.904433125339963, 36.351739248156989 ], [ -121.901434728904633, 36.348634094789389 ], [ -121.897475073482866, 36.341039073360768 ], [ -121.896643517861946, 36.336553020780443 ], [ -121.896880101532318, 36.332635359004975 ], [ -121.899031716451375, 36.329091544562822 ], [ -121.898719095664973, 36.31735762759385 ], [ -121.904296548506721, 36.305455897797586 ], [ -121.901023483901184, 36.302747466268414 ], [ -121.89159332785907, 36.299188329132711 ], [ -121.887778561282218, 36.296518040437924 ], [ -121.879256446935827, 36.286393863481031 ], [ -121.870390890193718, 36.28286524373771 ], [ -121.863608260563325, 36.277131756855077 ], [ -121.855063166393236, 36.272832573892565 ], [ -121.846701288979034, 36.262895309240974 ], [ -121.842329655345324, 36.255590189525236 ], [ -121.839644134828717, 36.248574993461169 ], [ -121.831236298139558, 36.243730305041105 ], [ -121.827925043415988, 36.240701433108121 ], [ -121.810735519506167, 36.231710135325201 ], [ -121.805730494172522, 36.231126457410497 ], [ -121.795567853175768, 36.231469711649552 ], [ -121.787762754948687, 36.226422845153962 ], [ -121.778248627256929, 36.224046239378495 ], [ -121.765766574053416, 36.216466394787091 ], [ -121.761303249229741, 36.214593358628647 ], [ -121.754314517867698, 36.208745411919544 ], [ -121.748851635645067, 36.208176984460003 ], [ -121.744472078576777, 36.206605300693624 ], [ -121.740741059575498, 36.202943178279142 ], [ -121.723680626742222, 36.195744731379932 ], [ -121.719354479398419, 36.193295668487401 ], [ -121.716302522504705, 36.190072235935979 ], [ -121.712220531987455, 36.187546880211471 ], [ -121.705765644825917, 36.180985568180972 ], [ -121.700501020254009, 36.173806285970841 ], [ -121.69693786311241, 36.171029162665768 ], [ -121.693069510972933, 36.168278738597962 ], [ -121.683547415833502, 36.164467776477899 ], [ -121.67959513591903, 36.161934786658989 ], [ -121.674338145300908, 36.155064484879929 ], [ -121.663854687233069, 36.146157083972497 ], [ -121.646511971400642, 36.125816979029175 ], [ -121.638416671825496, 36.120430546806247 ], [ -121.634761962615755, 36.112389136990451 ], [ -121.626941343059855, 36.101498101647628 ], [ -121.623492642631263, 36.09367412659163 ], [ -121.621562288106531, 36.085346628979543 ], [ -121.612429334892155, 36.075245207337964 ], [ -121.610262453119716, 36.071792881774492 ], [ -121.597436643542224, 36.064106106807756 ], [ -121.596086159802127, 36.059719188982321 ], [ -121.596017497353657, 36.051818952780266 ], [ -121.594407597746724, 36.048179711165602 ], [ -121.588006142748071, 36.041736601865864 ], [ -121.583115403768915, 36.034412315744397 ], [ -121.579979536311171, 36.02615726585806 ], [ -121.577888956134217, 36.022811745944367 ], [ -121.574302922057413, 36.019599718533641 ], [ -121.569931011153727, 36.017162062912078 ], [ -121.554633128781347, 36.016890997967657 ], [ -121.549574528541868, 36.015952508177918 ], [ -121.540571291490608, 36.012469554075736 ], [ -121.535650028302157, 36.01214904710929 ], [ -121.53099581271988, 36.01052772990549 ], [ -121.522892903847321, 36.005682935828673 ], [ -121.513294536978762, 36.003683887552569 ], [ -121.505702819134683, 35.997988459505088 ], [ -121.495562739014076, 35.983710391913384 ], [ -121.48977932491762, 35.971351148238035 ], [ -121.486315335982866, 35.954273144802819 ], [ -121.479623963827109, 35.938011536893711 ], [ -121.47934927269101, 35.933678123748741 ], [ -121.47532072594737, 35.9260413227871 ], [ -121.476846657601357, 35.921719313425093 ], [ -121.474626382874106, 35.918339598144875 ], [ -121.475244375605158, 35.914490622600269 ], [ -121.468400453225513, 35.907777013166232 ], [ -121.465829166424044, 35.894811128080804 ], [ -121.466187745838937, 35.890595951518698 ], [ -121.460846884524287, 35.883523723084657 ], [ -121.453026357326166, 35.87745097016024 ], [ -121.447120893746359, 35.870176565264252 ], [ -121.438751028439, 35.864923957182391 ], [ -121.424513875304967, 35.858260027019888 ], [ -121.41953163927522, 35.856940245933643 ], [ -121.415274224964591, 35.854456984585433 ], [ -121.412466459324904, 35.850852191314445 ], [ -121.408231910172162, 35.84278046787032 ], [ -121.40510369485321, 35.839133714734608 ], [ -121.398183480163624, 35.832854911178266 ], [ -121.387204203341099, 35.818843861772017 ], [ -121.381947297640295, 35.817680469234993 ], [ -121.378872492672954, 35.814384652047387 ], [ -121.377338895034356, 35.810360212510275 ], [ -121.368122143968989, 35.808433940176101 ], [ -121.359416574072583, 35.803524594269597 ], [ -121.337435173526046, 35.784142578143459 ], [ -121.334734225197209, 35.780324130571422 ], [ -121.330904055498564, 35.772103568985976 ], [ -121.329393311197734, 35.759042164491007 ], [ -121.322778288572778, 35.752381822570229 ], [ -121.323167368578154, 35.747979712143582 ], [ -121.320977519551477, 35.740037679619192 ], [ -121.322511042633906, 35.73592931077075 ], [ -121.321557264874642, 35.731687454350059 ], [ -121.322320181760247, 35.727491356788754 ], [ -121.320496559045267, 35.719389105373004 ], [ -121.323037211628389, 35.715482902975815 ], [ -121.320473563650495, 35.711729333430142 ], [ -121.312714031374398, 35.706144789750368 ], [ -121.309593413381705, 35.702463701886465 ], [ -121.30723570765339, 35.694205052318416 ], [ -121.299857654290207, 35.687842316483739 ], [ -121.294333701531144, 35.686709419926878 ], [ -121.292052357775489, 35.683081726894862 ], [ -121.292006521376635, 35.678813156471634 ], [ -121.289763319489666, 35.67465904362097 ], [ -121.288824801842736, 35.670314187891826 ], [ -121.289190969434586, 35.665866326127869 ], [ -121.287123260631859, 35.662341624944474 ], [ -121.282751435743904, 35.663783591324652 ], [ -121.277143579439397, 35.664298612863483 ], [ -121.266835748666921, 35.660987597680474 ], [ -121.261555955771698, 35.660316265722862 ], [ -121.246860887657746, 35.649124229444276 ], [ -121.242008306995729, 35.647071969840766 ], [ -121.23675900213405, 35.646972803478796 ], [ -121.232303175115248, 35.645168493912884 ], [ -121.221682498181295, 35.645698756459993 ], [ -121.217249556284614, 35.643471022451529 ], [ -121.211771276260109, 35.636616140774954 ], [ -121.206453314467808, 35.637329491419202 ], [ -121.201913566656273, 35.635895201305786 ], [ -121.193436806556875, 35.631332922079174 ], [ -121.186829473515644, 35.637676675436282 ], [ -121.181816691329914, 35.637348630310214 ], [ -121.172500662016461, 35.633377621376532 ], [ -121.168548398491069, 35.630844715025503 ], [ -121.162352934110643, 35.62452006849206 ], [ -121.142881434770231, 35.599408383999041 ], [ -121.130162491617455, 35.591329021780567 ], [ -121.126492478530423, 35.582761362852494 ], [ -121.119282218568699, 35.571328922443719 ], [ -121.113750560282455, 35.564634253269809 ], [ -121.108562195541154, 35.552713534047896 ], [ -121.099917551857459, 35.541674003615796 ], [ -121.089632521644901, 35.531836086640695 ], [ -121.081293126870619, 35.526320145453624 ], [ -121.064927118345793, 35.509497646296644 ], [ -121.053436609420999, 35.500556169910105 ], [ -121.043586508086463, 35.490817409196524 ], [ -121.039863160045428, 35.487723741623434 ], [ -121.035277657709273, 35.485991903756535 ], [ -121.027899635881212, 35.480311915358349 ], [ -121.011983842143735, 35.463275748089075 ], [ -121.007955309126459, 35.460140118644539 ], [ -121.003598703058742, 35.458080219544193 ], [ -120.998341786677159, 35.457511842237146 ], [ -120.993092499000596, 35.458007745023991 ], [ -120.983478955429462, 35.454181652835643 ], [ -120.978077071302906, 35.454368568997346 ], [ -120.973079569246465, 35.455482444551713 ], [ -120.968089689532533, 35.454791992071534 ], [ -120.951693257524937, 35.443969828908969 ], [ -120.936342135744241, 35.439140474326337 ], [ -120.926492099488627, 35.441143160141166 ], [ -120.910431422313749, 35.44233332268935 ], [ -120.905823036434967, 35.440708278275252 ], [ -120.890563487384227, 35.427814740207502 ], [ -120.879744483516333, 35.413097793946676 ], [ -120.872603047013968, 35.391956967155643 ], [ -120.871313633997758, 35.378434012362206 ], [ -120.871748544926319, 35.365292526063591 ], [ -120.870176833331072, 35.352223513615769 ], [ -120.871992726317657, 35.339314724924897 ], [ -120.88020996954495, 35.314408867628096 ], [ -120.894149478785408, 35.281919509151507 ], [ -120.896911434366018, 35.27785691420469 ], [ -120.90059658406409, 35.274809021142779 ], [ -120.900726287742728, 35.270773118914057 ], [ -120.899612348993969, 35.266371004809741 ], [ -120.903007564912301, 35.258283955341625 ], [ -120.902038590730655, 35.253919988342432 ], [ -120.899337675113529, 35.250200689629629 ], [ -120.899276651381541, 35.246286830524134 ], [ -120.896682567794272, 35.242571321385469 ], [ -120.88920548924159, 35.236174069316881 ], [ -120.887290451445907, 35.232283087168398 ], [ -120.879553963383046, 35.22688146306848 ], [ -120.876341878849729, 35.223127802035684 ], [ -120.865400938343853, 35.214834631540846 ], [ -120.863852129887292, 35.210993239973405 ], [ -120.860388266867815, 35.20770115226486 ], [ -120.842489063213947, 35.198995953884875 ], [ -120.833753101017649, 35.193876602737724 ], [ -120.830594430726009, 35.190573070081903 ], [ -120.815075678861234, 35.186163210055192 ], [ -120.796634798703678, 35.176725576381969 ], [ -120.791210098379736, 35.176214377460205 ], [ -120.780688840681947, 35.166593678878733 ], [ -120.766940220525242, 35.158895559679578 ], [ -120.756785137219637, 35.156797420411436 ], [ -120.75236757207901, 35.154710759449095 ], [ -120.749742940886762, 35.156484584106387 ], [ -120.751162033643311, 35.160432783918623 ], [ -120.746103466426092, 35.167856175881028 ], [ -120.742219913332022, 35.170873601327798 ], [ -120.737054586585373, 35.171682325175105 ], [ -120.721406035038171, 35.171438216297283 ], [ -120.712502187986757, 35.167375595940072 ], [ -120.707069835121786, 35.166551635829265 ], [ -120.691848644788948, 35.155019886613715 ], [ -120.68711823775871, 35.152826456814758 ], [ -120.681777452164596, 35.150751284303659 ], [ -120.666380706133168, 35.147569882282625 ], [ -120.657041962068561, 35.14380482068146 ], [ -120.649786150251714, 35.13781961329498 ], [ -120.641317298711883, 35.121794185835689 ], [ -120.637708585156687, 35.104956221505155 ], [ -120.637487396634853, 35.096365573668805 ] ] } },
{ "type": "Feature", "properties": { "year": 1988 }, "geometry": { "type": "LineString", "coordinates": [ [ -122.381715950985296, 37.177970434705053 ], [ -122.373376707782072, 37.1728626347155 ], [ -122.367646846422616, 37.165740740903232 ], [ -122.365068068565463, 37.157474484770077 ], [ -122.365480143158834, 37.148582649707791 ], [ -122.362222279170567, 37.145931485514701 ], [ -122.34774877447127, 37.140220958467623 ], [ -122.340615060809185, 37.133484341772395 ], [ -122.340172576737785, 37.129196729776851 ], [ -122.342331857027972, 37.120816063572434 ], [ -122.342156411069396, 37.116661963637881 ], [ -122.339531828377019, 37.113003751753268 ], [ -122.335503370507325, 37.110669200660368 ], [ -122.330162597500333, 37.109238704745948 ], [ -122.315536425492496, 37.113930601356948 ], [ -122.310226156719693, 37.113953467246525 ], [ -122.300979009098228, 37.109852738719717 ], [ -122.292784781605064, 37.104039262859089 ], [ -122.282408510460485, 37.094460776631706 ], [ -122.277105971954356, 37.086370003966806 ], [ -122.265341170282696, 37.072175864177773 ], [ -122.254453805137885, 37.057298922913439 ], [ -122.250455889666526, 37.054613440007984 ], [ -122.236905767533543, 37.041201302880296 ], [ -122.233998912356526, 37.037443921908498 ], [ -122.227712216982596, 37.025897132516405 ], [ -122.223737201338906, 37.022723379796588 ], [ -122.218655867379908, 37.020785551770409 ], [ -122.214467216258029, 37.018012329857918 ], [ -122.207943941382908, 37.011210888712938 ], [ -122.198612924060711, 37.006301476157979 ], [ -122.190502661695021, 37.000888539174525 ], [ -122.183101851937835, 36.994953003180086 ], [ -122.174671020919533, 36.989746053086044 ], [ -122.17103926502412, 36.986114546885112 ], [ -122.162249849992264, 36.982246520949793 ], [ -122.155955303200088, 36.974933924484766 ], [ -122.146181666642121, 36.971939440534825 ], [ -122.133508701507424, 36.963596890131186 ], [ -122.118417161145942, 36.958653138923573 ], [ -122.109627732293944, 36.954109937960318 ], [ -122.08976000740968, 36.948693170638954 ], [ -122.079665934223598, 36.947262675515141 ], [ -122.069709179378236, 36.944416968707344 ], [ -122.058905556815901, 36.944024041183255 ], [ -122.048285063031045, 36.945126432526472 ], [ -122.032499258910249, 36.944336776496691 ], [ -122.022069531458399, 36.947510487807428 ], [ -122.014554370915633, 36.953308639700722 ], [ -122.009228866208488, 36.953896072668499 ], [ -121.97813765745984, 36.947644054285995 ], [ -121.973315655362754, 36.947361797151935 ], [ -121.968882793366035, 36.949177560420054 ], [ -121.9503121012431, 36.959587653324085 ], [ -121.940591838993939, 36.963192484295746 ], [ -121.935441765706997, 36.963902022196201 ], [ -121.925027149880748, 36.963005644009975 ], [ -121.92016698547161, 36.961483646636601 ], [ -121.911041762270429, 36.956711639992044 ], [ -121.874144054330387, 36.926126430371852 ], [ -121.867368792815014, 36.919607324835376 ], [ -121.85521450881339, 36.905199666749553 ], [ -121.844677738265517, 36.89077673979147 ], [ -121.832607366789361, 36.871429176801897 ], [ -121.824061962202705, 36.855179045053141 ], [ -121.805216349686106, 36.823834598951308 ], [ -121.797105898136394, 36.813382638094659 ], [ -121.793382550233915, 36.805307154423431 ], [ -121.794008163267677, 36.801282756228957 ], [ -121.796655650916932, 36.797468155004168 ], [ -121.80945813553339, 36.770209037032181 ], [ -121.816561241908232, 36.747062041591867 ], [ -121.816309411961768, 36.738978838942586 ], [ -121.813005650220518, 36.722369940980961 ], [ -121.813081898242146, 36.7143744736332 ], [ -121.814737435912562, 36.697021713836392 ], [ -121.818781075724701, 36.68105747880017 ], [ -121.826486943454199, 36.661457901701219 ], [ -121.839396238225532, 36.639077465596337 ], [ -121.847132671694993, 36.628053188531396 ], [ -121.852809118546489, 36.621751423813791 ], [ -121.862864985521185, 36.612523843291392 ], [ -121.867213888369577, 36.60972772386242 ], [ -121.880314019249681, 36.603689178215824 ], [ -121.885456439327882, 36.605287509937327 ], [ -121.893025128454212, 36.610860682238531 ], [ -121.894711318453275, 36.614919444147823 ], [ -121.900723561955147, 36.621762883330938 ], [ -121.909627428436522, 36.624494156893178 ], [ -121.913144737469523, 36.627542042069102 ], [ -121.918134571061032, 36.629819373143114 ], [ -121.918806012633738, 36.633691215720376 ], [ -121.926176340799657, 36.640038748251825 ], [ -121.931334024892934, 36.641808732708633 ], [ -121.936819771466602, 36.641705737478041 ], [ -121.941206832953412, 36.64035536115513 ], [ -121.943167629071155, 36.635949473520405 ], [ -121.943938163774163, 36.627740408798346 ], [ -121.945486959642409, 36.62376938858803 ], [ -121.951430439328902, 36.617715587400809 ], [ -121.951727965872053, 36.613748382139541 ], [ -121.955275762136409, 36.612680290188109 ], [ -121.959517893083159, 36.615766319901851 ], [ -121.963126722852721, 36.614202327453654 ], [ -121.965636791057904, 36.60192306851404 ], [ -121.968429231160698, 36.598817970446213 ], [ -121.969153959016452, 36.58743514726924 ], [ -121.973777539886555, 36.586420463383114 ], [ -121.982948390719741, 36.582735551815858 ], [ -121.981269832109163, 36.57934816890652 ], [ -121.974891365126297, 36.573130332720417 ], [ -121.972953398239426, 36.569792538617655 ], [ -121.963996120188597, 36.56609615983718 ], [ -121.95618328858248, 36.561541491910496 ], [ -121.951773320355016, 36.560057597681499 ], [ -121.948210272324886, 36.561800873784236 ], [ -121.943258605563926, 36.561446106365956 ], [ -121.938581597497759, 36.559809626460584 ], [ -121.936468147436244, 36.556166659338651 ], [ -121.93456829576715, 36.548236057257782 ], [ -121.937902444921207, 36.545439945661712 ], [ -121.93494207387667, 36.538298967968693 ], [ -121.930471059733904, 36.535479953110013 ], [ -121.928189757802912, 36.531844613230831 ], [ -121.928067649152112, 36.527392948628659 ], [ -121.930173422106364, 36.524963038985184 ], [ -121.935338714754565, 36.524955421578149 ], [ -121.93936716692842, 36.52258273621068 ], [ -121.944318830449333, 36.5228345127951 ], [ -121.948507537460131, 36.52453584346231 ], [ -121.952795415545651, 36.524345122294562 ], [ -121.956106679154018, 36.522197498731288 ], [ -121.955404719309271, 36.518493500797092 ], [ -121.951299930682708, 36.515746964019115 ], [ -121.948278550548096, 36.512229876110631 ], [ -121.944242437199946, 36.5104598816094 ], [ -121.940923469118871, 36.502937439606917 ], [ -121.940801381128622, 36.499305912262322 ], [ -121.944654406886812, 36.496685248623216 ], [ -121.94727148984272, 36.489673903118508 ], [ -121.942213132479964, 36.481930119197195 ], [ -121.940641474308833, 36.478336700316461 ], [ -121.940458424961676, 36.474178715281468 ], [ -121.938512913877545, 36.47057003627917 ], [ -121.93118090135178, 36.464134672625391 ], [ -121.929647399215639, 36.460194118387207 ], [ -121.930372276517161, 36.456371826297328 ], [ -121.932485753743322, 36.452469431140031 ], [ -121.932142486503011, 36.448071121095062 ], [ -121.927976733812187, 36.445286400718359 ], [ -121.923399051906941, 36.437931709187701 ], [ -121.918386545132066, 36.426583059931637 ], [ -121.919042822643803, 36.418564634950343 ], [ -121.91795191344886, 36.410282991072414 ], [ -121.915624927810043, 36.40661708762029 ], [ -121.915823360619299, 36.402737573145956 ], [ -121.908735505215901, 36.397164316071475 ], [ -121.906591634281966, 36.393441192486918 ], [ -121.907080000972698, 36.389184026853052 ], [ -121.905638062747286, 36.385190064729613 ], [ -121.905592350179148, 36.381184664683822 ], [ -121.908331449247441, 36.377701886530815 ], [ -121.908621442077092, 36.373604936181266 ], [ -121.906126604239901, 36.370198427582032 ], [ -121.906958296387117, 36.366437170317141 ], [ -121.909766059304886, 36.363038315783228 ], [ -121.908827681466448, 36.358842178375006 ], [ -121.904433125339963, 36.351739248156989 ], [ -121.901434728904633, 36.348634094789389 ], [ -121.897475073482866, 36.341039073360768 ], [ -121.896643517861946, 36.336553020780443 ], [ -121.896880101532318, 36.332635359004975 ], [ -121.899031716451375, 36.329091544562822 ], [ -121.898719095664973, 36.31735762759385 ], [ -121.904296548506721, 36.305455897797586 ], [ -121.901023483901184, 36.302747466268414 ], [ -121.89159332785907, 36.299188329132711 ], [ -121.887778561282218, 36.296518040437924 ], [ -121.879256446935827, 36.286393863481031 ], [ -121.870390890193718, 36.28286524373771 ], [ -121.863608260563325, 36.277131756855077 ], [ -121.855063166393236, 36.272832573892565 ], [ -121.846701288979034, 36.262895309240974 ], [ -121.842329655345324, 36.255590189525236 ], [ -121.839644134828717, 36.248574993461169 ], [ -121.831236298139558, 36.243730305041105 ], [ -121.827925043415988, 36.240701433108121 ], [ -121.810735519506167, 36.231710135325201 ], [ -121.805730494172522, 36.231126457410497 ], [ -121.795567853175768, 36.231469711649552 ], [ -121.787762754948687, 36.226422845153962 ], [ -121.778248627256929, 36.224046239378495 ], [ -121.765766574053416, 36.216466394787091 ], [ -121.761303249229741, 36.214593358628647 ], [ -121.754314517867698, 36.208745411919544 ], [ -121.748851635645067, 36.208176984460003 ], [ -121.744472078576777, 36.206605300693624 ], [ -121.740741059575498, 36.202943178279142 ], [ -121.723680626742222, 36.195744731379932 ], [ -121.719354479398419, 36.193295668487401 ], [ -121.716302522504705, 36.190072235935979 ], [ -121.712220531987455, 36.187546880211471 ], [ -121.705765644825917, 36.180985568180972 ], [ -121.700501020254009, 36.173806285970841 ], [ -121.69693786311241, 36.171029162665768 ], [ -121.693069510972933, 36.168278738597962 ], [ -121.683547415833502, 36.164467776477899 ], [ -121.67959513591903, 36.161934786658989 ], [ -121.674338145300908, 36.155064484879929 ], [ -121.663854687233069, 36.146157083972497 ], [ -121.646511971400642, 36.125816979029175 ], [ -121.638416671825496, 36.120430546806247 ], [ -121.634761962615755, 36.112389136990451 ], [ -121.626941343059855, 36.101498101647628 ], [ -121.623492642631263, 36.09367412659163 ], [ -121.621562288106531, 36.085346628979543 ], [ -121.612429334892155, 36.075245207337964 ], [ -121.610262453119716, 36.071792881774492 ], [ -121.597436643542224, 36.064106106807756 ], [ -121.596086159802127, 36.059719188982321 ], [ -121.596017497353657, 36.051818952780266 ], [ -121.594407597746724, 36.048179711165602 ], [ -121.588006142748071, 36.041736601865864 ], [ -121.583115403768915, 36.034412315744397 ], [ -121.579979536311171, 36.02615726585806 ], [ -121.577888956134217, 36.022811745944367 ], [ -121.574302922057413, 36.019599718533641 ], [ -121.569931011153727, 36.017162062912078 ], [ -121.554633128781347, 36.016890997967657 ], [ -121.549574528541868, 36.015952508177918 ], [ -121.540571291490608, 36.012469554075736 ], [ -121.535650028302157, 36.01214904710929 ], [ -121.53099581271988, 36.01052772990549 ], [ -121.522892903847321, 36.005682935828673 ], [ -121.513294536978762, 36.003683887552569 ], [ -121.505702819134683, 35.997988459505088 ], [ -121.495562739014076, 35.983710391913384 ], [ -121.48977932491762, 35.971351148238035 ], [ -121.486315335982866, 35.954273144802819 ], [ -121.479623963827109, 35.938011536893711 ], [ -121.47934927269101, 35.933678123748741 ], [ -121.47532072594737, 35.9260413227871 ], [ -121.476846657601357, 35.921719313425093 ], [ -121.474626382874106, 35.918339598144875 ], [ -121.475244375605158, 35.914490622600269 ], [ -121.468400453225513, 35.907777013166232 ], [ -121.465829166424044, 35.894811128080804 ], [ -121.466187745838937, 35.890595951518698 ], [ -121.460846884524287, 35.883523723084657 ], [ -121.453026357326166, 35.87745097016024 ], [ -121.447120893746359, 35.870176565264252 ], [ -121.438751028439, 35.864923957182391 ], [ -121.424513875304967, 35.858260027019888 ], [ -121.41953163927522, 35.856940245933643 ], [ -121.415274224964591, 35.854456984585433 ], [ -121.412466459324904, 35.850852191314445 ], [ -121.408231910172162, 35.84278046787032 ], [ -121.40510369485321, 35.839133714734608 ], [ -121.398183480163624, 35.832854911178266 ], [ -121.387204203341099, 35.818843861772017 ], [ -121.381947297640295, 35.817680469234993 ], [ -121.378872492672954, 35.814384652047387 ], [ -121.377338895034356, 35.810360212510275 ], [ -121.368122143968989, 35.808433940176101 ], [ -121.359416574072583, 35.803524594269597 ], [ -121.337435173526046, 35.784142578143459 ], [ -121.334734225197209, 35.780324130571422 ], [ -121.330904055498564, 35.772103568985976 ], [ -121.329393311197734, 35.759042164491007 ], [ -121.322778288572778, 35.752381822570229 ], [ -121.323167368578154, 35.747979712143582 ], [ -121.320977519551477, 35.740037679619192 ], [ -121.322511042633906, 35.73592931077075 ], [ -121.321557264874642, 35.731687454350059 ], [ -121.322320181760247, 35.727491356788754 ], [ -121.320496559045267, 35.719389105373004 ], [ -121.323037211628389, 35.715482902975815 ], [ -121.320473563650495, 35.711729333430142 ], [ -121.312714031374398, 35.706144789750368 ], [ -121.309593413381705, 35.702463701886465 ], [ -121.30723570765339, 35.694205052318416 ], [ -121.299857654290207, 35.687842316483739 ], [ -121.294333701531144, 35.686709419926878 ], [ -121.292052357775489, 35.683081726894862 ], [ -121.292006521376635, 35.678813156471634 ], [ -121.289763319489666, 35.67465904362097 ], [ -121.288824801842736, 35.670314187891826 ], [ -121.289190969434586, 35.665866326127869 ], [ -121.287123260631859, 35.662341624944474 ], [ -121.282751435743904, 35.663783591324652 ], [ -121.277143579439397, 35.664298612863483 ], [ -121.266835748666921, 35.660987597680474 ], [ -121.261555955771698, 35.660316265722862 ], [ -121.246860887657746, 35.649124229444276 ], [ -121.242008306995729, 35.647071969840766 ], [ -121.23675900213405, 35.646972803478796 ], [ -121.232303175115248, 35.645168493912884 ], [ -121.221682498181295, 35.645698756459993 ], [ -121.217249556284614, 35.643471022451529 ], [ -121.211771276260109, 35.636616140774954 ], [ -121.206453314467808, 35.637329491419202 ], [ -121.201913566656273, 35.635895201305786 ], [ -121.193436806556875, 35.631332922079174 ], [ -121.186829473515644, 35.637676675436282 ], [ -121.181816691329914, 35.637348630310214 ], [ -121.172500662016461, 35.633377621376532 ], [ -121.168548398491069, 35.630844715025503 ], [ -121.162352934110643, 35.62452006849206 ], [ -121.142881434770231, 35.599408383999041 ], [ -121.130162491617455, 35.591329021780567 ], [ -121.126492478530423, 35.582761362852494 ], [ -121.119282218568699, 35.571328922443719 ], [ -121.113750560282455, 35.564634253269809 ], [ -121.108562195541154, 35.552713534047896 ], [ -121.099917551857459, 35.541674003615796 ], [ -121.089632521644901, 35.531836086640695 ], [ -121.081293126870619, 35.526320145453624 ], [ -121.064927118345793, 35.509497646296644 ], [ -121.053436609420999, 35.500556169910105 ], [ -121.043586508086463, 35.490817409196524 ], [ -121.039863160045428, 35.487723741623434 ], [ -121.035277657709273, 35.485991903756535 ], [ -121.027899635881212, 35.480311915358349 ], [ -121.011983842143735, 35.463275748089075 ], [ -121.007955309126459, 35.460140118644539 ], [ -121.003598703058742, 35.458080219544193 ], [ -120.998341786677159, 35.457511842237146 ], [ -120.993092499000596, 35.458007745023991 ], [ -120.983478955429462, 35.454181652835643 ], [ -120.978077071302906, 35.454368568997346 ], [ -120.973079569246465, 35.455482444551713 ], [ -120.968089689532533, 35.454791992071534 ], [ -120.951693257524937, 35.443969828908969 ], [ -120.936342135744241, 35.439140474326337 ], [ -120.926492099488627, 35.441143160141166 ], [ -120.910431422313749, 35.44233332268935 ], [ -120.905823036434967, 35.440708278275252 ], [ -120.890563487384227, 35.427814740207502 ], [ -120.879744483516333, 35.413097793946676 ], [ -120.872603047013968, 35.391956967155643 ], [ -120.871313633997758, 35.378434012362206 ], [ -120.871748544926319, 35.365292526063591 ], [ -120.870176833331072, 35.352223513615769 ], [ -120.871992726317657, 35.339314724924897 ], [ -120.88020996954495, 35.314408867628096 ], [ -120.894149478785408, 35.281919509151507 ], [ -120.896911434366018, 35.27785691420469 ], [ -120.90059658406409, 35.274809021142779 ], [ -120.900726287742728, 35.270773118914057 ], [ -120.899612348993969, 35.266371004809741 ], [ -120.903007564912301, 35.258283955341625 ], [ -120.902038590730655, 35.253919988342432 ], [ -120.899337675113529, 35.250200689629629 ], [ -120.899276651381541, 35.246286830524134 ], [ -120.896682567794272, 35.242571321385469 ], [ -120.88920548924159, 35.236174069316881 ], [ -120.887290451445907, 35.232283087168398 ], [ -120.879553963383046, 35.22688146306848 ], [ -120.876341878849729, 35.223127802035684 ], [ -120.865400938343853, 35.214834631540846 ], [ -120.863852129887292, 35.210993239973405 ], [ -120.860388266867815, 35.20770115226486 ], [ -120.842489063213947, 35.198995953884875 ], [ -120.833753101017649, 35.193876602737724 ], [ -120.830594430726009, 35.190573070081903 ], [ -120.815075678861234, 35.186163210055192 ], [ -120.796634798703678, 35.176725576381969 ], [ -120.791210098379736, 35.176214377460205 ], [ -120.780688840681947, 35.166593678878733 ], [ -120.766940220525242, 35.158895559679578 ], [ -120.756785137219637, 35.156797420411436 ], [ -120.75236757207901, 35.154710759449095 ], [ -120.749742940886762, 35.156484584106387 ], [ -120.751162033643311, 35.160432783918623 ], [ -120.746103466426092, 35.167856175881028 ], [ -120.742219913332022, 35.170873601327798 ], [ -120.737054586585373, 35.171682325175105 ], [ -120.721406035038171, 35.171438216297283 ], [ -120.712502187986757, 35.167375595940072 ], [ -120.707069835121786, 35.166551635829265 ], [ -120.691848644788948, 35.155019886613715 ], [ -120.68711823775871, 35.152826456814758 ], [ -120.681777452164596, 35.150751284303659 ], [ -120.666380706133168, 35.147569882282625 ], [ -120.657041962068561, 35.14380482068146 ], [ -120.649786150251714, 35.13781961329498 ], [ -120.641317298711883, 35.121794185835689 ], [ -120.637708585156687, 35.104956221505155 ], [ -120.637487396634853, 35.096365573668805 ] ] } },
{ "type": "Feature", "properties": { "year": 1989 }, "geometry": { "type": "LineString", "coordinates": [ [ -122.381715950985296, 37.177970434705053 ], [ -122.373376707782072, 37.1728626347155 ], [ -122.367646846422616, 37.165740740903232 ], [ -122.365068068565463, 37.157474484770077 ], [ -122.365480143158834, 37.148582649707791 ], [ -122.362222279170567, 37.145931485514701 ], [ -122.34774877447127, 37.140220958467623 ], [ -122.340615060809185, 37.133484341772395 ], [ -122.340172576737785, 37.129196729776851 ], [ -122.342331857027972, 37.120816063572434 ], [ -122.342156411069396, 37.116661963637881 ], [ -122.339531828377019, 37.113003751753268 ], [ -122.335503370507325, 37.110669200660368 ], [ -122.330162597500333, 37.109238704745948 ], [ -122.315536425492496, 37.113930601356948 ], [ -122.310226156719693, 37.113953467246525 ], [ -122.300979009098228, 37.109852738719717 ], [ -122.292784781605064, 37.104039262859089 ], [ -122.282408510460485, 37.094460776631706 ], [ -122.277105971954356, 37.086370003966806 ], [ -122.265341170282696, 37.072175864177773 ], [ -122.254453805137885, 37.057298922913439 ], [ -122.250455889666526, 37.054613440007984 ], [ -122.236905767533543, 37.041201302880296 ], [ -122.233998912356526, 37.037443921908498 ], [ -122.227712216982596, 37.025897132516405 ], [ -122.223737201338906, 37.022723379796588 ], [ -122.218655867379908, 37.020785551770409 ], [ -122.214467216258029, 37.018012329857918 ], [ -122.207943941382908, 37.011210888712938 ], [ -122.198612924060711, 37.006301476157979 ], [ -122.190502661695021, 37.000888539174525 ], [ -122.183101851937835, 36.994953003180086 ], [ -122.174671020919533, 36.989746053086044 ], [ -122.17103926502412, 36.986114546885112 ], [ -122.162249849992264, 36.982246520949793 ], [ -122.155955303200088, 36.974933924484766 ], [ -122.146181666642121, 36.971939440534825 ], [ -122.133508701507424, 36.963596890131186 ], [ -122.118417161145942, 36.958653138923573 ], [ -122.109627732293944, 36.954109937960318 ], [ -122.08976000740968, 36.948693170638954 ], [ -122.079665934223598, 36.947262675515141 ], [ -122.069709179378236, 36.944416968707344 ], [ -122.058905556815901, 36.944024041183255 ], [ -122.048285063031045, 36.945126432526472 ], [ -122.032499258910249, 36.944336776496691 ], [ -122.022069531458399, 36.947510487807428 ], [ -122.014554370915633, 36.953308639700722 ], [ -122.009228866208488, 36.953896072668499 ], [ -121.97813765745984, 36.947644054285995 ], [ -121.973315655362754, 36.947361797151935 ], [ -121.968882793366035, 36.949177560420054 ], [ -121.9503121012431, 36.959587653324085 ], [ -121.940591838993939, 36.963192484295746 ], [ -121.935441765706997, 36.963902022196201 ], [ -121.925027149880748, 36.963005644009975 ], [ -121.92016698547161, 36.961483646636601 ], [ -121.911041762270429, 36.956711639992044 ], [ -121.874144054330387, 36.926126430371852 ], [ -121.867368792815014, 36.919607324835376 ], [ -121.85521450881339, 36.905199666749553 ], [ -121.844677738265517, 36.89077673979147 ], [ -121.832607366789361, 36.871429176801897 ], [ -121.824061962202705, 36.855179045053141 ], [ -121.805216349686106, 36.823834598951308 ], [ -121.797105898136394, 36.813382638094659 ], [ -121.793382550233915, 36.805307154423431 ], [ -121.794008163267677, 36.801282756228957 ], [ -121.796655650916932, 36.797468155004168 ], [ -121.80945813553339, 36.770209037032181 ], [ -121.816561241908232, 36.747062041591867 ], [ -121.816309411961768, 36.738978838942586 ], [ -121.813005650220518, 36.722369940980961 ], [ -121.813081898242146, 36.7143744736332 ], [ -121.814737435912562, 36.697021713836392 ], [ -121.818781075724701, 36.68105747880017 ], [ -121.826486943454199, 36.661457901701219 ], [ -121.839396238225532, 36.639077465596337 ], [ -121.847132671694993, 36.628053188531396 ], [ -121.852809118546489, 36.621751423813791 ], [ -121.862864985521185, 36.612523843291392 ], [ -121.867213888369577, 36.60972772386242 ], [ -121.880314019249681, 36.603689178215824 ], [ -121.885456439327882, 36.605287509937327 ], [ -121.893025128454212, 36.610860682238531 ], [ -121.894711318453275, 36.614919444147823 ], [ -121.900723561955147, 36.621762883330938 ], [ -121.909627428436522, 36.624494156893178 ], [ -121.913144737469523, 36.627542042069102 ], [ -121.918134571061032, 36.629819373143114 ], [ -121.918806012633738, 36.633691215720376 ], [ -121.926176340799657, 36.640038748251825 ], [ -121.931334024892934, 36.641808732708633 ], [ -121.936819771466602, 36.641705737478041 ], [ -121.941206832953412, 36.64035536115513 ], [ -121.943167629071155, 36.635949473520405 ], [ -121.943938163774163, 36.627740408798346 ], [ -121.945486959642409, 36.62376938858803 ], [ -121.951430439328902, 36.617715587400809 ], [ -121.951727965872053, 36.613748382139541 ], [ -121.955275762136409, 36.612680290188109 ], [ -121.959517893083159, 36.615766319901851 ], [ -121.963126722852721, 36.614202327453654 ], [ -121.965636791057904, 36.60192306851404 ], [ -121.968429231160698, 36.598817970446213 ], [ -121.969153959016452, 36.58743514726924 ], [ -121.973777539886555, 36.586420463383114 ], [ -121.982948390719741, 36.582735551815858 ], [ -121.981269832109163, 36.57934816890652 ], [ -121.974891365126297, 36.573130332720417 ], [ -121.972953398239426, 36.569792538617655 ], [ -121.963996120188597, 36.56609615983718 ], [ -121.95618328858248, 36.561541491910496 ], [ -121.951773320355016, 36.560057597681499 ], [ -121.948210272324886, 36.561800873784236 ], [ -121.943258605563926, 36.561446106365956 ], [ -121.938581597497759, 36.559809626460584 ], [ -121.936468147436244, 36.556166659338651 ], [ -121.93456829576715, 36.548236057257782 ], [ -121.937902444921207, 36.545439945661712 ], [ -121.93494207387667, 36.538298967968693 ], [ -121.930471059733904, 36.535479953110013 ], [ -121.928189757802912, 36.531844613230831 ], [ -121.928067649152112, 36.527392948628659 ], [ -121.930173422106364, 36.524963038985184 ], [ -121.935338714754565, 36.524955421578149 ], [ -121.93936716692842, 36.52258273621068 ], [ -121.944318830449333, 36.5228345127951 ], [ -121.948507537460131, 36.52453584346231 ], [ -121.952795415545651, 36.524345122294562 ], [ -121.956106679154018, 36.522197498731288 ], [ -121.955404719309271, 36.518493500797092 ], [ -121.951299930682708, 36.515746964019115 ], [ -121.948278550548096, 36.512229876110631 ], [ -121.944242437199946, 36.5104598816094 ], [ -121.940923469118871, 36.502937439606917 ], [ -121.940801381128622, 36.499305912262322 ], [ -121.944654406886812, 36.496685248623216 ], [ -121.94727148984272, 36.489673903118508 ], [ -121.942213132479964, 36.481930119197195 ], [ -121.940641474308833, 36.478336700316461 ], [ -121.940458424961676, 36.474178715281468 ], [ -121.938512913877545, 36.47057003627917 ], [ -121.93118090135178, 36.464134672625391 ], [ -121.929647399215639, 36.460194118387207 ], [ -121.930372276517161, 36.456371826297328 ], [ -121.932485753743322, 36.452469431140031 ], [ -121.932142486503011, 36.448071121095062 ], [ -121.927976733812187, 36.445286400718359 ], [ -121.923399051906941, 36.437931709187701 ], [ -121.918386545132066, 36.426583059931637 ], [ -121.919042822643803, 36.418564634950343 ], [ -121.91795191344886, 36.410282991072414 ], [ -121.915624927810043, 36.40661708762029 ], [ -121.915823360619299, 36.402737573145956 ], [ -121.908735505215901, 36.397164316071475 ], [ -121.906591634281966, 36.393441192486918 ], [ -121.907080000972698, 36.389184026853052 ], [ -121.905638062747286, 36.385190064729613 ], [ -121.905592350179148, 36.381184664683822 ], [ -121.908331449247441, 36.377701886530815 ], [ -121.908621442077092, 36.373604936181266 ], [ -121.906126604239901, 36.370198427582032 ], [ -121.906958296387117, 36.366437170317141 ], [ -121.909766059304886, 36.363038315783228 ], [ -121.908827681466448, 36.358842178375006 ], [ -121.904433125339963, 36.351739248156989 ], [ -121.901434728904633, 36.348634094789389 ], [ -121.897475073482866, 36.341039073360768 ], [ -121.896643517861946, 36.336553020780443 ], [ -121.896880101532318, 36.332635359004975 ], [ -121.899031716451375, 36.329091544562822 ], [ -121.898719095664973, 36.31735762759385 ], [ -121.904296548506721, 36.305455897797586 ], [ -121.901023483901184, 36.302747466268414 ], [ -121.89159332785907, 36.299188329132711 ], [ -121.887778561282218, 36.296518040437924 ], [ -121.879256446935827, 36.286393863481031 ], [ -121.870390890193718, 36.28286524373771 ], [ -121.863608260563325, 36.277131756855077 ], [ -121.855063166393236, 36.272832573892565 ], [ -121.846701288979034, 36.262895309240974 ], [ -121.842329655345324, 36.255590189525236 ], [ -121.839644134828717, 36.248574993461169 ], [ -121.831236298139558, 36.243730305041105 ], [ -121.827925043415988, 36.240701433108121 ], [ -121.810735519506167, 36.231710135325201 ], [ -121.805730494172522, 36.231126457410497 ], [ -121.795567853175768, 36.231469711649552 ], [ -121.787762754948687, 36.226422845153962 ], [ -121.778248627256929, 36.224046239378495 ], [ -121.765766574053416, 36.216466394787091 ], [ -121.761303249229741, 36.214593358628647 ], [ -121.754314517867698, 36.208745411919544 ], [ -121.748851635645067, 36.208176984460003 ], [ -121.744472078576777, 36.206605300693624 ], [ -121.740741059575498, 36.202943178279142 ], [ -121.723680626742222, 36.195744731379932 ], [ -121.719354479398419, 36.193295668487401 ], [ -121.716302522504705, 36.190072235935979 ], [ -121.712220531987455, 36.187546880211471 ], [ -121.705765644825917, 36.180985568180972 ], [ -121.700501020254009, 36.173806285970841 ], [ -121.69693786311241, 36.171029162665768 ], [ -121.693069510972933, 36.168278738597962 ], [ -121.683547415833502, 36.164467776477899 ], [ -121.67959513591903, 36.161934786658989 ], [ -121.674338145300908, 36.155064484879929 ], [ -121.663854687233069, 36.146157083972497 ], [ -121.646511971400642, 36.125816979029175 ], [ -121.638416671825496, 36.120430546806247 ], [ -121.634761962615755, 36.112389136990451 ], [ -121.626941343059855, 36.101498101647628 ], [ -121.623492642631263, 36.09367412659163 ], [ -121.621562288106531, 36.085346628979543 ], [ -121.612429334892155, 36.075245207337964 ], [ -121.610262453119716, 36.071792881774492 ], [ -121.597436643542224, 36.064106106807756 ], [ -121.596086159802127, 36.059719188982321 ], [ -121.596017497353657, 36.051818952780266 ], [ -121.594407597746724, 36.048179711165602 ], [ -121.588006142748071, 36.041736601865864 ], [ -121.583115403768915, 36.034412315744397 ], [ -121.579979536311171, 36.02615726585806 ], [ -121.577888956134217, 36.022811745944367 ], [ -121.574302922057413, 36.019599718533641 ], [ -121.569931011153727, 36.017162062912078 ], [ -121.554633128781347, 36.016890997967657 ], [ -121.549574528541868, 36.015952508177918 ], [ -121.540571291490608, 36.012469554075736 ], [ -121.535650028302157, 36.01214904710929 ], [ -121.53099581271988, 36.01052772990549 ], [ -121.522892903847321, 36.005682935828673 ], [ -121.513294536978762, 36.003683887552569 ], [ -121.505702819134683, 35.997988459505088 ], [ -121.495562739014076, 35.983710391913384 ], [ -121.48977932491762, 35.971351148238035 ], [ -121.486315335982866, 35.954273144802819 ], [ -121.479623963827109, 35.938011536893711 ], [ -121.47934927269101, 35.933678123748741 ], [ -121.47532072594737, 35.9260413227871 ], [ -121.476846657601357, 35.921719313425093 ], [ -121.474626382874106, 35.918339598144875 ], [ -121.475244375605158, 35.914490622600269 ], [ -121.468400453225513, 35.907777013166232 ], [ -121.465829166424044, 35.894811128080804 ], [ -121.466187745838937, 35.890595951518698 ], [ -121.460846884524287, 35.883523723084657 ], [ -121.453026357326166, 35.87745097016024 ], [ -121.447120893746359, 35.870176565264252 ], [ -121.438751028439, 35.864923957182391 ], [ -121.424513875304967, 35.858260027019888 ], [ -121.41953163927522, 35.856940245933643 ], [ -121.415274224964591, 35.854456984585433 ], [ -121.412466459324904, 35.850852191314445 ], [ -121.408231910172162, 35.84278046787032 ], [ -121.40510369485321, 35.839133714734608 ], [ -121.398183480163624, 35.832854911178266 ], [ -121.387204203341099, 35.818843861772017 ], [ -121.381947297640295, 35.817680469234993 ], [ -121.378872492672954, 35.814384652047387 ], [ -121.377338895034356, 35.810360212510275 ], [ -121.368122143968989, 35.808433940176101 ], [ -121.359416574072583, 35.803524594269597 ], [ -121.337435173526046, 35.784142578143459 ], [ -121.334734225197209, 35.780324130571422 ], [ -121.330904055498564, 35.772103568985976 ], [ -121.329393311197734, 35.759042164491007 ], [ -121.322778288572778, 35.752381822570229 ], [ -121.323167368578154, 35.747979712143582 ], [ -121.320977519551477, 35.740037679619192 ], [ -121.322511042633906, 35.73592931077075 ], [ -121.321557264874642, 35.731687454350059 ], [ -121.322320181760247, 35.727491356788754 ], [ -121.320496559045267, 35.719389105373004 ], [ -121.323037211628389, 35.715482902975815 ], [ -121.320473563650495, 35.711729333430142 ], [ -121.312714031374398, 35.706144789750368 ], [ -121.309593413381705, 35.702463701886465 ], [ -121.30723570765339, 35.694205052318416 ], [ -121.299857654290207, 35.687842316483739 ], [ -121.294333701531144, 35.686709419926878 ], [ -121.292052357775489, 35.683081726894862 ], [ -121.292006521376635, 35.678813156471634 ], [ -121.289763319489666, 35.67465904362097 ], [ -121.288824801842736, 35.670314187891826 ], [ -121.289190969434586, 35.665866326127869 ], [ -121.287123260631859, 35.662341624944474 ], [ -121.282751435743904, 35.663783591324652 ], [ -121.277143579439397, 35.664298612863483 ], [ -121.266835748666921, 35.660987597680474 ], [ -121.261555955771698, 35.660316265722862 ], [ -121.246860887657746, 35.649124229444276 ], [ -121.242008306995729, 35.647071969840766 ], [ -121.23675900213405, 35.646972803478796 ], [ -121.232303175115248, 35.645168493912884 ], [ -121.221682498181295, 35.645698756459993 ], [ -121.217249556284614, 35.643471022451529 ], [ -121.211771276260109, 35.636616140774954 ], [ -121.206453314467808, 35.637329491419202 ], [ -121.201913566656273, 35.635895201305786 ], [ -121.193436806556875, 35.631332922079174 ], [ -121.186829473515644, 35.637676675436282 ], [ -121.181816691329914, 35.637348630310214 ], [ -121.172500662016461, 35.633377621376532 ], [ -121.168548398491069, 35.630844715025503 ], [ -121.162352934110643, 35.62452006849206 ], [ -121.142881434770231, 35.599408383999041 ], [ -121.130162491617455, 35.591329021780567 ], [ -121.126492478530423, 35.582761362852494 ], [ -121.119282218568699, 35.571328922443719 ], [ -121.113750560282455, 35.564634253269809 ], [ -121.108562195541154, 35.552713534047896 ], [ -121.099917551857459, 35.541674003615796 ], [ -121.089632521644901, 35.531836086640695 ], [ -121.081293126870619, 35.526320145453624 ], [ -121.064927118345793, 35.509497646296644 ], [ -121.053436609420999, 35.500556169910105 ], [ -121.043586508086463, 35.490817409196524 ], [ -121.039863160045428, 35.487723741623434 ], [ -121.035277657709273, 35.485991903756535 ], [ -121.027899635881212, 35.480311915358349 ], [ -121.011983842143735, 35.463275748089075 ], [ -121.007955309126459, 35.460140118644539 ], [ -121.003598703058742, 35.458080219544193 ], [ -120.998341786677159, 35.457511842237146 ], [ -120.993092499000596, 35.458007745023991 ], [ -120.983478955429462, 35.454181652835643 ], [ -120.978077071302906, 35.454368568997346 ], [ -120.973079569246465, 35.455482444551713 ], [ -120.968089689532533, 35.454791992071534 ], [ -120.951693257524937, 35.443969828908969 ], [ -120.936342135744241, 35.439140474326337 ], [ -120.926492099488627, 35.441143160141166 ], [ -120.910431422313749, 35.44233332268935 ], [ -120.905823036434967, 35.440708278275252 ], [ -120.890563487384227, 35.427814740207502 ], [ -120.879744483516333, 35.413097793946676 ], [ -120.872603047013968, 35.391956967155643 ], [ -120.871313633997758, 35.378434012362206 ], [ -120.871748544926319, 35.365292526063591 ], [ -120.870176833331072, 35.352223513615769 ], [ -120.871992726317657, 35.339314724924897 ], [ -120.88020996954495, 35.314408867628096 ], [ -120.894149478785408, 35.281919509151507 ], [ -120.896911434366018, 35.27785691420469 ], [ -120.90059658406409, 35.274809021142779 ], [ -120.900726287742728, 35.270773118914057 ], [ -120.899612348993969, 35.266371004809741 ], [ -120.903007564912301, 35.258283955341625 ], [ -120.902038590730655, 35.253919988342432 ], [ -120.899337675113529, 35.250200689629629 ], [ -120.899276651381541, 35.246286830524134 ], [ -120.896682567794272, 35.242571321385469 ], [ -120.88920548924159, 35.236174069316881 ], [ -120.887290451445907, 35.232283087168398 ], [ -120.879553963383046, 35.22688146306848 ], [ -120.876341878849729, 35.223127802035684 ], [ -120.865400938343853, 35.214834631540846 ], [ -120.863852129887292, 35.210993239973405 ], [ -120.860388266867815, 35.20770115226486 ], [ -120.842489063213947, 35.198995953884875 ], [ -120.833753101017649, 35.193876602737724 ], [ -120.830594430726009, 35.190573070081903 ], [ -120.815075678861234, 35.186163210055192 ], [ -120.796634798703678, 35.176725576381969 ], [ -120.791210098379736, 35.176214377460205 ], [ -120.780688840681947, 35.166593678878733 ], [ -120.766940220525242, 35.158895559679578 ], [ -120.756785137219637, 35.156797420411436 ], [ -120.75236757207901, 35.154710759449095 ], [ -120.749742940886762, 35.156484584106387 ], [ -120.751162033643311, 35.160432783918623 ], [ -120.746103466426092, 35.167856175881028 ], [ -120.742219913332022, 35.170873601327798 ], [ -120.737054586585373, 35.171682325175105 ], [ -120.721406035038171, 35.171438216297283 ], [ -120.712502187986757, 35.167375595940072 ], [ -120.707069835121786, 35.166551635829265 ], [ -120.691848644788948, 35.155019886613715 ], [ -120.68711823775871, 35.152826456814758 ], [ -120.681777452164596, 35.150751284303659 ], [ -120.666380706133168, 35.147569882282625 ], [ -120.657041962068561, 35.14380482068146 ], [ -120.649786150251714, 35.13781961329498 ], [ -120.641317298711883, 35.121794185835689 ], [ -120.637708585156687, 35.104956221505155 ], [ -120.637487396634853, 35.096365573668805 ] ] } },
{ "type": "Feature", "properties": { "year": 1990 }, "geometry": { "type": "LineString", "coordinates": [ [ -122.373376707782072, 37.1728626347155 ], [ -122.367646846422616, 37.165740740903232 ], [ -122.366059899727972, 37.161449305169342 ], [ -122.364709506146369, 37.153186870396269 ], [ -122.365480143158834, 37.148582649707791 ], [ -122.362222279170567, 37.145931485514701 ], [ -122.34774877447127, 37.140220958467623 ], [ -122.340615060809185, 37.133484341772395 ], [ -122.340172576737785, 37.129196729776851 ], [ -122.342331857027972, 37.120816063572434 ], [ -122.342156411069396, 37.116661963637881 ], [ -122.339531828377019, 37.113003751753268 ], [ -122.335503370507325, 37.110669200660368 ], [ -122.330162597500333, 37.109238704745948 ], [ -122.315536425492496, 37.113930601356948 ], [ -122.310226156719693, 37.113953467246525 ], [ -122.300979009098228, 37.109852738719717 ], [ -122.292784781605064, 37.104039262859089 ], [ -122.282408510460485, 37.094460776631706 ], [ -122.277105971954356, 37.086370003966806 ], [ -122.265341170282696, 37.072175864177773 ], [ -122.254453805137885, 37.057298922913439 ], [ -122.250455889666526, 37.054613440007984 ], [ -122.236905767533543, 37.041201302880296 ], [ -122.233998912356526, 37.037443921908498 ], [ -122.227712216982596, 37.025897132516405 ], [ -122.223737201338906, 37.022723379796588 ], [ -122.218655867379908, 37.020785551770409 ], [ -122.214467216258029, 37.018012329857918 ], [ -122.207943941382908, 37.011210888712938 ], [ -122.198612924060711, 37.006301476157979 ], [ -122.190502661695021, 37.000888539174525 ], [ -122.183101851937835, 36.994953003180086 ], [ -122.174671020919533, 36.989746053086044 ], [ -122.17103926502412, 36.986114546885112 ], [ -122.162249849992264, 36.982246520949793 ], [ -122.155955303200088, 36.974933924484766 ], [ -122.146181666642121, 36.971939440534825 ], [ -122.133508701507424, 36.963596890131186 ], [ -122.118417161145942, 36.958653138923573 ], [ -122.109627732293944, 36.954109937960318 ], [ -122.08976000740968, 36.948693170638954 ], [ -122.079665934223598, 36.947262675515141 ], [ -122.069709179378236, 36.944416968707344 ], [ -122.06424632961982, 36.944119418183313 ], [ -122.048285063031045, 36.945126432526472 ], [ -122.032499258910249, 36.944336776496691 ], [ -122.022069531458399, 36.947510487807428 ], [ -122.014554370915633, 36.953308639700722 ], [ -122.009228866208488, 36.953896072668499 ], [ -121.97813765745984, 36.947644054285995 ], [ -121.973315655362754, 36.947361797151935 ], [ -121.968882793366035, 36.949177560420054 ], [ -121.9503121012431, 36.959587653324085 ], [ -121.940591838993939, 36.963192484295746 ], [ -121.935441765706997, 36.963902022196201 ], [ -121.925027149880748, 36.963005644009975 ], [ -121.92016698547161, 36.961483646636601 ], [ -121.911041762270429, 36.956711639992044 ], [ -121.899825955376429, 36.947934323664796 ], [ -121.870535161128615, 36.922906931876938 ], [ -121.85521450881339, 36.905199666749553 ], [ -121.839733616569021, 36.883101800848998 ], [ -121.807398471063962, 36.82740123664302 ], [ -121.797105898136394, 36.813382638094659 ], [ -121.793382550233915, 36.805307154423431 ], [ -121.794008163267677, 36.801282756228957 ], [ -121.796655650916932, 36.797468155004168 ], [ -121.80945813553339, 36.770209037032181 ], [ -121.816561241908232, 36.747062041591867 ], [ -121.816309411961768, 36.738978838942586 ], [ -121.813005650220518, 36.722369940980961 ], [ -121.813081898242146, 36.7143744736332 ], [ -121.814737435912562, 36.697021713836392 ], [ -121.818781075724701, 36.68105747880017 ], [ -121.822992594245292, 36.669434295839444 ], [ -121.834719283523356, 36.646161232932975 ], [ -121.847132671694993, 36.628053188531396 ], [ -121.856433196582671, 36.618161860109787 ], [ -121.867213888369577, 36.60972772386242 ], [ -121.880314019249681, 36.603689178215824 ], [ -121.885456439327882, 36.605287509937327 ], [ -121.893025128454212, 36.610860682238531 ], [ -121.894711318453275, 36.614919444147823 ], [ -121.900723561955147, 36.621762883330938 ], [ -121.909627428436522, 36.624494156893178 ], [ -121.913144737469523, 36.627542042069102 ], [ -121.918134571061032, 36.629819373143114 ], [ -121.918806012633738, 36.633691215720376 ], [ -121.926176340799657, 36.640038748251825 ], [ -121.931334024892934, 36.641808732708633 ], [ -121.936819771466602, 36.641705737478041 ], [ -121.941206832953412, 36.64035536115513 ], [ -121.943167629071155, 36.635949473520405 ], [ -121.943938163774163, 36.627740408798346 ], [ -121.945486959642409, 36.62376938858803 ], [ -121.951430439328902, 36.617715587400809 ], [ -121.951727965872053, 36.613748382139541 ], [ -121.955275762136409, 36.612680290188109 ], [ -121.959517893083159, 36.615766319901851 ], [ -121.963126722852721, 36.614202327453654 ], [ -121.965636791057904, 36.60192306851404 ], [ -121.968429231160698, 36.598817970446213 ], [ -121.969153959016452, 36.58743514726924 ], [ -121.973777539886555, 36.586420463383114 ], [ -121.982948390719741, 36.582735551815858 ], [ -121.981269832109163, 36.57934816890652 ], [ -121.974891365126297, 36.573130332720417 ], [ -121.972953398239426, 36.569792538617655 ], [ -121.963996120188597, 36.56609615983718 ], [ -121.95618328858248, 36.561541491910496 ], [ -121.951773320355016, 36.560057597681499 ], [ -121.948210272324886, 36.561800873784236 ], [ -121.943258605563926, 36.561446106365956 ], [ -121.938581597497759, 36.559809626460584 ], [ -121.936468147436244, 36.556166659338651 ], [ -121.93456829576715, 36.548236057257782 ], [ -121.937902444921207, 36.545439945661712 ], [ -121.93494207387667, 36.538298967968693 ], [ -121.930471059733904, 36.535479953110013 ], [ -121.928189757802912, 36.531844613230831 ], [ -121.928067649152112, 36.527392948628659 ], [ -121.930173422106364, 36.524963038985184 ], [ -121.935338714754565, 36.524955421578149 ], [ -121.93936716692842, 36.52258273621068 ], [ -121.944318830449333, 36.5228345127951 ], [ -121.948507537460131, 36.52453584346231 ], [ -121.952795415545651, 36.524345122294562 ], [ -121.956106679154018, 36.522197498731288 ], [ -121.955404719309271, 36.518493500797092 ], [ -121.951299930682708, 36.515746964019115 ], [ -121.948278550548096, 36.512229876110631 ], [ -121.944242437199946, 36.5104598816094 ], [ -121.940923469118871, 36.502937439606917 ], [ -121.940801381128622, 36.499305912262322 ], [ -121.944654406886812, 36.496685248623216 ], [ -121.94727148984272, 36.489673903118508 ], [ -121.942213132479964, 36.481930119197195 ], [ -121.940641474308833, 36.478336700316461 ], [ -121.940458424961676, 36.474178715281468 ], [ -121.938512913877545, 36.47057003627917 ], [ -121.93118090135178, 36.464134672625391 ], [ -121.929647399215639, 36.460194118387207 ], [ -121.930372276517161, 36.456371826297328 ], [ -121.932485753743322, 36.452469431140031 ], [ -121.932142486503011, 36.448071121095062 ], [ -121.927976733812187, 36.445286400718359 ], [ -121.923399051906941, 36.437931709187701 ], [ -121.918386545132066, 36.426583059931637 ], [ -121.919042822643803, 36.418564634950343 ], [ -121.91795191344886, 36.410282991072414 ], [ -121.915624927810043, 36.40661708762029 ], [ -121.915823360619299, 36.402737573145956 ], [ -121.908735505215901, 36.397164316071475 ], [ -121.906591634281966, 36.393441192486918 ], [ -121.907080000972698, 36.389184026853052 ], [ -121.905638062747286, 36.385190064729613 ], [ -121.905592350179148, 36.381184664683822 ], [ -121.908331449247441, 36.377701886530815 ], [ -121.908621442077092, 36.373604936181266 ], [ -121.906126604239901, 36.370198427582032 ], [ -121.906958296387117, 36.366437170317141 ], [ -121.909766059304886, 36.363038315783228 ], [ -121.908827681466448, 36.358842178375006 ], [ -121.904433125339963, 36.351739248156989 ], [ -121.901434728904633, 36.348634094789389 ], [ -121.897475073482866, 36.341039073360768 ], [ -121.896643517861946, 36.336553020780443 ], [ -121.896880101532318, 36.332635359004975 ], [ -121.899031716451375, 36.329091544562822 ], [ -121.898719095664973, 36.31735762759385 ], [ -121.904296548506721, 36.305455897797586 ], [ -121.901023483901184, 36.302747466268414 ], [ -121.89159332785907, 36.299188329132711 ], [ -121.887778561282218, 36.296518040437924 ], [ -121.879256446935827, 36.286393863481031 ], [ -121.870390890193718, 36.28286524373771 ], [ -121.863608260563325, 36.277131756855077 ], [ -121.855063166393236, 36.272832573892565 ], [ -121.846701288979034, 36.262895309240974 ], [ -121.842329655345324, 36.255590189525236 ], [ -121.839644134828717, 36.248574993461169 ], [ -121.831236298139558, 36.243730305041105 ], [ -121.827925043415988, 36.240701433108121 ], [ -121.810735519506167, 36.231710135325201 ], [ -121.805730494172522, 36.231126457410497 ], [ -121.795567853175768, 36.231469711649552 ], [ -121.787762754948687, 36.226422845153962 ], [ -121.778248627256929, 36.224046239378495 ], [ -121.765766574053416, 36.216466394787091 ], [ -121.761303249229741, 36.214593358628647 ], [ -121.754314517867698, 36.208745411919544 ], [ -121.748851635645067, 36.208176984460003 ], [ -121.744472078576777, 36.206605300693624 ], [ -121.740741059575498, 36.202943178279142 ], [ -121.723680626742222, 36.195744731379932 ], [ -121.719354479398419, 36.193295668487401 ], [ -121.716302522504705, 36.190072235935979 ], [ -121.712220531987455, 36.187546880211471 ], [ -121.705765644825917, 36.180985568180972 ], [ -121.700501020254009, 36.173806285970841 ], [ -121.69693786311241, 36.171029162665768 ], [ -121.693069510972933, 36.168278738597962 ], [ -121.683547415833502, 36.164467776477899 ], [ -121.67959513591903, 36.161934786658989 ], [ -121.674338145300908, 36.155064484879929 ], [ -121.663854687233069, 36.146157083972497 ], [ -121.646511971400642, 36.125816979029175 ], [ -121.638416671825496, 36.120430546806247 ], [ -121.634761962615755, 36.112389136990451 ], [ -121.626941343059855, 36.101498101647628 ], [ -121.623492642631263, 36.09367412659163 ], [ -121.621562288106531, 36.085346628979543 ], [ -121.612429334892155, 36.075245207337964 ], [ -121.610262453119716, 36.071792881774492 ], [ -121.597436643542224, 36.064106106807756 ], [ -121.596086159802127, 36.059719188982321 ], [ -121.596017497353657, 36.051818952780266 ], [ -121.594407597746724, 36.048179711165602 ], [ -121.588006142748071, 36.041736601865864 ], [ -121.583115403768915, 36.034412315744397 ], [ -121.579979536311171, 36.02615726585806 ], [ -121.577888956134217, 36.022811745944367 ], [ -121.574302922057413, 36.019599718533641 ], [ -121.569931011153727, 36.017162062912078 ], [ -121.554633128781347, 36.016890997967657 ], [ -121.549574528541868, 36.015952508177918 ], [ -121.540571291490608, 36.012469554075736 ], [ -121.535650028302157, 36.01214904710929 ], [ -121.53099581271988, 36.01052772990549 ], [ -121.522892903847321, 36.005682935828673 ], [ -121.513294536978762, 36.003683887552569 ], [ -121.505702819134683, 35.997988459505088 ], [ -121.495562739014076, 35.983710391913384 ], [ -121.48977932491762, 35.971351148238035 ], [ -121.486315335982866, 35.954273144802819 ], [ -121.479623963827109, 35.938011536893711 ], [ -121.47934927269101, 35.933678123748741 ], [ -121.47532072594737, 35.9260413227871 ], [ -121.476846657601357, 35.921719313425093 ], [ -121.474626382874106, 35.918339598144875 ], [ -121.475244375605158, 35.914490622600269 ], [ -121.468400453225513, 35.907777013166232 ], [ -121.465829166424044, 35.894811128080804 ], [ -121.466187745838937, 35.890595951518698 ], [ -121.460846884524287, 35.883523723084657 ], [ -121.453026357326166, 35.87745097016024 ], [ -121.447120893746359, 35.870176565264252 ], [ -121.438751028439, 35.864923957182391 ], [ -121.424513875304967, 35.858260027019888 ], [ -121.41953163927522, 35.856940245933643 ], [ -121.415274224964591, 35.854456984585433 ], [ -121.412466459324904, 35.850852191314445 ], [ -121.408231910172162, 35.84278046787032 ], [ -121.40510369485321, 35.839133714734608 ], [ -121.398183480163624, 35.832854911178266 ], [ -121.387204203341099, 35.818843861772017 ], [ -121.381947297640295, 35.817680469234993 ], [ -121.378872492672954, 35.814384652047387 ], [ -121.377338895034356, 35.810360212510275 ], [ -121.368122143968989, 35.808433940176101 ], [ -121.359416574072583, 35.803524594269597 ], [ -121.337435173526046, 35.784142578143459 ], [ -121.334734225197209, 35.780324130571422 ], [ -121.330904055498564, 35.772103568985976 ], [ -121.329393311197734, 35.759042164491007 ], [ -121.322778288572778, 35.752381822570229 ], [ -121.323167368578154, 35.747979712143582 ], [ -121.320977519551477, 35.740037679619192 ], [ -121.322511042633906, 35.73592931077075 ], [ -121.321557264874642, 35.731687454350059 ], [ -121.322320181760247, 35.727491356788754 ], [ -121.320496559045267, 35.719389105373004 ], [ -121.323037211628389, 35.715482902975815 ], [ -121.320473563650495, 35.711729333430142 ], [ -121.312714031374398, 35.706144789750368 ], [ -121.309593413381705, 35.702463701886465 ], [ -121.30723570765339, 35.694205052318416 ], [ -121.299857654290207, 35.687842316483739 ], [ -121.294333701531144, 35.686709419926878 ], [ -121.292052357775489, 35.683081726894862 ], [ -121.292006521376635, 35.678813156471634 ], [ -121.289763319489666, 35.67465904362097 ], [ -121.288824801842736, 35.670314187891826 ], [ -121.289190969434586, 35.665866326127869 ], [ -121.287123260631859, 35.662341624944474 ], [ -121.282751435743904, 35.663783591324652 ], [ -121.277143579439397, 35.664298612863483 ], [ -121.266835748666921, 35.660987597680474 ], [ -121.261555955771698, 35.660316265722862 ], [ -121.246860887657746, 35.649124229444276 ], [ -121.242008306995729, 35.647071969840766 ], [ -121.23675900213405, 35.646972803478796 ], [ -121.232303175115248, 35.645168493912884 ], [ -121.221682498181295, 35.645698756459993 ], [ -121.217249556284614, 35.643471022451529 ], [ -121.211771276260109, 35.636616140774954 ], [ -121.206453314467808, 35.637329491419202 ], [ -121.201913566656273, 35.635895201305786 ], [ -121.193436806556875, 35.631332922079174 ], [ -121.186829473515644, 35.637676675436282 ], [ -121.181816691329914, 35.637348630310214 ], [ -121.172500662016461, 35.633377621376532 ], [ -121.168548398491069, 35.630844715025503 ], [ -121.162352934110643, 35.62452006849206 ], [ -121.142881434770231, 35.599408383999041 ], [ -121.130162491617455, 35.591329021780567 ], [ -121.126492478530423, 35.582761362852494 ], [ -121.119282218568699, 35.571328922443719 ], [ -121.113750560282455, 35.564634253269809 ], [ -121.108562195541154, 35.552713534047896 ], [ -121.099917551857459, 35.541674003615796 ], [ -121.089632521644901, 35.531836086640695 ], [ -121.081293126870619, 35.526320145453624 ], [ -121.064927118345793, 35.509497646296644 ], [ -121.053436609420999, 35.500556169910105 ], [ -121.043586508086463, 35.490817409196524 ], [ -121.039863160045428, 35.487723741623434 ], [ -121.035277657709273, 35.485991903756535 ], [ -121.027899635881212, 35.480311915358349 ], [ -121.011983842143735, 35.463275748089075 ], [ -121.007955309126459, 35.460140118644539 ], [ -121.003598703058742, 35.458080219544193 ], [ -120.998341786677159, 35.457511842237146 ], [ -120.993092499000596, 35.458007745023991 ], [ -120.983478955429462, 35.454181652835643 ], [ -120.978077071302906, 35.454368568997346 ], [ -120.973079569246465, 35.455482444551713 ], [ -120.968089689532533, 35.454791992071534 ], [ -120.951693257524937, 35.443969828908969 ], [ -120.936342135744241, 35.439140474326337 ], [ -120.926492099488627, 35.441143160141166 ], [ -120.910431422313749, 35.44233332268935 ], [ -120.905823036434967, 35.440708278275252 ], [ -120.890563487384227, 35.427814740207502 ], [ -120.879744483516333, 35.413097793946676 ], [ -120.872603047013968, 35.391956967155643 ], [ -120.871313633997758, 35.378434012362206 ], [ -120.871748544926319, 35.365292526063591 ], [ -120.870176833331072, 35.352223513615769 ], [ -120.871992726317657, 35.339314724924897 ], [ -120.88020996954495, 35.314408867628096 ], [ -120.894149478785408, 35.281919509151507 ], [ -120.896911434366018, 35.27785691420469 ], [ -120.90059658406409, 35.274809021142779 ], [ -120.900726287742728, 35.270773118914057 ], [ -120.899612348993969, 35.266371004809741 ], [ -120.903007564912301, 35.258283955341625 ], [ -120.902038590730655, 35.253919988342432 ], [ -120.899337675113529, 35.250200689629629 ], [ -120.899276651381541, 35.246286830524134 ], [ -120.896682567794272, 35.242571321385469 ], [ -120.88920548924159, 35.236174069316881 ], [ -120.887290451445907, 35.232283087168398 ], [ -120.879553963383046, 35.22688146306848 ], [ -120.876341878849729, 35.223127802035684 ], [ -120.865400938343853, 35.214834631540846 ], [ -120.863852129887292, 35.210993239973405 ], [ -120.860388266867815, 35.20770115226486 ], [ -120.842489063213947, 35.198995953884875 ], [ -120.833753101017649, 35.193876602737724 ], [ -120.830594430726009, 35.190573070081903 ], [ -120.815075678861234, 35.186163210055192 ], [ -120.796634798703678, 35.176725576381969 ], [ -120.791210098379736, 35.176214377460205 ], [ -120.780688840681947, 35.166593678878733 ], [ -120.766940220525242, 35.158895559679578 ], [ -120.756785137219637, 35.156797420411436 ], [ -120.75236757207901, 35.154710759449095 ], [ -120.749742940886762, 35.156484584106387 ], [ -120.751162033643311, 35.160432783918623 ], [ -120.746103466426092, 35.167856175881028 ], [ -120.742219913332022, 35.170873601327798 ], [ -120.737054586585373, 35.171682325175105 ], [ -120.721406035038171, 35.171438216297283 ], [ -120.712502187986757, 35.167375595940072 ], [ -120.707069835121786, 35.166551635829265 ], [ -120.691848644788948, 35.155019886613715 ], [ -120.68711823775871, 35.152826456814758 ], [ -120.681777452164596, 35.150751284303659 ], [ -120.661642662924081, 35.146120317366744 ], [ -120.652967715775162, 35.141023932526082 ], [ -120.649786150251714, 35.13781961329498 ], [ -120.643133135957342, 35.126005581783645 ], [ -120.639173418820263, 35.113447683304791 ], [ -120.637708585156687, 35.104956221505155 ], [ -120.637060247689902, 35.082850181162648 ], [ -120.638304113497668, 35.056906568409538 ], [ -120.643904666524108, 35.017275869885701 ], [ -120.648352925463655, 34.996970359629579 ], [ -120.654777041098399, 34.976531562421158 ] ] } },
{ "type": "Feature", "properties": { "year": 1991 }, "geometry": { "type": "LineString", "coordinates": [ [ -122.373376707782072, 37.1728626347155 ], [ -122.367646846422616, 37.165740740903232 ], [ -122.366059899727972, 37.161449305169342 ], [ -122.364709506146369, 37.153186870396269 ], [ -122.365480143158834, 37.148582649707791 ], [ -122.362222279170567, 37.145931485514701 ], [ -122.34774877447127, 37.140220958467623 ], [ -122.340615060809185, 37.133484341772395 ], [ -122.340172576737785, 37.129196729776851 ], [ -122.342331857027972, 37.120816063572434 ], [ -122.342156411069396, 37.116661963637881 ], [ -122.339531828377019, 37.113003751753268 ], [ -122.335503370507325, 37.110669200660368 ], [ -122.330162597500333, 37.109238704745948 ], [ -122.315536425492496, 37.113930601356948 ], [ -122.310226156719693, 37.113953467246525 ], [ -122.300979009098228, 37.109852738719717 ], [ -122.292784781605064, 37.104039262859089 ], [ -122.282408510460485, 37.094460776631706 ], [ -122.277105971954356, 37.086370003966806 ], [ -122.265341170282696, 37.072175864177773 ], [ -122.254453805137885, 37.057298922913439 ], [ -122.250455889666526, 37.054613440007984 ], [ -122.236905767533543, 37.041201302880296 ], [ -122.233998912356526, 37.037443921908498 ], [ -122.227712216982596, 37.025897132516405 ], [ -122.223737201338906, 37.022723379796588 ], [ -122.218655867379908, 37.020785551770409 ], [ -122.214467216258029, 37.018012329857918 ], [ -122.207943941382908, 37.011210888712938 ], [ -122.198612924060711, 37.006301476157979 ], [ -122.190502661695021, 37.000888539174525 ], [ -122.183101851937835, 36.994953003180086 ], [ -122.174671020919533, 36.989746053086044 ], [ -122.17103926502412, 36.986114546885112 ], [ -122.162249849992264, 36.982246520949793 ], [ -122.155955303200088, 36.974933924484766 ], [ -122.146181666642121, 36.971939440534825 ], [ -122.133508701507424, 36.963596890131186 ], [ -122.118417161145942, 36.958653138923573 ], [ -122.109627732293944, 36.954109937960318 ], [ -122.08976000740968, 36.948693170638954 ], [ -122.079665934223598, 36.947262675515141 ], [ -122.069709179378236, 36.944416968707344 ], [ -122.06424632961982, 36.944119418183313 ], [ -122.048285063031045, 36.945126432526472 ], [ -122.032499258910249, 36.944336776496691 ], [ -122.022069531458399, 36.947510487807428 ], [ -122.014554370915633, 36.953308639700722 ], [ -122.009228866208488, 36.953896072668499 ], [ -121.97813765745984, 36.947644054285995 ], [ -121.973315655362754, 36.947361797151935 ], [ -121.968882793366035, 36.949177560420054 ], [ -121.9503121012431, 36.959587653324085 ], [ -121.940591838993939, 36.963192484295746 ], [ -121.935441765706997, 36.963902022196201 ], [ -121.925027149880748, 36.963005644009975 ], [ -121.92016698547161, 36.961483646636601 ], [ -121.911041762270429, 36.956711639992044 ], [ -121.874144054330387, 36.926126430371852 ], [ -121.867368792815014, 36.919607324835376 ], [ -121.849827862418451, 36.898104549229501 ], [ -121.832607366789361, 36.871429176801897 ], [ -121.824061962202705, 36.855179045053141 ], [ -121.805216349686106, 36.823834598951308 ], [ -121.797105898136394, 36.813382638094659 ], [ -121.793382550233915, 36.805307154423431 ], [ -121.794008163267677, 36.801282756228957 ], [ -121.796655650916932, 36.797468155004168 ], [ -121.80945813553339, 36.770209037032181 ], [ -121.816561241908232, 36.747062041591867 ], [ -121.816309411961768, 36.738978838942586 ], [ -121.813005650220518, 36.722369940980961 ], [ -121.813081898242146, 36.7143744736332 ], [ -121.814737435912562, 36.697021713836392 ], [ -121.818781075724701, 36.68105747880017 ], [ -121.822992594245292, 36.669434295839444 ], [ -121.834719283523356, 36.646161232932975 ], [ -121.847132671694993, 36.628053188531396 ], [ -121.856433196582671, 36.618161860109787 ], [ -121.867213888369577, 36.60972772386242 ], [ -121.880314019249681, 36.603689178215824 ], [ -121.885456439327882, 36.605287509937327 ], [ -121.893025128454212, 36.610860682238531 ], [ -121.894711318453275, 36.614919444147823 ], [ -121.900723561955147, 36.621762883330938 ], [ -121.909627428436522, 36.624494156893178 ], [ -121.913144737469523, 36.627542042069102 ], [ -121.918134571061032, 36.629819373143114 ], [ -121.918806012633738, 36.633691215720376 ], [ -121.926176340799657, 36.640038748251825 ], [ -121.931334024892934, 36.641808732708633 ], [ -121.936819771466602, 36.641705737478041 ], [ -121.941206832953412, 36.64035536115513 ], [ -121.943167629071155, 36.635949473520405 ], [ -121.943938163774163, 36.627740408798346 ], [ -121.945486959642409, 36.62376938858803 ], [ -121.951430439328902, 36.617715587400809 ], [ -121.951727965872053, 36.613748382139541 ], [ -121.955275762136409, 36.612680290188109 ], [ -121.959517893083159, 36.615766319901851 ], [ -121.963126722852721, 36.614202327453654 ], [ -121.965636791057904, 36.60192306851404 ], [ -121.968429231160698, 36.598817970446213 ], [ -121.969153959016452, 36.58743514726924 ], [ -121.973777539886555, 36.586420463383114 ], [ -121.982948390719741, 36.582735551815858 ], [ -121.981269832109163, 36.57934816890652 ], [ -121.974891365126297, 36.573130332720417 ], [ -121.972953398239426, 36.569792538617655 ], [ -121.963996120188597, 36.56609615983718 ], [ -121.95618328858248, 36.561541491910496 ], [ -121.951773320355016, 36.560057597681499 ], [ -121.948210272324886, 36.561800873784236 ], [ -121.943258605563926, 36.561446106365956 ], [ -121.938581597497759, 36.559809626460584 ], [ -121.936468147436244, 36.556166659338651 ], [ -121.93456829576715, 36.548236057257782 ], [ -121.937902444921207, 36.545439945661712 ], [ -121.93494207387667, 36.538298967968693 ], [ -121.930471059733904, 36.535479953110013 ], [ -121.928189757802912, 36.531844613230831 ], [ -121.928067649152112, 36.527392948628659 ], [ -121.930173422106364, 36.524963038985184 ], [ -121.935338714754565, 36.524955421578149 ], [ -121.93936716692842, 36.52258273621068 ], [ -121.944318830449333, 36.5228345127951 ], [ -121.948507537460131, 36.52453584346231 ], [ -121.952795415545651, 36.524345122294562 ], [ -121.956106679154018, 36.522197498731288 ], [ -121.955404719309271, 36.518493500797092 ], [ -121.951299930682708, 36.515746964019115 ], [ -121.948278550548096, 36.512229876110631 ], [ -121.944242437199946, 36.5104598816094 ], [ -121.940923469118871, 36.502937439606917 ], [ -121.940801381128622, 36.499305912262322 ], [ -121.944654406886812, 36.496685248623216 ], [ -121.94727148984272, 36.489673903118508 ], [ -121.942213132479964, 36.481930119197195 ], [ -121.940641474308833, 36.478336700316461 ], [ -121.940458424961676, 36.474178715281468 ], [ -121.938512913877545, 36.47057003627917 ], [ -121.93118090135178, 36.464134672625391 ], [ -121.929647399215639, 36.460194118387207 ], [ -121.930372276517161, 36.456371826297328 ], [ -121.932485753743322, 36.452469431140031 ], [ -121.932142486503011, 36.448071121095062 ], [ -121.927976733812187, 36.445286400718359 ], [ -121.923399051906941, 36.437931709187701 ], [ -121.918386545132066, 36.426583059931637 ], [ -121.919042822643803, 36.418564634950343 ], [ -121.91795191344886, 36.410282991072414 ], [ -121.915624927810043, 36.40661708762029 ], [ -121.915823360619299, 36.402737573145956 ], [ -121.908735505215901, 36.397164316071475 ], [ -121.906591634281966, 36.393441192486918 ], [ -121.907080000972698, 36.389184026853052 ], [ -121.905638062747286, 36.385190064729613 ], [ -121.905592350179148, 36.381184664683822 ], [ -121.908331449247441, 36.377701886530815 ], [ -121.908621442077092, 36.373604936181266 ], [ -121.906126604239901, 36.370198427582032 ], [ -121.906958296387117, 36.366437170317141 ], [ -121.909766059304886, 36.363038315783228 ], [ -121.908827681466448, 36.358842178375006 ], [ -121.904433125339963, 36.351739248156989 ], [ -121.901434728904633, 36.348634094789389 ], [ -121.897475073482866, 36.341039073360768 ], [ -121.896643517861946, 36.336553020780443 ], [ -121.896880101532318, 36.332635359004975 ], [ -121.899031716451375, 36.329091544562822 ], [ -121.898719095664973, 36.31735762759385 ], [ -121.904296548506721, 36.305455897797586 ], [ -121.901023483901184, 36.302747466268414 ], [ -121.89159332785907, 36.299188329132711 ], [ -121.887778561282218, 36.296518040437924 ], [ -121.879256446935827, 36.286393863481031 ], [ -121.870390890193718, 36.28286524373771 ], [ -121.863608260563325, 36.277131756855077 ], [ -121.855063166393236, 36.272832573892565 ], [ -121.846701288979034, 36.262895309240974 ], [ -121.842329655345324, 36.255590189525236 ], [ -121.839644134828717, 36.248574993461169 ], [ -121.831236298139558, 36.243730305041105 ], [ -121.827925043415988, 36.240701433108121 ], [ -121.810735519506167, 36.231710135325201 ], [ -121.805730494172522, 36.231126457410497 ], [ -121.795567853175768, 36.231469711649552 ], [ -121.787762754948687, 36.226422845153962 ], [ -121.778248627256929, 36.224046239378495 ], [ -121.765766574053416, 36.216466394787091 ], [ -121.761303249229741, 36.214593358628647 ], [ -121.754314517867698, 36.208745411919544 ], [ -121.748851635645067, 36.208176984460003 ], [ -121.744472078576777, 36.206605300693624 ], [ -121.740741059575498, 36.202943178279142 ], [ -121.723680626742222, 36.195744731379932 ], [ -121.719354479398419, 36.193295668487401 ], [ -121.716302522504705, 36.190072235935979 ], [ -121.712220531987455, 36.187546880211471 ], [ -121.705765644825917, 36.180985568180972 ], [ -121.700501020254009, 36.173806285970841 ], [ -121.69693786311241, 36.171029162665768 ], [ -121.693069510972933, 36.168278738597962 ], [ -121.683547415833502, 36.164467776477899 ], [ -121.67959513591903, 36.161934786658989 ], [ -121.674338145300908, 36.155064484879929 ], [ -121.663854687233069, 36.146157083972497 ], [ -121.646511971400642, 36.125816979029175 ], [ -121.638416671825496, 36.120430546806247 ], [ -121.634761962615755, 36.112389136990451 ], [ -121.626941343059855, 36.101498101647628 ], [ -121.623492642631263, 36.09367412659163 ], [ -121.621562288106531, 36.085346628979543 ], [ -121.612429334892155, 36.075245207337964 ], [ -121.610262453119716, 36.071792881774492 ], [ -121.597436643542224, 36.064106106807756 ], [ -121.596086159802127, 36.059719188982321 ], [ -121.596017497353657, 36.051818952780266 ], [ -121.594407597746724, 36.048179711165602 ], [ -121.588006142748071, 36.041736601865864 ], [ -121.583115403768915, 36.034412315744397 ], [ -121.579979536311171, 36.02615726585806 ], [ -121.577888956134217, 36.022811745944367 ], [ -121.574302922057413, 36.019599718533641 ], [ -121.569931011153727, 36.017162062912078 ], [ -121.554633128781347, 36.016890997967657 ], [ -121.549574528541868, 36.015952508177918 ], [ -121.540571291490608, 36.012469554075736 ], [ -121.535650028302157, 36.01214904710929 ], [ -121.53099581271988, 36.01052772990549 ], [ -121.522892903847321, 36.005682935828673 ], [ -121.513294536978762, 36.003683887552569 ], [ -121.505702819134683, 35.997988459505088 ], [ -121.495562739014076, 35.983710391913384 ], [ -121.48977932491762, 35.971351148238035 ], [ -121.486315335982866, 35.954273144802819 ], [ -121.479623963827109, 35.938011536893711 ], [ -121.47934927269101, 35.933678123748741 ], [ -121.47532072594737, 35.9260413227871 ], [ -121.476846657601357, 35.921719313425093 ], [ -121.474626382874106, 35.918339598144875 ], [ -121.475244375605158, 35.914490622600269 ], [ -121.468400453225513, 35.907777013166232 ], [ -121.465829166424044, 35.894811128080804 ], [ -121.466187745838937, 35.890595951518698 ], [ -121.460846884524287, 35.883523723084657 ], [ -121.453026357326166, 35.87745097016024 ], [ -121.447120893746359, 35.870176565264252 ], [ -121.438751028439, 35.864923957182391 ], [ -121.424513875304967, 35.858260027019888 ], [ -121.41953163927522, 35.856940245933643 ], [ -121.415274224964591, 35.854456984585433 ], [ -121.412466459324904, 35.850852191314445 ], [ -121.408231910172162, 35.84278046787032 ], [ -121.40510369485321, 35.839133714734608 ], [ -121.398183480163624, 35.832854911178266 ], [ -121.387204203341099, 35.818843861772017 ], [ -121.381947297640295, 35.817680469234993 ], [ -121.378872492672954, 35.814384652047387 ], [ -121.377338895034356, 35.810360212510275 ], [ -121.368122143968989, 35.808433940176101 ], [ -121.359416574072583, 35.803524594269597 ], [ -121.337435173526046, 35.784142578143459 ], [ -121.334734225197209, 35.780324130571422 ], [ -121.330904055498564, 35.772103568985976 ], [ -121.329393311197734, 35.759042164491007 ], [ -121.322778288572778, 35.752381822570229 ], [ -121.323167368578154, 35.747979712143582 ], [ -121.320977519551477, 35.740037679619192 ], [ -121.322511042633906, 35.73592931077075 ], [ -121.321557264874642, 35.731687454350059 ], [ -121.322320181760247, 35.727491356788754 ], [ -121.320496559045267, 35.719389105373004 ], [ -121.323037211628389, 35.715482902975815 ], [ -121.320473563650495, 35.711729333430142 ], [ -121.312714031374398, 35.706144789750368 ], [ -121.309593413381705, 35.702463701886465 ], [ -121.30723570765339, 35.694205052318416 ], [ -121.299857654290207, 35.687842316483739 ], [ -121.294333701531144, 35.686709419926878 ], [ -121.292052357775489, 35.683081726894862 ], [ -121.292006521376635, 35.678813156471634 ], [ -121.289763319489666, 35.67465904362097 ], [ -121.288824801842736, 35.670314187891826 ], [ -121.289190969434586, 35.665866326127869 ], [ -121.287123260631859, 35.662341624944474 ], [ -121.282751435743904, 35.663783591324652 ], [ -121.277143579439397, 35.664298612863483 ], [ -121.266835748666921, 35.660987597680474 ], [ -121.261555955771698, 35.660316265722862 ], [ -121.246860887657746, 35.649124229444276 ], [ -121.242008306995729, 35.647071969840766 ], [ -121.23675900213405, 35.646972803478796 ], [ -121.232303175115248, 35.645168493912884 ], [ -121.221682498181295, 35.645698756459993 ], [ -121.217249556284614, 35.643471022451529 ], [ -121.211771276260109, 35.636616140774954 ], [ -121.206453314467808, 35.637329491419202 ], [ -121.201913566656273, 35.635895201305786 ], [ -121.193436806556875, 35.631332922079174 ], [ -121.186829473515644, 35.637676675436282 ], [ -121.181816691329914, 35.637348630310214 ], [ -121.172500662016461, 35.633377621376532 ], [ -121.168548398491069, 35.630844715025503 ], [ -121.162352934110643, 35.62452006849206 ], [ -121.142881434770231, 35.599408383999041 ], [ -121.130162491617455, 35.591329021780567 ], [ -121.126492478530423, 35.582761362852494 ], [ -121.119282218568699, 35.571328922443719 ], [ -121.113750560282455, 35.564634253269809 ], [ -121.108562195541154, 35.552713534047896 ], [ -121.099917551857459, 35.541674003615796 ], [ -121.089632521644901, 35.531836086640695 ], [ -121.081293126870619, 35.526320145453624 ], [ -121.064927118345793, 35.509497646296644 ], [ -121.053436609420999, 35.500556169910105 ], [ -121.043586508086463, 35.490817409196524 ], [ -121.039863160045428, 35.487723741623434 ], [ -121.035277657709273, 35.485991903756535 ], [ -121.027899635881212, 35.480311915358349 ], [ -121.011983842143735, 35.463275748089075 ], [ -121.007955309126459, 35.460140118644539 ], [ -121.003598703058742, 35.458080219544193 ], [ -120.998341786677159, 35.457511842237146 ], [ -120.993092499000596, 35.458007745023991 ], [ -120.983478955429462, 35.454181652835643 ], [ -120.978077071302906, 35.454368568997346 ], [ -120.973079569246465, 35.455482444551713 ], [ -120.968089689532533, 35.454791992071534 ], [ -120.951693257524937, 35.443969828908969 ], [ -120.936342135744241, 35.439140474326337 ], [ -120.926492099488627, 35.441143160141166 ], [ -120.910431422313749, 35.44233332268935 ], [ -120.905823036434967, 35.440708278275252 ], [ -120.890563487384227, 35.427814740207502 ], [ -120.879744483516333, 35.413097793946676 ], [ -120.872603047013968, 35.391956967155643 ], [ -120.871313633997758, 35.378434012362206 ], [ -120.871748544926319, 35.365292526063591 ], [ -120.870176833331072, 35.352223513615769 ], [ -120.871992726317657, 35.339314724924897 ], [ -120.88020996954495, 35.314408867628096 ], [ -120.894149478785408, 35.281919509151507 ], [ -120.896911434366018, 35.27785691420469 ], [ -120.90059658406409, 35.274809021142779 ], [ -120.900726287742728, 35.270773118914057 ], [ -120.899612348993969, 35.266371004809741 ], [ -120.903007564912301, 35.258283955341625 ], [ -120.902038590730655, 35.253919988342432 ], [ -120.899337675113529, 35.250200689629629 ], [ -120.899276651381541, 35.246286830524134 ], [ -120.896682567794272, 35.242571321385469 ], [ -120.88920548924159, 35.236174069316881 ], [ -120.887290451445907, 35.232283087168398 ], [ -120.879553963383046, 35.22688146306848 ], [ -120.876341878849729, 35.223127802035684 ], [ -120.865400938343853, 35.214834631540846 ], [ -120.863852129887292, 35.210993239973405 ], [ -120.860388266867815, 35.20770115226486 ], [ -120.842489063213947, 35.198995953884875 ], [ -120.833753101017649, 35.193876602737724 ], [ -120.830594430726009, 35.190573070081903 ], [ -120.815075678861234, 35.186163210055192 ], [ -120.796634798703678, 35.176725576381969 ], [ -120.791210098379736, 35.176214377460205 ], [ -120.780688840681947, 35.166593678878733 ], [ -120.766940220525242, 35.158895559679578 ], [ -120.756785137219637, 35.156797420411436 ], [ -120.75236757207901, 35.154710759449095 ], [ -120.749742940886762, 35.156484584106387 ], [ -120.751162033643311, 35.160432783918623 ], [ -120.746103466426092, 35.167856175881028 ], [ -120.742219913332022, 35.170873601327798 ], [ -120.737054586585373, 35.171682325175105 ], [ -120.721406035038171, 35.171438216297283 ], [ -120.712502187986757, 35.167375595940072 ], [ -120.707069835121786, 35.166551635829265 ], [ -120.691848644788948, 35.155019886613715 ], [ -120.68711823775871, 35.152826456814758 ], [ -120.681777452164596, 35.150751284303659 ], [ -120.661642662924081, 35.146120317366744 ], [ -120.652967715775162, 35.141023932526082 ], [ -120.649786150251714, 35.13781961329498 ], [ -120.641317298711883, 35.121794185835689 ], [ -120.637708585156687, 35.104956221505155 ], [ -120.637060247689902, 35.082850181162648 ], [ -120.638304113497668, 35.056906568409538 ], [ -120.643904666524108, 35.017275869885701 ], [ -120.647414478103883, 35.000868924100729 ], [ -120.654777041098399, 34.976531562421158 ], [ -120.656730226912671, 34.972350722385592 ], [ -120.666435044923688, 34.938194527530541 ], [ -120.670158300622248, 34.92966119511587 ], [ -120.668639963897107, 34.925404085057146 ], [ -120.669181650818629, 34.921169850985628 ], [ -120.673561016010112, 34.904293937675646 ], [ -120.672187649246695, 34.900994296648577 ], [ -120.667953144128049, 34.898575848117588 ], [ -120.652380895807241, 34.898667480133362 ], [ -120.647749649051292, 34.89684792860178 ], [ -120.645361527560283, 34.892926507368266 ], [ -120.644201788046871, 34.888577841684594 ], [ -120.643888925617574, 34.880178040721859 ], [ -120.631063336387513, 34.872537409305032 ], [ -120.623067363607191, 34.866159393229061 ], [ -120.618916760858852, 34.858575936196225 ], [ -120.617558649822371, 34.854223454064211 ], [ -120.616887213858575, 34.850038812279891 ], [ -120.618550425515878, 34.837107223191175 ], [ -120.62453959538631, 34.807021247029809 ], [ -120.63000238279308, 34.790477198081234 ], [ -120.640157416677667, 34.769489100639596 ], [ -120.642194505447037, 34.761203730583546 ], [ -120.644048503567205, 34.757213628471632 ], [ -120.643590699527053, 34.753105279421746 ], [ -120.639653755819865, 34.750332057839245 ], [ -120.637570825287639, 34.746998080080317 ], [ -120.635258974080571, 34.738922521605403 ], [ -120.632016324676272, 34.734982019442761 ], [ -120.620068161074371, 34.727627442133304 ], [ -120.613468398514982, 34.716153051215471 ], [ -120.610904773266824, 34.708508538428582 ], [ -120.610225680496526, 34.700082023309818 ], [ -120.611667643831495, 34.691472403739461 ], [ -120.620990969689984, 34.663156411167904 ] ] } },
{ "type": "Feature", "properties": { "year": 1992 }, "geometry": { "type": "LineString", "coordinates": [ [ -122.373376707782072, 37.1728626347155 ], [ -122.367646846422616, 37.165740740903232 ], [ -122.366059899727972, 37.161449305169342 ], [ -122.364709506146369, 37.153186870396269 ], [ -122.365480143158834, 37.148582649707791 ], [ -122.362222279170567, 37.145931485514701 ], [ -122.34774877447127, 37.140220958467623 ], [ -122.340615060809185, 37.133484341772395 ], [ -122.340172576737785, 37.129196729776851 ], [ -122.342331857027972, 37.120816063572434 ], [ -122.342156411069396, 37.116661963637881 ], [ -122.339531828377019, 37.113003751753268 ], [ -122.335503370507325, 37.110669200660368 ], [ -122.330162597500333, 37.109238704745948 ], [ -122.315536425492496, 37.113930601356948 ], [ -122.310226156719693, 37.113953467246525 ], [ -122.300979009098228, 37.109852738719717 ], [ -122.292784781605064, 37.104039262859089 ], [ -122.282408510460485, 37.094460776631706 ], [ -122.277105971954356, 37.086370003966806 ], [ -122.265341170282696, 37.072175864177773 ], [ -122.254453805137885, 37.057298922913439 ], [ -122.250455889666526, 37.054613440007984 ], [ -122.236905767533543, 37.041201302880296 ], [ -122.233998912356526, 37.037443921908498 ], [ -122.227712216982596, 37.025897132516405 ], [ -122.223737201338906, 37.022723379796588 ], [ -122.218655867379908, 37.020785551770409 ], [ -122.214467216258029, 37.018012329857918 ], [ -122.207943941382908, 37.011210888712938 ], [ -122.198612924060711, 37.006301476157979 ], [ -122.190502661695021, 37.000888539174525 ], [ -122.183101851937835, 36.994953003180086 ], [ -122.174671020919533, 36.989746053086044 ], [ -122.17103926502412, 36.986114546885112 ], [ -122.162249849992264, 36.982246520949793 ], [ -122.155955303200088, 36.974933924484766 ], [ -122.146181666642121, 36.971939440534825 ], [ -122.133508701507424, 36.963596890131186 ], [ -122.118417161145942, 36.958653138923573 ], [ -122.109627732293944, 36.954109937960318 ], [ -122.08976000740968, 36.948693170638954 ], [ -122.079665934223598, 36.947262675515141 ], [ -122.069709179378236, 36.944416968707344 ], [ -122.06424632961982, 36.944119418183313 ], [ -122.048285063031045, 36.945126432526472 ], [ -122.032499258910249, 36.944336776496691 ], [ -122.022069531458399, 36.947510487807428 ], [ -122.014554370915633, 36.953308639700722 ], [ -122.009228866208488, 36.953896072668499 ], [ -121.97813765745984, 36.947644054285995 ], [ -121.973315655362754, 36.947361797151935 ], [ -121.968882793366035, 36.949177560420054 ], [ -121.9503121012431, 36.959587653324085 ], [ -121.940591838993939, 36.963192484295746 ], [ -121.935441765706997, 36.963902022196201 ], [ -121.925027149880748, 36.963005644009975 ], [ -121.92016698547161, 36.961483646636601 ], [ -121.911041762270429, 36.956711639992044 ], [ -121.874144054330387, 36.926126430371852 ], [ -121.867368792815014, 36.919607324835376 ], [ -121.849827862418451, 36.898104549229501 ], [ -121.832607366789361, 36.871429176801897 ], [ -121.824061962202705, 36.855179045053141 ], [ -121.805216349686106, 36.823834598951308 ], [ -121.797105898136394, 36.813382638094659 ], [ -121.793382550233915, 36.805307154423431 ], [ -121.794008163267677, 36.801282756228957 ], [ -121.796655650916932, 36.797468155004168 ], [ -121.80945813553339, 36.770209037032181 ], [ -121.816561241908232, 36.747062041591867 ], [ -121.816309411961768, 36.738978838942586 ], [ -121.813005650220518, 36.722369940980961 ], [ -121.813081898242146, 36.7143744736332 ], [ -121.814737435912562, 36.697021713836392 ], [ -121.818781075724701, 36.68105747880017 ], [ -121.822992594245292, 36.669434295839444 ], [ -121.834719283523356, 36.646161232932975 ], [ -121.847132671694993, 36.628053188531396 ], [ -121.856433196582671, 36.618161860109787 ], [ -121.867213888369577, 36.60972772386242 ], [ -121.880314019249681, 36.603689178215824 ], [ -121.885456439327882, 36.605287509937327 ], [ -121.893025128454212, 36.610860682238531 ], [ -121.894711318453275, 36.614919444147823 ], [ -121.900723561955147, 36.621762883330938 ], [ -121.909627428436522, 36.624494156893178 ], [ -121.913144737469523, 36.627542042069102 ], [ -121.918134571061032, 36.629819373143114 ], [ -121.918806012633738, 36.633691215720376 ], [ -121.926176340799657, 36.640038748251825 ], [ -121.931334024892934, 36.641808732708633 ], [ -121.936819771466602, 36.641705737478041 ], [ -121.941206832953412, 36.64035536115513 ], [ -121.943167629071155, 36.635949473520405 ], [ -121.943938163774163, 36.627740408798346 ], [ -121.945486959642409, 36.62376938858803 ], [ -121.951430439328902, 36.617715587400809 ], [ -121.951727965872053, 36.613748382139541 ], [ -121.955275762136409, 36.612680290188109 ], [ -121.959517893083159, 36.615766319901851 ], [ -121.963126722852721, 36.614202327453654 ], [ -121.965636791057904, 36.60192306851404 ], [ -121.968429231160698, 36.598817970446213 ], [ -121.969153959016452, 36.58743514726924 ], [ -121.973777539886555, 36.586420463383114 ], [ -121.982948390719741, 36.582735551815858 ], [ -121.981269832109163, 36.57934816890652 ], [ -121.974891365126297, 36.573130332720417 ], [ -121.972953398239426, 36.569792538617655 ], [ -121.963996120188597, 36.56609615983718 ], [ -121.95618328858248, 36.561541491910496 ], [ -121.951773320355016, 36.560057597681499 ], [ -121.948210272324886, 36.561800873784236 ], [ -121.943258605563926, 36.561446106365956 ], [ -121.938581597497759, 36.559809626460584 ], [ -121.936468147436244, 36.556166659338651 ], [ -121.93456829576715, 36.548236057257782 ], [ -121.937902444921207, 36.545439945661712 ], [ -121.93494207387667, 36.538298967968693 ], [ -121.930471059733904, 36.535479953110013 ], [ -121.928189757802912, 36.531844613230831 ], [ -121.928067649152112, 36.527392948628659 ], [ -121.930173422106364, 36.524963038985184 ], [ -121.935338714754565, 36.524955421578149 ], [ -121.93936716692842, 36.52258273621068 ], [ -121.944318830449333, 36.5228345127951 ], [ -121.948507537460131, 36.52453584346231 ], [ -121.952795415545651, 36.524345122294562 ], [ -121.956106679154018, 36.522197498731288 ], [ -121.955404719309271, 36.518493500797092 ], [ -121.951299930682708, 36.515746964019115 ], [ -121.948278550548096, 36.512229876110631 ], [ -121.944242437199946, 36.5104598816094 ], [ -121.940923469118871, 36.502937439606917 ], [ -121.940801381128622, 36.499305912262322 ], [ -121.944654406886812, 36.496685248623216 ], [ -121.94727148984272, 36.489673903118508 ], [ -121.942213132479964, 36.481930119197195 ], [ -121.940641474308833, 36.478336700316461 ], [ -121.940458424961676, 36.474178715281468 ], [ -121.938512913877545, 36.47057003627917 ], [ -121.93118090135178, 36.464134672625391 ], [ -121.929647399215639, 36.460194118387207 ], [ -121.930372276517161, 36.456371826297328 ], [ -121.932485753743322, 36.452469431140031 ], [ -121.932142486503011, 36.448071121095062 ], [ -121.927976733812187, 36.445286400718359 ], [ -121.923399051906941, 36.437931709187701 ], [ -121.918386545132066, 36.426583059931637 ], [ -121.919042822643803, 36.418564634950343 ], [ -121.91795191344886, 36.410282991072414 ], [ -121.915624927810043, 36.40661708762029 ], [ -121.915823360619299, 36.402737573145956 ], [ -121.908735505215901, 36.397164316071475 ], [ -121.906591634281966, 36.393441192486918 ], [ -121.907080000972698, 36.389184026853052 ], [ -121.905638062747286, 36.385190064729613 ], [ -121.905592350179148, 36.381184664683822 ], [ -121.908331449247441, 36.377701886530815 ], [ -121.908621442077092, 36.373604936181266 ], [ -121.906126604239901, 36.370198427582032 ], [ -121.906958296387117, 36.366437170317141 ], [ -121.909766059304886, 36.363038315783228 ], [ -121.908827681466448, 36.358842178375006 ], [ -121.904433125339963, 36.351739248156989 ], [ -121.901434728904633, 36.348634094789389 ], [ -121.897475073482866, 36.341039073360768 ], [ -121.896643517861946, 36.336553020780443 ], [ -121.896880101532318, 36.332635359004975 ], [ -121.899031716451375, 36.329091544562822 ], [ -121.898719095664973, 36.31735762759385 ], [ -121.904296548506721, 36.305455897797586 ], [ -121.901023483901184, 36.302747466268414 ], [ -121.89159332785907, 36.299188329132711 ], [ -121.887778561282218, 36.296518040437924 ], [ -121.879256446935827, 36.286393863481031 ], [ -121.870390890193718, 36.28286524373771 ], [ -121.863608260563325, 36.277131756855077 ], [ -121.855063166393236, 36.272832573892565 ], [ -121.846701288979034, 36.262895309240974 ], [ -121.842329655345324, 36.255590189525236 ], [ -121.839644134828717, 36.248574993461169 ], [ -121.831236298139558, 36.243730305041105 ], [ -121.827925043415988, 36.240701433108121 ], [ -121.810735519506167, 36.231710135325201 ], [ -121.805730494172522, 36.231126457410497 ], [ -121.795567853175768, 36.231469711649552 ], [ -121.787762754948687, 36.226422845153962 ], [ -121.778248627256929, 36.224046239378495 ], [ -121.765766574053416, 36.216466394787091 ], [ -121.761303249229741, 36.214593358628647 ], [ -121.754314517867698, 36.208745411919544 ], [ -121.748851635645067, 36.208176984460003 ], [ -121.744472078576777, 36.206605300693624 ], [ -121.740741059575498, 36.202943178279142 ], [ -121.723680626742222, 36.195744731379932 ], [ -121.719354479398419, 36.193295668487401 ], [ -121.716302522504705, 36.190072235935979 ], [ -121.712220531987455, 36.187546880211471 ], [ -121.705765644825917, 36.180985568180972 ], [ -121.700501020254009, 36.173806285970841 ], [ -121.69693786311241, 36.171029162665768 ], [ -121.693069510972933, 36.168278738597962 ], [ -121.683547415833502, 36.164467776477899 ], [ -121.67959513591903, 36.161934786658989 ], [ -121.674338145300908, 36.155064484879929 ], [ -121.663854687233069, 36.146157083972497 ], [ -121.646511971400642, 36.125816979029175 ], [ -121.638416671825496, 36.120430546806247 ], [ -121.634761962615755, 36.112389136990451 ], [ -121.626941343059855, 36.101498101647628 ], [ -121.623492642631263, 36.09367412659163 ], [ -121.621562288106531, 36.085346628979543 ], [ -121.612429334892155, 36.075245207337964 ], [ -121.610262453119716, 36.071792881774492 ], [ -121.597436643542224, 36.064106106807756 ], [ -121.596086159802127, 36.059719188982321 ], [ -121.596017497353657, 36.051818952780266 ], [ -121.594407597746724, 36.048179711165602 ], [ -121.588006142748071, 36.041736601865864 ], [ -121.583115403768915, 36.034412315744397 ], [ -121.579979536311171, 36.02615726585806 ], [ -121.577888956134217, 36.022811745944367 ], [ -121.574302922057413, 36.019599718533641 ], [ -121.569931011153727, 36.017162062912078 ], [ -121.554633128781347, 36.016890997967657 ], [ -121.549574528541868, 36.015952508177918 ], [ -121.540571291490608, 36.012469554075736 ], [ -121.535650028302157, 36.01214904710929 ], [ -121.53099581271988, 36.01052772990549 ], [ -121.522892903847321, 36.005682935828673 ], [ -121.513294536978762, 36.003683887552569 ], [ -121.505702819134683, 35.997988459505088 ], [ -121.495562739014076, 35.983710391913384 ], [ -121.48977932491762, 35.971351148238035 ], [ -121.486315335982866, 35.954273144802819 ], [ -121.479623963827109, 35.938011536893711 ], [ -121.47934927269101, 35.933678123748741 ], [ -121.47532072594737, 35.9260413227871 ], [ -121.476846657601357, 35.921719313425093 ], [ -121.474626382874106, 35.918339598144875 ], [ -121.475244375605158, 35.914490622600269 ], [ -121.468400453225513, 35.907777013166232 ], [ -121.465829166424044, 35.894811128080804 ], [ -121.466187745838937, 35.890595951518698 ], [ -121.460846884524287, 35.883523723084657 ], [ -121.453026357326166, 35.87745097016024 ], [ -121.447120893746359, 35.870176565264252 ], [ -121.438751028439, 35.864923957182391 ], [ -121.424513875304967, 35.858260027019888 ], [ -121.41953163927522, 35.856940245933643 ], [ -121.415274224964591, 35.854456984585433 ], [ -121.412466459324904, 35.850852191314445 ], [ -121.408231910172162, 35.84278046787032 ], [ -121.40510369485321, 35.839133714734608 ], [ -121.398183480163624, 35.832854911178266 ], [ -121.387204203341099, 35.818843861772017 ], [ -121.381947297640295, 35.817680469234993 ], [ -121.378872492672954, 35.814384652047387 ], [ -121.377338895034356, 35.810360212510275 ], [ -121.368122143968989, 35.808433940176101 ], [ -121.359416574072583, 35.803524594269597 ], [ -121.337435173526046, 35.784142578143459 ], [ -121.334734225197209, 35.780324130571422 ], [ -121.330904055498564, 35.772103568985976 ], [ -121.329393311197734, 35.759042164491007 ], [ -121.322778288572778, 35.752381822570229 ], [ -121.323167368578154, 35.747979712143582 ], [ -121.320977519551477, 35.740037679619192 ], [ -121.322511042633906, 35.73592931077075 ], [ -121.321557264874642, 35.731687454350059 ], [ -121.322320181760247, 35.727491356788754 ], [ -121.320496559045267, 35.719389105373004 ], [ -121.323037211628389, 35.715482902975815 ], [ -121.320473563650495, 35.711729333430142 ], [ -121.312714031374398, 35.706144789750368 ], [ -121.309593413381705, 35.702463701886465 ], [ -121.30723570765339, 35.694205052318416 ], [ -121.299857654290207, 35.687842316483739 ], [ -121.294333701531144, 35.686709419926878 ], [ -121.292052357775489, 35.683081726894862 ], [ -121.292006521376635, 35.678813156471634 ], [ -121.289763319489666, 35.67465904362097 ], [ -121.288824801842736, 35.670314187891826 ], [ -121.289190969434586, 35.665866326127869 ], [ -121.287123260631859, 35.662341624944474 ], [ -121.282751435743904, 35.663783591324652 ], [ -121.277143579439397, 35.664298612863483 ], [ -121.266835748666921, 35.660987597680474 ], [ -121.261555955771698, 35.660316265722862 ], [ -121.246860887657746, 35.649124229444276 ], [ -121.242008306995729, 35.647071969840766 ], [ -121.23675900213405, 35.646972803478796 ], [ -121.232303175115248, 35.645168493912884 ], [ -121.221682498181295, 35.645698756459993 ], [ -121.217249556284614, 35.643471022451529 ], [ -121.211771276260109, 35.636616140774954 ], [ -121.206453314467808, 35.637329491419202 ], [ -121.201913566656273, 35.635895201305786 ], [ -121.193436806556875, 35.631332922079174 ], [ -121.186829473515644, 35.637676675436282 ], [ -121.181816691329914, 35.637348630310214 ], [ -121.172500662016461, 35.633377621376532 ], [ -121.168548398491069, 35.630844715025503 ], [ -121.162352934110643, 35.62452006849206 ], [ -121.142881434770231, 35.599408383999041 ], [ -121.130162491617455, 35.591329021780567 ], [ -121.126492478530423, 35.582761362852494 ], [ -121.119282218568699, 35.571328922443719 ], [ -121.113750560282455, 35.564634253269809 ], [ -121.108562195541154, 35.552713534047896 ], [ -121.099917551857459, 35.541674003615796 ], [ -121.089632521644901, 35.531836086640695 ], [ -121.081293126870619, 35.526320145453624 ], [ -121.064927118345793, 35.509497646296644 ], [ -121.053436609420999, 35.500556169910105 ], [ -121.043586508086463, 35.490817409196524 ], [ -121.039863160045428, 35.487723741623434 ], [ -121.035277657709273, 35.485991903756535 ], [ -121.027899635881212, 35.480311915358349 ], [ -121.011983842143735, 35.463275748089075 ], [ -121.007955309126459, 35.460140118644539 ], [ -121.003598703058742, 35.458080219544193 ], [ -120.998341786677159, 35.457511842237146 ], [ -120.993092499000596, 35.458007745023991 ], [ -120.983478955429462, 35.454181652835643 ], [ -120.978077071302906, 35.454368568997346 ], [ -120.973079569246465, 35.455482444551713 ], [ -120.968089689532533, 35.454791992071534 ], [ -120.951693257524937, 35.443969828908969 ], [ -120.936342135744241, 35.439140474326337 ], [ -120.926492099488627, 35.441143160141166 ], [ -120.910431422313749, 35.44233332268935 ], [ -120.905823036434967, 35.440708278275252 ], [ -120.890563487384227, 35.427814740207502 ], [ -120.879744483516333, 35.413097793946676 ], [ -120.872603047013968, 35.391956967155643 ], [ -120.871313633997758, 35.378434012362206 ], [ -120.871748544926319, 35.365292526063591 ], [ -120.870176833331072, 35.352223513615769 ], [ -120.871992726317657, 35.339314724924897 ], [ -120.88020996954495, 35.314408867628096 ], [ -120.894149478785408, 35.281919509151507 ], [ -120.896911434366018, 35.27785691420469 ], [ -120.90059658406409, 35.274809021142779 ], [ -120.900726287742728, 35.270773118914057 ], [ -120.899612348993969, 35.266371004809741 ], [ -120.903007564912301, 35.258283955341625 ], [ -120.902038590730655, 35.253919988342432 ], [ -120.899337675113529, 35.250200689629629 ], [ -120.899276651381541, 35.246286830524134 ], [ -120.896682567794272, 35.242571321385469 ], [ -120.88920548924159, 35.236174069316881 ], [ -120.887290451445907, 35.232283087168398 ], [ -120.879553963383046, 35.22688146306848 ], [ -120.876341878849729, 35.223127802035684 ], [ -120.865400938343853, 35.214834631540846 ], [ -120.863852129887292, 35.210993239973405 ], [ -120.860388266867815, 35.20770115226486 ], [ -120.842489063213947, 35.198995953884875 ], [ -120.833753101017649, 35.193876602737724 ], [ -120.830594430726009, 35.190573070081903 ], [ -120.815075678861234, 35.186163210055192 ], [ -120.796634798703678, 35.176725576381969 ], [ -120.791210098379736, 35.176214377460205 ], [ -120.780688840681947, 35.166593678878733 ], [ -120.766940220525242, 35.158895559679578 ], [ -120.756785137219637, 35.156797420411436 ], [ -120.75236757207901, 35.154710759449095 ], [ -120.749742940886762, 35.156484584106387 ], [ -120.751162033643311, 35.160432783918623 ], [ -120.746103466426092, 35.167856175881028 ], [ -120.742219913332022, 35.170873601327798 ], [ -120.737054586585373, 35.171682325175105 ], [ -120.721406035038171, 35.171438216297283 ], [ -120.712502187986757, 35.167375595940072 ], [ -120.707069835121786, 35.166551635829265 ], [ -120.691848644788948, 35.155019886613715 ], [ -120.68711823775871, 35.152826456814758 ], [ -120.681777452164596, 35.150751284303659 ], [ -120.661642662924081, 35.146120317366744 ], [ -120.652967715775162, 35.141023932526082 ], [ -120.649786150251714, 35.13781961329498 ], [ -120.641317298711883, 35.121794185835689 ], [ -120.637708585156687, 35.104956221505155 ], [ -120.637060247689902, 35.082850181162648 ], [ -120.638304113497668, 35.056906568409538 ], [ -120.643904666524108, 35.017275869885701 ], [ -120.647414478103883, 35.000868924100729 ], [ -120.654777041098399, 34.976531562421158 ], [ -120.656730226912671, 34.972350722385592 ], [ -120.666435044923688, 34.938194527530541 ], [ -120.670158300622248, 34.92966119511587 ], [ -120.668639963897107, 34.925404085057146 ], [ -120.669181650818629, 34.921169850985628 ], [ -120.673561016010112, 34.904293937675646 ], [ -120.672187649246695, 34.900994296648577 ], [ -120.667953144128049, 34.898575848117588 ], [ -120.652380895807241, 34.898667480133362 ], [ -120.647749649051292, 34.89684792860178 ], [ -120.645361527560283, 34.892926507368266 ], [ -120.644201788046871, 34.888577841684594 ], [ -120.643888925617574, 34.880178040721859 ], [ -120.631063336387513, 34.872537409305032 ], [ -120.623067363607191, 34.866159393229061 ], [ -120.618916760858852, 34.858575936196225 ], [ -120.617558649822371, 34.854223454064211 ], [ -120.616887213858575, 34.850038812279891 ], [ -120.618550425515878, 34.837107223191175 ], [ -120.62453959538631, 34.807021247029809 ], [ -120.63000238279308, 34.790477198081234 ], [ -120.640157416677667, 34.769489100639596 ], [ -120.642194505447037, 34.761203730583546 ], [ -120.644048503567205, 34.757213628471632 ], [ -120.643590699527053, 34.753105279421746 ], [ -120.639653755819865, 34.750332057839245 ], [ -120.637570825287639, 34.746998080080317 ], [ -120.635258974080571, 34.738922521605403 ], [ -120.632016324676272, 34.734982019442761 ], [ -120.620068161074371, 34.727627442133304 ], [ -120.613468398514982, 34.716153051215471 ], [ -120.610904773266824, 34.708508538428582 ], [ -120.610225680496526, 34.700082023309818 ], [ -120.611667643831495, 34.691472403739461 ], [ -120.620990969689984, 34.663156411167904 ] ] } },
{ "type": "Feature", "properties": { "year": 1993 }, "geometry": { "type": "LineString", "coordinates": [ [ -122.373376707782072, 37.1728626347155 ], [ -122.367646846422616, 37.165740740903232 ], [ -122.366059899727972, 37.161449305169342 ], [ -122.364709506146369, 37.153186870396269 ], [ -122.365480143158834, 37.148582649707791 ], [ -122.362222279170567, 37.145931485514701 ], [ -122.34774877447127, 37.140220958467623 ], [ -122.340615060809185, 37.133484341772395 ], [ -122.340172576737785, 37.129196729776851 ], [ -122.342331857027972, 37.120816063572434 ], [ -122.342156411069396, 37.116661963637881 ], [ -122.339531828377019, 37.113003751753268 ], [ -122.335503370507325, 37.110669200660368 ], [ -122.330162597500333, 37.109238704745948 ], [ -122.315536425492496, 37.113930601356948 ], [ -122.310226156719693, 37.113953467246525 ], [ -122.300979009098228, 37.109852738719717 ], [ -122.292784781605064, 37.104039262859089 ], [ -122.282408510460485, 37.094460776631706 ], [ -122.277105971954356, 37.086370003966806 ], [ -122.265341170282696, 37.072175864177773 ], [ -122.254453805137885, 37.057298922913439 ], [ -122.250455889666526, 37.054613440007984 ], [ -122.236905767533543, 37.041201302880296 ], [ -122.233998912356526, 37.037443921908498 ], [ -122.227712216982596, 37.025897132516405 ], [ -122.223737201338906, 37.022723379796588 ], [ -122.218655867379908, 37.020785551770409 ], [ -122.214467216258029, 37.018012329857918 ], [ -122.207943941382908, 37.011210888712938 ], [ -122.198612924060711, 37.006301476157979 ], [ -122.190502661695021, 37.000888539174525 ], [ -122.183101851937835, 36.994953003180086 ], [ -122.174671020919533, 36.989746053086044 ], [ -122.17103926502412, 36.986114546885112 ], [ -122.162249849992264, 36.982246520949793 ], [ -122.155955303200088, 36.974933924484766 ], [ -122.146181666642121, 36.971939440534825 ], [ -122.133508701507424, 36.963596890131186 ], [ -122.118417161145942, 36.958653138923573 ], [ -122.109627732293944, 36.954109937960318 ], [ -122.08976000740968, 36.948693170638954 ], [ -122.079665934223598, 36.947262675515141 ], [ -122.069709179378236, 36.944416968707344 ], [ -122.06424632961982, 36.944119418183313 ], [ -122.048285063031045, 36.945126432526472 ], [ -122.032499258910249, 36.944336776496691 ], [ -122.022069531458399, 36.947510487807428 ], [ -122.014554370915633, 36.953308639700722 ], [ -122.009228866208488, 36.953896072668499 ], [ -121.97813765745984, 36.947644054285995 ], [ -121.973315655362754, 36.947361797151935 ], [ -121.968882793366035, 36.949177560420054 ], [ -121.9503121012431, 36.959587653324085 ], [ -121.940591838993939, 36.963192484295746 ], [ -121.935441765706997, 36.963902022196201 ], [ -121.925027149880748, 36.963005644009975 ], [ -121.92016698547161, 36.961483646636601 ], [ -121.911041762270429, 36.956711639992044 ], [ -121.874144054330387, 36.926126430371852 ], [ -121.867368792815014, 36.919607324835376 ], [ -121.849827862418451, 36.898104549229501 ], [ -121.832607366789361, 36.871429176801897 ], [ -121.824061962202705, 36.855179045053141 ], [ -121.805216349686106, 36.823834598951308 ], [ -121.797105898136394, 36.813382638094659 ], [ -121.793382550233915, 36.805307154423431 ], [ -121.794008163267677, 36.801282756228957 ], [ -121.796655650916932, 36.797468155004168 ], [ -121.80945813553339, 36.770209037032181 ], [ -121.816561241908232, 36.747062041591867 ], [ -121.816309411961768, 36.738978838942586 ], [ -121.813005650220518, 36.722369940980961 ], [ -121.813081898242146, 36.7143744736332 ], [ -121.814737435912562, 36.697021713836392 ], [ -121.818781075724701, 36.68105747880017 ], [ -121.822992594245292, 36.669434295839444 ], [ -121.834719283523356, 36.646161232932975 ], [ -121.847132671694993, 36.628053188531396 ], [ -121.856433196582671, 36.618161860109787 ], [ -121.867213888369577, 36.60972772386242 ], [ -121.880314019249681, 36.603689178215824 ], [ -121.885456439327882, 36.605287509937327 ], [ -121.893025128454212, 36.610860682238531 ], [ -121.894711318453275, 36.614919444147823 ], [ -121.900723561955147, 36.621762883330938 ], [ -121.909627428436522, 36.624494156893178 ], [ -121.913144737469523, 36.627542042069102 ], [ -121.918134571061032, 36.629819373143114 ], [ -121.918806012633738, 36.633691215720376 ], [ -121.926176340799657, 36.640038748251825 ], [ -121.931334024892934, 36.641808732708633 ], [ -121.936819771466602, 36.641705737478041 ], [ -121.941206832953412, 36.64035536115513 ], [ -121.943167629071155, 36.635949473520405 ], [ -121.943938163774163, 36.627740408798346 ], [ -121.945486959642409, 36.62376938858803 ], [ -121.951430439328902, 36.617715587400809 ], [ -121.951727965872053, 36.613748382139541 ], [ -121.955275762136409, 36.612680290188109 ], [ -121.959517893083159, 36.615766319901851 ], [ -121.963126722852721, 36.614202327453654 ], [ -121.965636791057904, 36.60192306851404 ], [ -121.968429231160698, 36.598817970446213 ], [ -121.969153959016452, 36.58743514726924 ], [ -121.973777539886555, 36.586420463383114 ], [ -121.982948390719741, 36.582735551815858 ], [ -121.981269832109163, 36.57934816890652 ], [ -121.974891365126297, 36.573130332720417 ], [ -121.972953398239426, 36.569792538617655 ], [ -121.963996120188597, 36.56609615983718 ], [ -121.95618328858248, 36.561541491910496 ], [ -121.951773320355016, 36.560057597681499 ], [ -121.948210272324886, 36.561800873784236 ], [ -121.943258605563926, 36.561446106365956 ], [ -121.938581597497759, 36.559809626460584 ], [ -121.936468147436244, 36.556166659338651 ], [ -121.93456829576715, 36.548236057257782 ], [ -121.937902444921207, 36.545439945661712 ], [ -121.93494207387667, 36.538298967968693 ], [ -121.930471059733904, 36.535479953110013 ], [ -121.928189757802912, 36.531844613230831 ], [ -121.928067649152112, 36.527392948628659 ], [ -121.930173422106364, 36.524963038985184 ], [ -121.935338714754565, 36.524955421578149 ], [ -121.93936716692842, 36.52258273621068 ], [ -121.944318830449333, 36.5228345127951 ], [ -121.948507537460131, 36.52453584346231 ], [ -121.952795415545651, 36.524345122294562 ], [ -121.956106679154018, 36.522197498731288 ], [ -121.955404719309271, 36.518493500797092 ], [ -121.951299930682708, 36.515746964019115 ], [ -121.948278550548096, 36.512229876110631 ], [ -121.944242437199946, 36.5104598816094 ], [ -121.940923469118871, 36.502937439606917 ], [ -121.940801381128622, 36.499305912262322 ], [ -121.944654406886812, 36.496685248623216 ], [ -121.94727148984272, 36.489673903118508 ], [ -121.942213132479964, 36.481930119197195 ], [ -121.940641474308833, 36.478336700316461 ], [ -121.940458424961676, 36.474178715281468 ], [ -121.938512913877545, 36.47057003627917 ], [ -121.93118090135178, 36.464134672625391 ], [ -121.929647399215639, 36.460194118387207 ], [ -121.930372276517161, 36.456371826297328 ], [ -121.932485753743322, 36.452469431140031 ], [ -121.932142486503011, 36.448071121095062 ], [ -121.927976733812187, 36.445286400718359 ], [ -121.923399051906941, 36.437931709187701 ], [ -121.918386545132066, 36.426583059931637 ], [ -121.919042822643803, 36.418564634950343 ], [ -121.91795191344886, 36.410282991072414 ], [ -121.915624927810043, 36.40661708762029 ], [ -121.915823360619299, 36.402737573145956 ], [ -121.908735505215901, 36.397164316071475 ], [ -121.906591634281966, 36.393441192486918 ], [ -121.907080000972698, 36.389184026853052 ], [ -121.905638062747286, 36.385190064729613 ], [ -121.905592350179148, 36.381184664683822 ], [ -121.908331449247441, 36.377701886530815 ], [ -121.908621442077092, 36.373604936181266 ], [ -121.906126604239901, 36.370198427582032 ], [ -121.906958296387117, 36.366437170317141 ], [ -121.909766059304886, 36.363038315783228 ], [ -121.908827681466448, 36.358842178375006 ], [ -121.904433125339963, 36.351739248156989 ], [ -121.901434728904633, 36.348634094789389 ], [ -121.897475073482866, 36.341039073360768 ], [ -121.896643517861946, 36.336553020780443 ], [ -121.896880101532318, 36.332635359004975 ], [ -121.899031716451375, 36.329091544562822 ], [ -121.898719095664973, 36.31735762759385 ], [ -121.904296548506721, 36.305455897797586 ], [ -121.901023483901184, 36.302747466268414 ], [ -121.89159332785907, 36.299188329132711 ], [ -121.887778561282218, 36.296518040437924 ], [ -121.879256446935827, 36.286393863481031 ], [ -121.870390890193718, 36.28286524373771 ], [ -121.863608260563325, 36.277131756855077 ], [ -121.855063166393236, 36.272832573892565 ], [ -121.846701288979034, 36.262895309240974 ], [ -121.842329655345324, 36.255590189525236 ], [ -121.839644134828717, 36.248574993461169 ], [ -121.831236298139558, 36.243730305041105 ], [ -121.827925043415988, 36.240701433108121 ], [ -121.810735519506167, 36.231710135325201 ], [ -121.805730494172522, 36.231126457410497 ], [ -121.795567853175768, 36.231469711649552 ], [ -121.787762754948687, 36.226422845153962 ], [ -121.778248627256929, 36.224046239378495 ], [ -121.765766574053416, 36.216466394787091 ], [ -121.761303249229741, 36.214593358628647 ], [ -121.754314517867698, 36.208745411919544 ], [ -121.748851635645067, 36.208176984460003 ], [ -121.744472078576777, 36.206605300693624 ], [ -121.740741059575498, 36.202943178279142 ], [ -121.723680626742222, 36.195744731379932 ], [ -121.719354479398419, 36.193295668487401 ], [ -121.716302522504705, 36.190072235935979 ], [ -121.712220531987455, 36.187546880211471 ], [ -121.705765644825917, 36.180985568180972 ], [ -121.700501020254009, 36.173806285970841 ], [ -121.69693786311241, 36.171029162665768 ], [ -121.693069510972933, 36.168278738597962 ], [ -121.683547415833502, 36.164467776477899 ], [ -121.67959513591903, 36.161934786658989 ], [ -121.674338145300908, 36.155064484879929 ], [ -121.663854687233069, 36.146157083972497 ], [ -121.646511971400642, 36.125816979029175 ], [ -121.638416671825496, 36.120430546806247 ], [ -121.634761962615755, 36.112389136990451 ], [ -121.626941343059855, 36.101498101647628 ], [ -121.623492642631263, 36.09367412659163 ], [ -121.621562288106531, 36.085346628979543 ], [ -121.612429334892155, 36.075245207337964 ], [ -121.610262453119716, 36.071792881774492 ], [ -121.597436643542224, 36.064106106807756 ], [ -121.596086159802127, 36.059719188982321 ], [ -121.596017497353657, 36.051818952780266 ], [ -121.594407597746724, 36.048179711165602 ], [ -121.588006142748071, 36.041736601865864 ], [ -121.583115403768915, 36.034412315744397 ], [ -121.579979536311171, 36.02615726585806 ], [ -121.577888956134217, 36.022811745944367 ], [ -121.574302922057413, 36.019599718533641 ], [ -121.569931011153727, 36.017162062912078 ], [ -121.554633128781347, 36.016890997967657 ], [ -121.549574528541868, 36.015952508177918 ], [ -121.540571291490608, 36.012469554075736 ], [ -121.535650028302157, 36.01214904710929 ], [ -121.53099581271988, 36.01052772990549 ], [ -121.522892903847321, 36.005682935828673 ], [ -121.513294536978762, 36.003683887552569 ], [ -121.505702819134683, 35.997988459505088 ], [ -121.495562739014076, 35.983710391913384 ], [ -121.48977932491762, 35.971351148238035 ], [ -121.486315335982866, 35.954273144802819 ], [ -121.479623963827109, 35.938011536893711 ], [ -121.47934927269101, 35.933678123748741 ], [ -121.47532072594737, 35.9260413227871 ], [ -121.476846657601357, 35.921719313425093 ], [ -121.474626382874106, 35.918339598144875 ], [ -121.475244375605158, 35.914490622600269 ], [ -121.468400453225513, 35.907777013166232 ], [ -121.465829166424044, 35.894811128080804 ], [ -121.466187745838937, 35.890595951518698 ], [ -121.460846884524287, 35.883523723084657 ], [ -121.453026357326166, 35.87745097016024 ], [ -121.447120893746359, 35.870176565264252 ], [ -121.438751028439, 35.864923957182391 ], [ -121.424513875304967, 35.858260027019888 ], [ -121.41953163927522, 35.856940245933643 ], [ -121.415274224964591, 35.854456984585433 ], [ -121.412466459324904, 35.850852191314445 ], [ -121.408231910172162, 35.84278046787032 ], [ -121.40510369485321, 35.839133714734608 ], [ -121.398183480163624, 35.832854911178266 ], [ -121.387204203341099, 35.818843861772017 ], [ -121.381947297640295, 35.817680469234993 ], [ -121.378872492672954, 35.814384652047387 ], [ -121.377338895034356, 35.810360212510275 ], [ -121.368122143968989, 35.808433940176101 ], [ -121.359416574072583, 35.803524594269597 ], [ -121.337435173526046, 35.784142578143459 ], [ -121.334734225197209, 35.780324130571422 ], [ -121.330904055498564, 35.772103568985976 ], [ -121.329393311197734, 35.759042164491007 ], [ -121.322778288572778, 35.752381822570229 ], [ -121.323167368578154, 35.747979712143582 ], [ -121.320977519551477, 35.740037679619192 ], [ -121.322511042633906, 35.73592931077075 ], [ -121.321557264874642, 35.731687454350059 ], [ -121.322320181760247, 35.727491356788754 ], [ -121.320496559045267, 35.719389105373004 ], [ -121.323037211628389, 35.715482902975815 ], [ -121.320473563650495, 35.711729333430142 ], [ -121.312714031374398, 35.706144789750368 ], [ -121.309593413381705, 35.702463701886465 ], [ -121.30723570765339, 35.694205052318416 ], [ -121.299857654290207, 35.687842316483739 ], [ -121.294333701531144, 35.686709419926878 ], [ -121.292052357775489, 35.683081726894862 ], [ -121.292006521376635, 35.678813156471634 ], [ -121.289763319489666, 35.67465904362097 ], [ -121.288824801842736, 35.670314187891826 ], [ -121.289190969434586, 35.665866326127869 ], [ -121.287123260631859, 35.662341624944474 ], [ -121.282751435743904, 35.663783591324652 ], [ -121.277143579439397, 35.664298612863483 ], [ -121.266835748666921, 35.660987597680474 ], [ -121.261555955771698, 35.660316265722862 ], [ -121.246860887657746, 35.649124229444276 ], [ -121.242008306995729, 35.647071969840766 ], [ -121.23675900213405, 35.646972803478796 ], [ -121.232303175115248, 35.645168493912884 ], [ -121.221682498181295, 35.645698756459993 ], [ -121.217249556284614, 35.643471022451529 ], [ -121.211771276260109, 35.636616140774954 ], [ -121.206453314467808, 35.637329491419202 ], [ -121.201913566656273, 35.635895201305786 ], [ -121.193436806556875, 35.631332922079174 ], [ -121.186829473515644, 35.637676675436282 ], [ -121.181816691329914, 35.637348630310214 ], [ -121.172500662016461, 35.633377621376532 ], [ -121.168548398491069, 35.630844715025503 ], [ -121.162352934110643, 35.62452006849206 ], [ -121.142881434770231, 35.599408383999041 ], [ -121.130162491617455, 35.591329021780567 ], [ -121.126492478530423, 35.582761362852494 ], [ -121.119282218568699, 35.571328922443719 ], [ -121.113750560282455, 35.564634253269809 ], [ -121.108562195541154, 35.552713534047896 ], [ -121.099917551857459, 35.541674003615796 ], [ -121.089632521644901, 35.531836086640695 ], [ -121.081293126870619, 35.526320145453624 ], [ -121.064927118345793, 35.509497646296644 ], [ -121.053436609420999, 35.500556169910105 ], [ -121.043586508086463, 35.490817409196524 ], [ -121.039863160045428, 35.487723741623434 ], [ -121.035277657709273, 35.485991903756535 ], [ -121.027899635881212, 35.480311915358349 ], [ -121.011983842143735, 35.463275748089075 ], [ -121.007955309126459, 35.460140118644539 ], [ -121.003598703058742, 35.458080219544193 ], [ -120.998341786677159, 35.457511842237146 ], [ -120.993092499000596, 35.458007745023991 ], [ -120.983478955429462, 35.454181652835643 ], [ -120.978077071302906, 35.454368568997346 ], [ -120.973079569246465, 35.455482444551713 ], [ -120.968089689532533, 35.454791992071534 ], [ -120.951693257524937, 35.443969828908969 ], [ -120.936342135744241, 35.439140474326337 ], [ -120.926492099488627, 35.441143160141166 ], [ -120.910431422313749, 35.44233332268935 ], [ -120.905823036434967, 35.440708278275252 ], [ -120.890563487384227, 35.427814740207502 ], [ -120.879744483516333, 35.413097793946676 ], [ -120.872603047013968, 35.391956967155643 ], [ -120.871313633997758, 35.378434012362206 ], [ -120.871748544926319, 35.365292526063591 ], [ -120.870176833331072, 35.352223513615769 ], [ -120.871992726317657, 35.339314724924897 ], [ -120.88020996954495, 35.314408867628096 ], [ -120.894149478785408, 35.281919509151507 ], [ -120.896911434366018, 35.27785691420469 ], [ -120.90059658406409, 35.274809021142779 ], [ -120.900726287742728, 35.270773118914057 ], [ -120.899612348993969, 35.266371004809741 ], [ -120.903007564912301, 35.258283955341625 ], [ -120.902038590730655, 35.253919988342432 ], [ -120.899337675113529, 35.250200689629629 ], [ -120.899276651381541, 35.246286830524134 ], [ -120.896682567794272, 35.242571321385469 ], [ -120.88920548924159, 35.236174069316881 ], [ -120.887290451445907, 35.232283087168398 ], [ -120.879553963383046, 35.22688146306848 ], [ -120.876341878849729, 35.223127802035684 ], [ -120.865400938343853, 35.214834631540846 ], [ -120.863852129887292, 35.210993239973405 ], [ -120.860388266867815, 35.20770115226486 ], [ -120.842489063213947, 35.198995953884875 ], [ -120.833753101017649, 35.193876602737724 ], [ -120.830594430726009, 35.190573070081903 ], [ -120.815075678861234, 35.186163210055192 ], [ -120.796634798703678, 35.176725576381969 ], [ -120.791210098379736, 35.176214377460205 ], [ -120.780688840681947, 35.166593678878733 ], [ -120.766940220525242, 35.158895559679578 ], [ -120.756785137219637, 35.156797420411436 ], [ -120.75236757207901, 35.154710759449095 ], [ -120.749742940886762, 35.156484584106387 ], [ -120.751162033643311, 35.160432783918623 ], [ -120.746103466426092, 35.167856175881028 ], [ -120.742219913332022, 35.170873601327798 ], [ -120.737054586585373, 35.171682325175105 ], [ -120.721406035038171, 35.171438216297283 ], [ -120.712502187986757, 35.167375595940072 ], [ -120.707069835121786, 35.166551635829265 ], [ -120.691848644788948, 35.155019886613715 ], [ -120.68711823775871, 35.152826456814758 ], [ -120.681777452164596, 35.150751284303659 ], [ -120.661642662924081, 35.146120317366744 ], [ -120.652967715775162, 35.141023932526082 ], [ -120.649786150251714, 35.13781961329498 ], [ -120.641317298711883, 35.121794185835689 ], [ -120.637708585156687, 35.104956221505155 ], [ -120.637060247689902, 35.082850181162648 ], [ -120.638304113497668, 35.056906568409538 ], [ -120.643904666524108, 35.017275869885701 ], [ -120.647414478103883, 35.000868924100729 ], [ -120.654777041098399, 34.976531562421158 ], [ -120.656730226912671, 34.972350722385592 ], [ -120.666435044923688, 34.938194527530541 ], [ -120.670158300622248, 34.92966119511587 ], [ -120.668639963897107, 34.925404085057146 ], [ -120.669181650818629, 34.921169850985628 ], [ -120.673561016010112, 34.904293937675646 ], [ -120.672187649246695, 34.900994296648577 ], [ -120.667953144128049, 34.898575848117588 ], [ -120.652380895807241, 34.898667480133362 ], [ -120.647749649051292, 34.89684792860178 ], [ -120.645361527560283, 34.892926507368266 ], [ -120.644201788046871, 34.888577841684594 ], [ -120.643888925617574, 34.880178040721859 ], [ -120.631063336387513, 34.872537409305032 ], [ -120.623067363607191, 34.866159393229061 ], [ -120.618916760858852, 34.858575936196225 ], [ -120.617558649822371, 34.854223454064211 ], [ -120.616887213858575, 34.850038812279891 ], [ -120.618550425515878, 34.837107223191175 ], [ -120.62453959538631, 34.807021247029809 ], [ -120.63000238279308, 34.790477198081234 ], [ -120.640157416677667, 34.769489100639596 ], [ -120.642194505447037, 34.761203730583546 ], [ -120.644048503567205, 34.757213628471632 ], [ -120.643590699527053, 34.753105279421746 ], [ -120.639653755819865, 34.750332057839245 ], [ -120.637570825287639, 34.746998080080317 ], [ -120.635258974080571, 34.738922521605403 ], [ -120.632016324676272, 34.734982019442761 ], [ -120.620068161074371, 34.727627442133304 ], [ -120.613468398514982, 34.716153051215471 ], [ -120.610904773266824, 34.708508538428582 ], [ -120.610225680496526, 34.700082023309818 ], [ -120.611667643831495, 34.691472403739461 ], [ -120.617862841334869, 34.671247238270382 ], [ -120.622516885213514, 34.659124349357363 ] ] } },
{ "type": "Feature", "properties": { "year": 1994 }, "geometry": { "type": "LineString", "coordinates": [ [ -122.373376707782072, 37.1728626347155 ], [ -122.367646846422616, 37.165740740903232 ], [ -122.366059899727972, 37.161449305169342 ], [ -122.364709506146369, 37.153186870396269 ], [ -122.365480143158834, 37.148582649707791 ], [ -122.362222279170567, 37.145931485514701 ], [ -122.34774877447127, 37.140220958467623 ], [ -122.340615060809185, 37.133484341772395 ], [ -122.340172576737785, 37.129196729776851 ], [ -122.342331857027972, 37.120816063572434 ], [ -122.342156411069396, 37.116661963637881 ], [ -122.339531828377019, 37.113003751753268 ], [ -122.335503370507325, 37.110669200660368 ], [ -122.330162597500333, 37.109238704745948 ], [ -122.315536425492496, 37.113930601356948 ], [ -122.310226156719693, 37.113953467246525 ], [ -122.300979009098228, 37.109852738719717 ], [ -122.292784781605064, 37.104039262859089 ], [ -122.282408510460485, 37.094460776631706 ], [ -122.277105971954356, 37.086370003966806 ], [ -122.265341170282696, 37.072175864177773 ], [ -122.254453805137885, 37.057298922913439 ], [ -122.250455889666526, 37.054613440007984 ], [ -122.236905767533543, 37.041201302880296 ], [ -122.233998912356526, 37.037443921908498 ], [ -122.227712216982596, 37.025897132516405 ], [ -122.223737201338906, 37.022723379796588 ], [ -122.218655867379908, 37.020785551770409 ], [ -122.214467216258029, 37.018012329857918 ], [ -122.207943941382908, 37.011210888712938 ], [ -122.198612924060711, 37.006301476157979 ], [ -122.190502661695021, 37.000888539174525 ], [ -122.183101851937835, 36.994953003180086 ], [ -122.174671020919533, 36.989746053086044 ], [ -122.17103926502412, 36.986114546885112 ], [ -122.162249849992264, 36.982246520949793 ], [ -122.155955303200088, 36.974933924484766 ], [ -122.146181666642121, 36.971939440534825 ], [ -122.133508701507424, 36.963596890131186 ], [ -122.118417161145942, 36.958653138923573 ], [ -122.109627732293944, 36.954109937960318 ], [ -122.08976000740968, 36.948693170638954 ], [ -122.079665934223598, 36.947262675515141 ], [ -122.069709179378236, 36.944416968707344 ], [ -122.06424632961982, 36.944119418183313 ], [ -122.048285063031045, 36.945126432526472 ], [ -122.032499258910249, 36.944336776496691 ], [ -122.022069531458399, 36.947510487807428 ], [ -122.014554370915633, 36.953308639700722 ], [ -122.009228866208488, 36.953896072668499 ], [ -121.97813765745984, 36.947644054285995 ], [ -121.973315655362754, 36.947361797151935 ], [ -121.968882793366035, 36.949177560420054 ], [ -121.9503121012431, 36.959587653324085 ], [ -121.940591838993939, 36.963192484295746 ], [ -121.935441765706997, 36.963902022196201 ], [ -121.925027149880748, 36.963005644009975 ], [ -121.92016698547161, 36.961483646636601 ], [ -121.911041762270429, 36.956711639992044 ], [ -121.874144054330387, 36.926126430371852 ], [ -121.867368792815014, 36.919607324835376 ], [ -121.849827862418451, 36.898104549229501 ], [ -121.832607366789361, 36.871429176801897 ], [ -121.824061962202705, 36.855179045053141 ], [ -121.805216349686106, 36.823834598951308 ], [ -121.797105898136394, 36.813382638094659 ], [ -121.793382550233915, 36.805307154423431 ], [ -121.794008163267677, 36.801282756228957 ], [ -121.796655650916932, 36.797468155004168 ], [ -121.80945813553339, 36.770209037032181 ], [ -121.816561241908232, 36.747062041591867 ], [ -121.816309411961768, 36.738978838942586 ], [ -121.813005650220518, 36.722369940980961 ], [ -121.813081898242146, 36.7143744736332 ], [ -121.814737435912562, 36.697021713836392 ], [ -121.818781075724701, 36.68105747880017 ], [ -121.822992594245292, 36.669434295839444 ], [ -121.834719283523356, 36.646161232932975 ], [ -121.847132671694993, 36.628053188531396 ], [ -121.856433196582671, 36.618161860109787 ], [ -121.867213888369577, 36.60972772386242 ], [ -121.880314019249681, 36.603689178215824 ], [ -121.885456439327882, 36.605287509937327 ], [ -121.893025128454212, 36.610860682238531 ], [ -121.894711318453275, 36.614919444147823 ], [ -121.900723561955147, 36.621762883330938 ], [ -121.909627428436522, 36.624494156893178 ], [ -121.913144737469523, 36.627542042069102 ], [ -121.918134571061032, 36.629819373143114 ], [ -121.918806012633738, 36.633691215720376 ], [ -121.926176340799657, 36.640038748251825 ], [ -121.931334024892934, 36.641808732708633 ], [ -121.936819771466602, 36.641705737478041 ], [ -121.941206832953412, 36.64035536115513 ], [ -121.943167629071155, 36.635949473520405 ], [ -121.943938163774163, 36.627740408798346 ], [ -121.945486959642409, 36.62376938858803 ], [ -121.951430439328902, 36.617715587400809 ], [ -121.951727965872053, 36.613748382139541 ], [ -121.955275762136409, 36.612680290188109 ], [ -121.959517893083159, 36.615766319901851 ], [ -121.963126722852721, 36.614202327453654 ], [ -121.965636791057904, 36.60192306851404 ], [ -121.968429231160698, 36.598817970446213 ], [ -121.969153959016452, 36.58743514726924 ], [ -121.973777539886555, 36.586420463383114 ], [ -121.982948390719741, 36.582735551815858 ], [ -121.981269832109163, 36.57934816890652 ], [ -121.974891365126297, 36.573130332720417 ], [ -121.972953398239426, 36.569792538617655 ], [ -121.963996120188597, 36.56609615983718 ], [ -121.95618328858248, 36.561541491910496 ], [ -121.951773320355016, 36.560057597681499 ], [ -121.948210272324886, 36.561800873784236 ], [ -121.943258605563926, 36.561446106365956 ], [ -121.938581597497759, 36.559809626460584 ], [ -121.936468147436244, 36.556166659338651 ], [ -121.93456829576715, 36.548236057257782 ], [ -121.937902444921207, 36.545439945661712 ], [ -121.93494207387667, 36.538298967968693 ], [ -121.930471059733904, 36.535479953110013 ], [ -121.928189757802912, 36.531844613230831 ], [ -121.928067649152112, 36.527392948628659 ], [ -121.930173422106364, 36.524963038985184 ], [ -121.935338714754565, 36.524955421578149 ], [ -121.93936716692842, 36.52258273621068 ], [ -121.944318830449333, 36.5228345127951 ], [ -121.948507537460131, 36.52453584346231 ], [ -121.952795415545651, 36.524345122294562 ], [ -121.956106679154018, 36.522197498731288 ], [ -121.955404719309271, 36.518493500797092 ], [ -121.951299930682708, 36.515746964019115 ], [ -121.948278550548096, 36.512229876110631 ], [ -121.944242437199946, 36.5104598816094 ], [ -121.940923469118871, 36.502937439606917 ], [ -121.940801381128622, 36.499305912262322 ], [ -121.944654406886812, 36.496685248623216 ], [ -121.94727148984272, 36.489673903118508 ], [ -121.942213132479964, 36.481930119197195 ], [ -121.940641474308833, 36.478336700316461 ], [ -121.940458424961676, 36.474178715281468 ], [ -121.938512913877545, 36.47057003627917 ], [ -121.93118090135178, 36.464134672625391 ], [ -121.929647399215639, 36.460194118387207 ], [ -121.930372276517161, 36.456371826297328 ], [ -121.932485753743322, 36.452469431140031 ], [ -121.932142486503011, 36.448071121095062 ], [ -121.927976733812187, 36.445286400718359 ], [ -121.923399051906941, 36.437931709187701 ], [ -121.918386545132066, 36.426583059931637 ], [ -121.919042822643803, 36.418564634950343 ], [ -121.91795191344886, 36.410282991072414 ], [ -121.915624927810043, 36.40661708762029 ], [ -121.915823360619299, 36.402737573145956 ], [ -121.908735505215901, 36.397164316071475 ], [ -121.906591634281966, 36.393441192486918 ], [ -121.907080000972698, 36.389184026853052 ], [ -121.905638062747286, 36.385190064729613 ], [ -121.905592350179148, 36.381184664683822 ], [ -121.908331449247441, 36.377701886530815 ], [ -121.908621442077092, 36.373604936181266 ], [ -121.906126604239901, 36.370198427582032 ], [ -121.906958296387117, 36.366437170317141 ], [ -121.909766059304886, 36.363038315783228 ], [ -121.908827681466448, 36.358842178375006 ], [ -121.904433125339963, 36.351739248156989 ], [ -121.901434728904633, 36.348634094789389 ], [ -121.897475073482866, 36.341039073360768 ], [ -121.896643517861946, 36.336553020780443 ], [ -121.896880101532318, 36.332635359004975 ], [ -121.899031716451375, 36.329091544562822 ], [ -121.898719095664973, 36.31735762759385 ], [ -121.904296548506721, 36.305455897797586 ], [ -121.901023483901184, 36.302747466268414 ], [ -121.89159332785907, 36.299188329132711 ], [ -121.887778561282218, 36.296518040437924 ], [ -121.879256446935827, 36.286393863481031 ], [ -121.870390890193718, 36.28286524373771 ], [ -121.863608260563325, 36.277131756855077 ], [ -121.855063166393236, 36.272832573892565 ], [ -121.846701288979034, 36.262895309240974 ], [ -121.842329655345324, 36.255590189525236 ], [ -121.839644134828717, 36.248574993461169 ], [ -121.831236298139558, 36.243730305041105 ], [ -121.827925043415988, 36.240701433108121 ], [ -121.810735519506167, 36.231710135325201 ], [ -121.805730494172522, 36.231126457410497 ], [ -121.795567853175768, 36.231469711649552 ], [ -121.787762754948687, 36.226422845153962 ], [ -121.778248627256929, 36.224046239378495 ], [ -121.765766574053416, 36.216466394787091 ], [ -121.761303249229741, 36.214593358628647 ], [ -121.754314517867698, 36.208745411919544 ], [ -121.748851635645067, 36.208176984460003 ], [ -121.744472078576777, 36.206605300693624 ], [ -121.740741059575498, 36.202943178279142 ], [ -121.723680626742222, 36.195744731379932 ], [ -121.719354479398419, 36.193295668487401 ], [ -121.716302522504705, 36.190072235935979 ], [ -121.712220531987455, 36.187546880211471 ], [ -121.705765644825917, 36.180985568180972 ], [ -121.700501020254009, 36.173806285970841 ], [ -121.69693786311241, 36.171029162665768 ], [ -121.693069510972933, 36.168278738597962 ], [ -121.683547415833502, 36.164467776477899 ], [ -121.67959513591903, 36.161934786658989 ], [ -121.674338145300908, 36.155064484879929 ], [ -121.663854687233069, 36.146157083972497 ], [ -121.646511971400642, 36.125816979029175 ], [ -121.638416671825496, 36.120430546806247 ], [ -121.634761962615755, 36.112389136990451 ], [ -121.626941343059855, 36.101498101647628 ], [ -121.623492642631263, 36.09367412659163 ], [ -121.621562288106531, 36.085346628979543 ], [ -121.612429334892155, 36.075245207337964 ], [ -121.610262453119716, 36.071792881774492 ], [ -121.597436643542224, 36.064106106807756 ], [ -121.596086159802127, 36.059719188982321 ], [ -121.596017497353657, 36.051818952780266 ], [ -121.594407597746724, 36.048179711165602 ], [ -121.588006142748071, 36.041736601865864 ], [ -121.583115403768915, 36.034412315744397 ], [ -121.579979536311171, 36.02615726585806 ], [ -121.577888956134217, 36.022811745944367 ], [ -121.574302922057413, 36.019599718533641 ], [ -121.569931011153727, 36.017162062912078 ], [ -121.554633128781347, 36.016890997967657 ], [ -121.549574528541868, 36.015952508177918 ], [ -121.540571291490608, 36.012469554075736 ], [ -121.535650028302157, 36.01214904710929 ], [ -121.53099581271988, 36.01052772990549 ], [ -121.522892903847321, 36.005682935828673 ], [ -121.513294536978762, 36.003683887552569 ], [ -121.505702819134683, 35.997988459505088 ], [ -121.495562739014076, 35.983710391913384 ], [ -121.48977932491762, 35.971351148238035 ], [ -121.486315335982866, 35.954273144802819 ], [ -121.479623963827109, 35.938011536893711 ], [ -121.47934927269101, 35.933678123748741 ], [ -121.47532072594737, 35.9260413227871 ], [ -121.476846657601357, 35.921719313425093 ], [ -121.474626382874106, 35.918339598144875 ], [ -121.475244375605158, 35.914490622600269 ], [ -121.468400453225513, 35.907777013166232 ], [ -121.465829166424044, 35.894811128080804 ], [ -121.466187745838937, 35.890595951518698 ], [ -121.460846884524287, 35.883523723084657 ], [ -121.453026357326166, 35.87745097016024 ], [ -121.447120893746359, 35.870176565264252 ], [ -121.438751028439, 35.864923957182391 ], [ -121.424513875304967, 35.858260027019888 ], [ -121.41953163927522, 35.856940245933643 ], [ -121.415274224964591, 35.854456984585433 ], [ -121.412466459324904, 35.850852191314445 ], [ -121.408231910172162, 35.84278046787032 ], [ -121.40510369485321, 35.839133714734608 ], [ -121.398183480163624, 35.832854911178266 ], [ -121.387204203341099, 35.818843861772017 ], [ -121.381947297640295, 35.817680469234993 ], [ -121.378872492672954, 35.814384652047387 ], [ -121.377338895034356, 35.810360212510275 ], [ -121.368122143968989, 35.808433940176101 ], [ -121.359416574072583, 35.803524594269597 ], [ -121.337435173526046, 35.784142578143459 ], [ -121.334734225197209, 35.780324130571422 ], [ -121.330904055498564, 35.772103568985976 ], [ -121.329393311197734, 35.759042164491007 ], [ -121.322778288572778, 35.752381822570229 ], [ -121.323167368578154, 35.747979712143582 ], [ -121.320977519551477, 35.740037679619192 ], [ -121.322511042633906, 35.73592931077075 ], [ -121.321557264874642, 35.731687454350059 ], [ -121.322320181760247, 35.727491356788754 ], [ -121.320496559045267, 35.719389105373004 ], [ -121.323037211628389, 35.715482902975815 ], [ -121.320473563650495, 35.711729333430142 ], [ -121.312714031374398, 35.706144789750368 ], [ -121.309593413381705, 35.702463701886465 ], [ -121.30723570765339, 35.694205052318416 ], [ -121.299857654290207, 35.687842316483739 ], [ -121.294333701531144, 35.686709419926878 ], [ -121.292052357775489, 35.683081726894862 ], [ -121.292006521376635, 35.678813156471634 ], [ -121.289763319489666, 35.67465904362097 ], [ -121.288824801842736, 35.670314187891826 ], [ -121.289190969434586, 35.665866326127869 ], [ -121.287123260631859, 35.662341624944474 ], [ -121.282751435743904, 35.663783591324652 ], [ -121.277143579439397, 35.664298612863483 ], [ -121.266835748666921, 35.660987597680474 ], [ -121.261555955771698, 35.660316265722862 ], [ -121.246860887657746, 35.649124229444276 ], [ -121.242008306995729, 35.647071969840766 ], [ -121.23675900213405, 35.646972803478796 ], [ -121.232303175115248, 35.645168493912884 ], [ -121.221682498181295, 35.645698756459993 ], [ -121.217249556284614, 35.643471022451529 ], [ -121.211771276260109, 35.636616140774954 ], [ -121.206453314467808, 35.637329491419202 ], [ -121.201913566656273, 35.635895201305786 ], [ -121.193436806556875, 35.631332922079174 ], [ -121.186829473515644, 35.637676675436282 ], [ -121.181816691329914, 35.637348630310214 ], [ -121.172500662016461, 35.633377621376532 ], [ -121.168548398491069, 35.630844715025503 ], [ -121.162352934110643, 35.62452006849206 ], [ -121.142881434770231, 35.599408383999041 ], [ -121.130162491617455, 35.591329021780567 ], [ -121.126492478530423, 35.582761362852494 ], [ -121.119282218568699, 35.571328922443719 ], [ -121.113750560282455, 35.564634253269809 ], [ -121.108562195541154, 35.552713534047896 ], [ -121.099917551857459, 35.541674003615796 ], [ -121.089632521644901, 35.531836086640695 ], [ -121.081293126870619, 35.526320145453624 ], [ -121.064927118345793, 35.509497646296644 ], [ -121.053436609420999, 35.500556169910105 ], [ -121.043586508086463, 35.490817409196524 ], [ -121.039863160045428, 35.487723741623434 ], [ -121.035277657709273, 35.485991903756535 ], [ -121.027899635881212, 35.480311915358349 ], [ -121.011983842143735, 35.463275748089075 ], [ -121.007955309126459, 35.460140118644539 ], [ -121.003598703058742, 35.458080219544193 ], [ -120.998341786677159, 35.457511842237146 ], [ -120.993092499000596, 35.458007745023991 ], [ -120.983478955429462, 35.454181652835643 ], [ -120.978077071302906, 35.454368568997346 ], [ -120.973079569246465, 35.455482444551713 ], [ -120.968089689532533, 35.454791992071534 ], [ -120.951693257524937, 35.443969828908969 ], [ -120.936342135744241, 35.439140474326337 ], [ -120.926492099488627, 35.441143160141166 ], [ -120.910431422313749, 35.44233332268935 ], [ -120.905823036434967, 35.440708278275252 ], [ -120.890563487384227, 35.427814740207502 ], [ -120.879744483516333, 35.413097793946676 ], [ -120.872603047013968, 35.391956967155643 ], [ -120.871313633997758, 35.378434012362206 ], [ -120.871748544926319, 35.365292526063591 ], [ -120.870176833331072, 35.352223513615769 ], [ -120.871992726317657, 35.339314724924897 ], [ -120.88020996954495, 35.314408867628096 ], [ -120.894149478785408, 35.281919509151507 ], [ -120.896911434366018, 35.27785691420469 ], [ -120.90059658406409, 35.274809021142779 ], [ -120.900726287742728, 35.270773118914057 ], [ -120.899612348993969, 35.266371004809741 ], [ -120.903007564912301, 35.258283955341625 ], [ -120.902038590730655, 35.253919988342432 ], [ -120.899337675113529, 35.250200689629629 ], [ -120.899276651381541, 35.246286830524134 ], [ -120.896682567794272, 35.242571321385469 ], [ -120.88920548924159, 35.236174069316881 ], [ -120.887290451445907, 35.232283087168398 ], [ -120.879553963383046, 35.22688146306848 ], [ -120.876341878849729, 35.223127802035684 ], [ -120.865400938343853, 35.214834631540846 ], [ -120.863852129887292, 35.210993239973405 ], [ -120.860388266867815, 35.20770115226486 ], [ -120.842489063213947, 35.198995953884875 ], [ -120.833753101017649, 35.193876602737724 ], [ -120.830594430726009, 35.190573070081903 ], [ -120.815075678861234, 35.186163210055192 ], [ -120.796634798703678, 35.176725576381969 ], [ -120.791210098379736, 35.176214377460205 ], [ -120.780688840681947, 35.166593678878733 ], [ -120.766940220525242, 35.158895559679578 ], [ -120.756785137219637, 35.156797420411436 ], [ -120.75236757207901, 35.154710759449095 ], [ -120.749742940886762, 35.156484584106387 ], [ -120.751162033643311, 35.160432783918623 ], [ -120.746103466426092, 35.167856175881028 ], [ -120.742219913332022, 35.170873601327798 ], [ -120.737054586585373, 35.171682325175105 ], [ -120.721406035038171, 35.171438216297283 ], [ -120.712502187986757, 35.167375595940072 ], [ -120.707069835121786, 35.166551635829265 ], [ -120.691848644788948, 35.155019886613715 ], [ -120.68711823775871, 35.152826456814758 ], [ -120.681777452164596, 35.150751284303659 ], [ -120.661642662924081, 35.146120317366744 ], [ -120.652967715775162, 35.141023932526082 ], [ -120.649786150251714, 35.13781961329498 ], [ -120.641317298711883, 35.121794185835689 ], [ -120.637708585156687, 35.104956221505155 ], [ -120.637060247689902, 35.082850181162648 ], [ -120.638304113497668, 35.056906568409538 ], [ -120.643904666524108, 35.017275869885701 ], [ -120.647414478103883, 35.000868924100729 ], [ -120.654777041098399, 34.976531562421158 ], [ -120.656730226912671, 34.972350722385592 ], [ -120.666435044923688, 34.938194527530541 ], [ -120.670158300622248, 34.92966119511587 ], [ -120.668639963897107, 34.925404085057146 ], [ -120.669181650818629, 34.921169850985628 ], [ -120.673561016010112, 34.904293937675646 ], [ -120.672187649246695, 34.900994296648577 ], [ -120.667953144128049, 34.898575848117588 ], [ -120.652380895807241, 34.898667480133362 ], [ -120.647749649051292, 34.89684792860178 ], [ -120.645361527560283, 34.892926507368266 ], [ -120.644201788046871, 34.888577841684594 ], [ -120.643888925617574, 34.880178040721859 ], [ -120.631063336387513, 34.872537409305032 ], [ -120.623067363607191, 34.866159393229061 ], [ -120.618916760858852, 34.858575936196225 ], [ -120.617558649822371, 34.854223454064211 ], [ -120.616887213858575, 34.850038812279891 ], [ -120.618550425515878, 34.837107223191175 ], [ -120.62453959538631, 34.807021247029809 ], [ -120.63000238279308, 34.790477198081234 ], [ -120.640157416677667, 34.769489100639596 ], [ -120.642194505447037, 34.761203730583546 ], [ -120.644048503567205, 34.757213628471632 ], [ -120.643590699527053, 34.753105279421746 ], [ -120.639653755819865, 34.750332057839245 ], [ -120.637570825287639, 34.746998080080317 ], [ -120.635258974080571, 34.738922521605403 ], [ -120.632016324676272, 34.734982019442761 ], [ -120.620068161074371, 34.727627442133304 ], [ -120.613468398514982, 34.716153051215471 ], [ -120.610904773266824, 34.708508538428582 ], [ -120.610225680496526, 34.700082023309818 ], [ -120.611667643831495, 34.691472403739461 ], [ -120.617862841334869, 34.671247238270382 ], [ -120.622516885213514, 34.659124349357363 ] ] } },
{ "type": "Feature", "properties": { "year": 1995 }, "geometry": { "type": "LineString", "coordinates": [ [ -122.373376707782072, 37.1728626347155 ], [ -122.367646846422616, 37.165740740903232 ], [ -122.366059899727972, 37.161449305169342 ], [ -122.364709506146369, 37.153186870396269 ], [ -122.365480143158834, 37.148582649707791 ], [ -122.362222279170567, 37.145931485514701 ], [ -122.34774877447127, 37.140220958467623 ], [ -122.340615060809185, 37.133484341772395 ], [ -122.340172576737785, 37.129196729776851 ], [ -122.342331857027972, 37.120816063572434 ], [ -122.342156411069396, 37.116661963637881 ], [ -122.339531828377019, 37.113003751753268 ], [ -122.335503370507325, 37.110669200660368 ], [ -122.330162597500333, 37.109238704745948 ], [ -122.315536425492496, 37.113930601356948 ], [ -122.310226156719693, 37.113953467246525 ], [ -122.300979009098228, 37.109852738719717 ], [ -122.292784781605064, 37.104039262859089 ], [ -122.282408510460485, 37.094460776631706 ], [ -122.277105971954356, 37.086370003966806 ], [ -122.265341170282696, 37.072175864177773 ], [ -122.254453805137885, 37.057298922913439 ], [ -122.250455889666526, 37.054613440007984 ], [ -122.236905767533543, 37.041201302880296 ], [ -122.233998912356526, 37.037443921908498 ], [ -122.227712216982596, 37.025897132516405 ], [ -122.223737201338906, 37.022723379796588 ], [ -122.218655867379908, 37.020785551770409 ], [ -122.214467216258029, 37.018012329857918 ], [ -122.207943941382908, 37.011210888712938 ], [ -122.198612924060711, 37.006301476157979 ], [ -122.190502661695021, 37.000888539174525 ], [ -122.183101851937835, 36.994953003180086 ], [ -122.174671020919533, 36.989746053086044 ], [ -122.17103926502412, 36.986114546885112 ], [ -122.162249849992264, 36.982246520949793 ], [ -122.155955303200088, 36.974933924484766 ], [ -122.146181666642121, 36.971939440534825 ], [ -122.133508701507424, 36.963596890131186 ], [ -122.118417161145942, 36.958653138923573 ], [ -122.109627732293944, 36.954109937960318 ], [ -122.08976000740968, 36.948693170638954 ], [ -122.079665934223598, 36.947262675515141 ], [ -122.069709179378236, 36.944416968707344 ], [ -122.06424632961982, 36.944119418183313 ], [ -122.048285063031045, 36.945126432526472 ], [ -122.032499258910249, 36.944336776496691 ], [ -122.022069531458399, 36.947510487807428 ], [ -122.014554370915633, 36.953308639700722 ], [ -122.009228866208488, 36.953896072668499 ], [ -121.97813765745984, 36.947644054285995 ], [ -121.973315655362754, 36.947361797151935 ], [ -121.968882793366035, 36.949177560420054 ], [ -121.9503121012431, 36.959587653324085 ], [ -121.940591838993939, 36.963192484295746 ], [ -121.935441765706997, 36.963902022196201 ], [ -121.925027149880748, 36.963005644009975 ], [ -121.92016698547161, 36.961483646636601 ], [ -121.911041762270429, 36.956711639992044 ], [ -121.874144054330387, 36.926126430371852 ], [ -121.867368792815014, 36.919607324835376 ], [ -121.849827862418451, 36.898104549229501 ], [ -121.832607366789361, 36.871429176801897 ], [ -121.824061962202705, 36.855179045053141 ], [ -121.805216349686106, 36.823834598951308 ], [ -121.797105898136394, 36.813382638094659 ], [ -121.793382550233915, 36.805307154423431 ], [ -121.794008163267677, 36.801282756228957 ], [ -121.796655650916932, 36.797468155004168 ], [ -121.80945813553339, 36.770209037032181 ], [ -121.816561241908232, 36.747062041591867 ], [ -121.816309411961768, 36.738978838942586 ], [ -121.813005650220518, 36.722369940980961 ], [ -121.813081898242146, 36.7143744736332 ], [ -121.814737435912562, 36.697021713836392 ], [ -121.818781075724701, 36.68105747880017 ], [ -121.822992594245292, 36.669434295839444 ], [ -121.834719283523356, 36.646161232932975 ], [ -121.847132671694993, 36.628053188531396 ], [ -121.856433196582671, 36.618161860109787 ], [ -121.867213888369577, 36.60972772386242 ], [ -121.880314019249681, 36.603689178215824 ], [ -121.885456439327882, 36.605287509937327 ], [ -121.893025128454212, 36.610860682238531 ], [ -121.894711318453275, 36.614919444147823 ], [ -121.900723561955147, 36.621762883330938 ], [ -121.909627428436522, 36.624494156893178 ], [ -121.913144737469523, 36.627542042069102 ], [ -121.918134571061032, 36.629819373143114 ], [ -121.918806012633738, 36.633691215720376 ], [ -121.926176340799657, 36.640038748251825 ], [ -121.931334024892934, 36.641808732708633 ], [ -121.936819771466602, 36.641705737478041 ], [ -121.941206832953412, 36.64035536115513 ], [ -121.943167629071155, 36.635949473520405 ], [ -121.943938163774163, 36.627740408798346 ], [ -121.945486959642409, 36.62376938858803 ], [ -121.951430439328902, 36.617715587400809 ], [ -121.951727965872053, 36.613748382139541 ], [ -121.955275762136409, 36.612680290188109 ], [ -121.959517893083159, 36.615766319901851 ], [ -121.963126722852721, 36.614202327453654 ], [ -121.965636791057904, 36.60192306851404 ], [ -121.968429231160698, 36.598817970446213 ], [ -121.969153959016452, 36.58743514726924 ], [ -121.973777539886555, 36.586420463383114 ], [ -121.982948390719741, 36.582735551815858 ], [ -121.981269832109163, 36.57934816890652 ], [ -121.974891365126297, 36.573130332720417 ], [ -121.972953398239426, 36.569792538617655 ], [ -121.963996120188597, 36.56609615983718 ], [ -121.95618328858248, 36.561541491910496 ], [ -121.951773320355016, 36.560057597681499 ], [ -121.948210272324886, 36.561800873784236 ], [ -121.943258605563926, 36.561446106365956 ], [ -121.938581597497759, 36.559809626460584 ], [ -121.936468147436244, 36.556166659338651 ], [ -121.93456829576715, 36.548236057257782 ], [ -121.937902444921207, 36.545439945661712 ], [ -121.93494207387667, 36.538298967968693 ], [ -121.930471059733904, 36.535479953110013 ], [ -121.928189757802912, 36.531844613230831 ], [ -121.928067649152112, 36.527392948628659 ], [ -121.930173422106364, 36.524963038985184 ], [ -121.935338714754565, 36.524955421578149 ], [ -121.93936716692842, 36.52258273621068 ], [ -121.944318830449333, 36.5228345127951 ], [ -121.948507537460131, 36.52453584346231 ], [ -121.952795415545651, 36.524345122294562 ], [ -121.956106679154018, 36.522197498731288 ], [ -121.955404719309271, 36.518493500797092 ], [ -121.951299930682708, 36.515746964019115 ], [ -121.948278550548096, 36.512229876110631 ], [ -121.944242437199946, 36.5104598816094 ], [ -121.940923469118871, 36.502937439606917 ], [ -121.940801381128622, 36.499305912262322 ], [ -121.944654406886812, 36.496685248623216 ], [ -121.94727148984272, 36.489673903118508 ], [ -121.942213132479964, 36.481930119197195 ], [ -121.940641474308833, 36.478336700316461 ], [ -121.940458424961676, 36.474178715281468 ], [ -121.938512913877545, 36.47057003627917 ], [ -121.93118090135178, 36.464134672625391 ], [ -121.929647399215639, 36.460194118387207 ], [ -121.930372276517161, 36.456371826297328 ], [ -121.932485753743322, 36.452469431140031 ], [ -121.932142486503011, 36.448071121095062 ], [ -121.927976733812187, 36.445286400718359 ], [ -121.923399051906941, 36.437931709187701 ], [ -121.918386545132066, 36.426583059931637 ], [ -121.919042822643803, 36.418564634950343 ], [ -121.91795191344886, 36.410282991072414 ], [ -121.915624927810043, 36.40661708762029 ], [ -121.915823360619299, 36.402737573145956 ], [ -121.908735505215901, 36.397164316071475 ], [ -121.906591634281966, 36.393441192486918 ], [ -121.907080000972698, 36.389184026853052 ], [ -121.905638062747286, 36.385190064729613 ], [ -121.905592350179148, 36.381184664683822 ], [ -121.908331449247441, 36.377701886530815 ], [ -121.908621442077092, 36.373604936181266 ], [ -121.906126604239901, 36.370198427582032 ], [ -121.906958296387117, 36.366437170317141 ], [ -121.909766059304886, 36.363038315783228 ], [ -121.908827681466448, 36.358842178375006 ], [ -121.904433125339963, 36.351739248156989 ], [ -121.901434728904633, 36.348634094789389 ], [ -121.897475073482866, 36.341039073360768 ], [ -121.896643517861946, 36.336553020780443 ], [ -121.896880101532318, 36.332635359004975 ], [ -121.899031716451375, 36.329091544562822 ], [ -121.898719095664973, 36.31735762759385 ], [ -121.904296548506721, 36.305455897797586 ], [ -121.901023483901184, 36.302747466268414 ], [ -121.89159332785907, 36.299188329132711 ], [ -121.887778561282218, 36.296518040437924 ], [ -121.879256446935827, 36.286393863481031 ], [ -121.870390890193718, 36.28286524373771 ], [ -121.863608260563325, 36.277131756855077 ], [ -121.855063166393236, 36.272832573892565 ], [ -121.846701288979034, 36.262895309240974 ], [ -121.842329655345324, 36.255590189525236 ], [ -121.839644134828717, 36.248574993461169 ], [ -121.831236298139558, 36.243730305041105 ], [ -121.827925043415988, 36.240701433108121 ], [ -121.810735519506167, 36.231710135325201 ], [ -121.805730494172522, 36.231126457410497 ], [ -121.795567853175768, 36.231469711649552 ], [ -121.787762754948687, 36.226422845153962 ], [ -121.778248627256929, 36.224046239378495 ], [ -121.765766574053416, 36.216466394787091 ], [ -121.761303249229741, 36.214593358628647 ], [ -121.754314517867698, 36.208745411919544 ], [ -121.748851635645067, 36.208176984460003 ], [ -121.744472078576777, 36.206605300693624 ], [ -121.740741059575498, 36.202943178279142 ], [ -121.723680626742222, 36.195744731379932 ], [ -121.719354479398419, 36.193295668487401 ], [ -121.716302522504705, 36.190072235935979 ], [ -121.712220531987455, 36.187546880211471 ], [ -121.705765644825917, 36.180985568180972 ], [ -121.700501020254009, 36.173806285970841 ], [ -121.69693786311241, 36.171029162665768 ], [ -121.693069510972933, 36.168278738597962 ], [ -121.683547415833502, 36.164467776477899 ], [ -121.67959513591903, 36.161934786658989 ], [ -121.674338145300908, 36.155064484879929 ], [ -121.663854687233069, 36.146157083972497 ], [ -121.646511971400642, 36.125816979029175 ], [ -121.638416671825496, 36.120430546806247 ], [ -121.634761962615755, 36.112389136990451 ], [ -121.626941343059855, 36.101498101647628 ], [ -121.623492642631263, 36.09367412659163 ], [ -121.621562288106531, 36.085346628979543 ], [ -121.612429334892155, 36.075245207337964 ], [ -121.610262453119716, 36.071792881774492 ], [ -121.597436643542224, 36.064106106807756 ], [ -121.596086159802127, 36.059719188982321 ], [ -121.596017497353657, 36.051818952780266 ], [ -121.594407597746724, 36.048179711165602 ], [ -121.588006142748071, 36.041736601865864 ], [ -121.583115403768915, 36.034412315744397 ], [ -121.579979536311171, 36.02615726585806 ], [ -121.577888956134217, 36.022811745944367 ], [ -121.574302922057413, 36.019599718533641 ], [ -121.569931011153727, 36.017162062912078 ], [ -121.554633128781347, 36.016890997967657 ], [ -121.549574528541868, 36.015952508177918 ], [ -121.540571291490608, 36.012469554075736 ], [ -121.535650028302157, 36.01214904710929 ], [ -121.53099581271988, 36.01052772990549 ], [ -121.522892903847321, 36.005682935828673 ], [ -121.513294536978762, 36.003683887552569 ], [ -121.505702819134683, 35.997988459505088 ], [ -121.495562739014076, 35.983710391913384 ], [ -121.48977932491762, 35.971351148238035 ], [ -121.486315335982866, 35.954273144802819 ], [ -121.479623963827109, 35.938011536893711 ], [ -121.47934927269101, 35.933678123748741 ], [ -121.47532072594737, 35.9260413227871 ], [ -121.476846657601357, 35.921719313425093 ], [ -121.474626382874106, 35.918339598144875 ], [ -121.475244375605158, 35.914490622600269 ], [ -121.468400453225513, 35.907777013166232 ], [ -121.465829166424044, 35.894811128080804 ], [ -121.466187745838937, 35.890595951518698 ], [ -121.460846884524287, 35.883523723084657 ], [ -121.453026357326166, 35.87745097016024 ], [ -121.447120893746359, 35.870176565264252 ], [ -121.438751028439, 35.864923957182391 ], [ -121.424513875304967, 35.858260027019888 ], [ -121.41953163927522, 35.856940245933643 ], [ -121.415274224964591, 35.854456984585433 ], [ -121.412466459324904, 35.850852191314445 ], [ -121.408231910172162, 35.84278046787032 ], [ -121.40510369485321, 35.839133714734608 ], [ -121.398183480163624, 35.832854911178266 ], [ -121.387204203341099, 35.818843861772017 ], [ -121.381947297640295, 35.817680469234993 ], [ -121.378872492672954, 35.814384652047387 ], [ -121.377338895034356, 35.810360212510275 ], [ -121.368122143968989, 35.808433940176101 ], [ -121.359416574072583, 35.803524594269597 ], [ -121.337435173526046, 35.784142578143459 ], [ -121.334734225197209, 35.780324130571422 ], [ -121.330904055498564, 35.772103568985976 ], [ -121.329393311197734, 35.759042164491007 ], [ -121.322778288572778, 35.752381822570229 ], [ -121.323167368578154, 35.747979712143582 ], [ -121.320977519551477, 35.740037679619192 ], [ -121.322511042633906, 35.73592931077075 ], [ -121.321557264874642, 35.731687454350059 ], [ -121.322320181760247, 35.727491356788754 ], [ -121.320496559045267, 35.719389105373004 ], [ -121.323037211628389, 35.715482902975815 ], [ -121.320473563650495, 35.711729333430142 ], [ -121.312714031374398, 35.706144789750368 ], [ -121.309593413381705, 35.702463701886465 ], [ -121.30723570765339, 35.694205052318416 ], [ -121.299857654290207, 35.687842316483739 ], [ -121.294333701531144, 35.686709419926878 ], [ -121.292052357775489, 35.683081726894862 ], [ -121.292006521376635, 35.678813156471634 ], [ -121.289763319489666, 35.67465904362097 ], [ -121.288824801842736, 35.670314187891826 ], [ -121.289190969434586, 35.665866326127869 ], [ -121.287123260631859, 35.662341624944474 ], [ -121.282751435743904, 35.663783591324652 ], [ -121.277143579439397, 35.664298612863483 ], [ -121.266835748666921, 35.660987597680474 ], [ -121.261555955771698, 35.660316265722862 ], [ -121.246860887657746, 35.649124229444276 ], [ -121.242008306995729, 35.647071969840766 ], [ -121.23675900213405, 35.646972803478796 ], [ -121.232303175115248, 35.645168493912884 ], [ -121.221682498181295, 35.645698756459993 ], [ -121.217249556284614, 35.643471022451529 ], [ -121.211771276260109, 35.636616140774954 ], [ -121.206453314467808, 35.637329491419202 ], [ -121.201913566656273, 35.635895201305786 ], [ -121.193436806556875, 35.631332922079174 ], [ -121.186829473515644, 35.637676675436282 ], [ -121.181816691329914, 35.637348630310214 ], [ -121.172500662016461, 35.633377621376532 ], [ -121.168548398491069, 35.630844715025503 ], [ -121.162352934110643, 35.62452006849206 ], [ -121.142881434770231, 35.599408383999041 ], [ -121.130162491617455, 35.591329021780567 ], [ -121.126492478530423, 35.582761362852494 ], [ -121.119282218568699, 35.571328922443719 ], [ -121.113750560282455, 35.564634253269809 ], [ -121.108562195541154, 35.552713534047896 ], [ -121.099917551857459, 35.541674003615796 ], [ -121.089632521644901, 35.531836086640695 ], [ -121.081293126870619, 35.526320145453624 ], [ -121.064927118345793, 35.509497646296644 ], [ -121.053436609420999, 35.500556169910105 ], [ -121.043586508086463, 35.490817409196524 ], [ -121.039863160045428, 35.487723741623434 ], [ -121.035277657709273, 35.485991903756535 ], [ -121.027899635881212, 35.480311915358349 ], [ -121.011983842143735, 35.463275748089075 ], [ -121.007955309126459, 35.460140118644539 ], [ -121.003598703058742, 35.458080219544193 ], [ -120.998341786677159, 35.457511842237146 ], [ -120.993092499000596, 35.458007745023991 ], [ -120.983478955429462, 35.454181652835643 ], [ -120.978077071302906, 35.454368568997346 ], [ -120.973079569246465, 35.455482444551713 ], [ -120.968089689532533, 35.454791992071534 ], [ -120.951693257524937, 35.443969828908969 ], [ -120.936342135744241, 35.439140474326337 ], [ -120.926492099488627, 35.441143160141166 ], [ -120.910431422313749, 35.44233332268935 ], [ -120.905823036434967, 35.440708278275252 ], [ -120.890563487384227, 35.427814740207502 ], [ -120.879744483516333, 35.413097793946676 ], [ -120.872603047013968, 35.391956967155643 ], [ -120.871313633997758, 35.378434012362206 ], [ -120.871748544926319, 35.365292526063591 ], [ -120.870176833331072, 35.352223513615769 ], [ -120.871992726317657, 35.339314724924897 ], [ -120.88020996954495, 35.314408867628096 ], [ -120.894149478785408, 35.281919509151507 ], [ -120.896911434366018, 35.27785691420469 ], [ -120.90059658406409, 35.274809021142779 ], [ -120.900726287742728, 35.270773118914057 ], [ -120.899612348993969, 35.266371004809741 ], [ -120.903007564912301, 35.258283955341625 ], [ -120.902038590730655, 35.253919988342432 ], [ -120.899337675113529, 35.250200689629629 ], [ -120.899276651381541, 35.246286830524134 ], [ -120.896682567794272, 35.242571321385469 ], [ -120.88920548924159, 35.236174069316881 ], [ -120.887290451445907, 35.232283087168398 ], [ -120.879553963383046, 35.22688146306848 ], [ -120.876341878849729, 35.223127802035684 ], [ -120.865400938343853, 35.214834631540846 ], [ -120.863852129887292, 35.210993239973405 ], [ -120.860388266867815, 35.20770115226486 ], [ -120.842489063213947, 35.198995953884875 ], [ -120.833753101017649, 35.193876602737724 ], [ -120.830594430726009, 35.190573070081903 ], [ -120.815075678861234, 35.186163210055192 ], [ -120.796634798703678, 35.176725576381969 ], [ -120.791210098379736, 35.176214377460205 ], [ -120.780688840681947, 35.166593678878733 ], [ -120.766940220525242, 35.158895559679578 ], [ -120.756785137219637, 35.156797420411436 ], [ -120.75236757207901, 35.154710759449095 ], [ -120.749742940886762, 35.156484584106387 ], [ -120.751162033643311, 35.160432783918623 ], [ -120.746103466426092, 35.167856175881028 ], [ -120.742219913332022, 35.170873601327798 ], [ -120.737054586585373, 35.171682325175105 ], [ -120.721406035038171, 35.171438216297283 ], [ -120.712502187986757, 35.167375595940072 ], [ -120.707069835121786, 35.166551635829265 ], [ -120.691848644788948, 35.155019886613715 ], [ -120.68711823775871, 35.152826456814758 ], [ -120.681777452164596, 35.150751284303659 ], [ -120.661642662924081, 35.146120317366744 ], [ -120.652967715775162, 35.141023932526082 ], [ -120.649786150251714, 35.13781961329498 ], [ -120.641317298711883, 35.121794185835689 ], [ -120.637708585156687, 35.104956221505155 ], [ -120.637060247689902, 35.082850181162648 ], [ -120.638304113497668, 35.056906568409538 ], [ -120.643904666524108, 35.017275869885701 ], [ -120.647414478103883, 35.000868924100729 ], [ -120.654777041098399, 34.976531562421158 ], [ -120.656730226912671, 34.972350722385592 ], [ -120.666435044923688, 34.938194527530541 ], [ -120.670158300622248, 34.92966119511587 ], [ -120.668639963897107, 34.925404085057146 ], [ -120.669181650818629, 34.921169850985628 ], [ -120.673561016010112, 34.904293937675646 ], [ -120.672187649246695, 34.900994296648577 ], [ -120.667953144128049, 34.898575848117588 ], [ -120.652380895807241, 34.898667480133362 ], [ -120.647749649051292, 34.89684792860178 ], [ -120.645361527560283, 34.892926507368266 ], [ -120.644201788046871, 34.888577841684594 ], [ -120.643888925617574, 34.880178040721859 ], [ -120.631063336387513, 34.872537409305032 ], [ -120.623067363607191, 34.866159393229061 ], [ -120.618916760858852, 34.858575936196225 ], [ -120.617558649822371, 34.854223454064211 ], [ -120.616887213858575, 34.850038812279891 ], [ -120.618550425515878, 34.837107223191175 ], [ -120.62453959538631, 34.807021247029809 ], [ -120.63000238279308, 34.790477198081234 ], [ -120.640157416677667, 34.769489100639596 ], [ -120.642194505447037, 34.761203730583546 ], [ -120.644048503567205, 34.757213628471632 ], [ -120.643590699527053, 34.753105279421746 ], [ -120.639653755819865, 34.750332057839245 ], [ -120.637570825287639, 34.746998080080317 ], [ -120.635258974080571, 34.738922521605403 ], [ -120.632016324676272, 34.734982019442761 ], [ -120.620068161074371, 34.727627442133304 ], [ -120.613468398514982, 34.716153051215471 ], [ -120.610904773266824, 34.708508538428582 ], [ -120.610225680496526, 34.700082023309818 ], [ -120.611667643831495, 34.691472403739461 ], [ -120.617862841334869, 34.671247238270382 ], [ -120.622516885213514, 34.659124349357363 ] ] } },
{ "type": "Feature", "properties": { "year": 1996 }, "geometry": { "type": "LineString", "coordinates": [ [ -122.386202215605692, 37.179339902777407 ], [ -122.381715950985296, 37.177970434705053 ], [ -122.373376707782072, 37.1728626347155 ], [ -122.370095955388237, 37.169536283357758 ], [ -122.367646846422616, 37.165740740903232 ], [ -122.365068068565463, 37.157474484770077 ], [ -122.365480143158834, 37.148582649707791 ], [ -122.362222279170567, 37.145931485514701 ], [ -122.34774877447127, 37.140220958467623 ], [ -122.340615060809185, 37.133484341772395 ], [ -122.340172576737785, 37.129196729776851 ], [ -122.342331857027972, 37.120816063572434 ], [ -122.342156411069396, 37.116661963637881 ], [ -122.339531828377019, 37.113003751753268 ], [ -122.335503370507325, 37.110669200660368 ], [ -122.330162597500333, 37.109238704745948 ], [ -122.315536425492496, 37.113930601356948 ], [ -122.310226156719693, 37.113953467246525 ], [ -122.300979009098228, 37.109852738719717 ], [ -122.292784781605064, 37.104039262859089 ], [ -122.282408510460485, 37.094460776631706 ], [ -122.277105971954356, 37.086370003966806 ], [ -122.265341170282696, 37.072175864177773 ], [ -122.254453805137885, 37.057298922913439 ], [ -122.250455889666526, 37.054613440007984 ], [ -122.236905767533543, 37.041201302880296 ], [ -122.233998912356526, 37.037443921908498 ], [ -122.227712216982596, 37.025897132516405 ], [ -122.223737201338906, 37.022723379796588 ], [ -122.218655867379908, 37.020785551770409 ], [ -122.214467216258029, 37.018012329857918 ], [ -122.207943941382908, 37.011210888712938 ], [ -122.198612924060711, 37.006301476157979 ], [ -122.190502661695021, 37.000888539174525 ], [ -122.183101851937835, 36.994953003180086 ], [ -122.174671020919533, 36.989746053086044 ], [ -122.17103926502412, 36.986114546885112 ], [ -122.162249849992264, 36.982246520949793 ], [ -122.155955303200088, 36.974933924484766 ], [ -122.146181666642121, 36.971939440534825 ], [ -122.133508701507424, 36.963596890131186 ], [ -122.118417161145942, 36.958653138923573 ], [ -122.109627732293944, 36.954109937960318 ], [ -122.08976000740968, 36.948693170638954 ], [ -122.079665934223598, 36.947262675515141 ], [ -122.069709179378236, 36.944416968707344 ], [ -122.06424632961982, 36.944119418183313 ], [ -122.048285063031045, 36.945126432526472 ], [ -122.032499258910249, 36.944336776496691 ], [ -122.022069531458399, 36.947510487807428 ], [ -122.014554370915633, 36.953308639700722 ], [ -122.009228866208488, 36.953896072668499 ], [ -121.97813765745984, 36.947644054285995 ], [ -121.973315655362754, 36.947361797151935 ], [ -121.968882793366035, 36.949177560420054 ], [ -121.9503121012431, 36.959587653324085 ], [ -121.940591838993939, 36.963192484295746 ], [ -121.935441765706997, 36.963902022196201 ], [ -121.925027149880748, 36.963005644009975 ], [ -121.92016698547161, 36.961483646636601 ], [ -121.911041762270429, 36.956711639992044 ], [ -121.874144054330387, 36.926126430371852 ], [ -121.867368792815014, 36.919607324835376 ], [ -121.849827862418451, 36.898104549229501 ], [ -121.832607366789361, 36.871429176801897 ], [ -121.824061962202705, 36.855179045053141 ], [ -121.805216349686106, 36.823834598951308 ], [ -121.797105898136394, 36.813382638094659 ], [ -121.793382550233915, 36.805307154423431 ], [ -121.794008163267677, 36.801282756228957 ], [ -121.796655650916932, 36.797468155004168 ], [ -121.80945813553339, 36.770209037032181 ], [ -121.816561241908232, 36.747062041591867 ], [ -121.816309411961768, 36.738978838942586 ], [ -121.813005650220518, 36.722369940980961 ], [ -121.813081898242146, 36.7143744736332 ], [ -121.814737435912562, 36.697021713836392 ], [ -121.818781075724701, 36.68105747880017 ], [ -121.822992594245292, 36.669434295839444 ], [ -121.834719283523356, 36.646161232932975 ], [ -121.847132671694993, 36.628053188531396 ], [ -121.856433196582671, 36.618161860109787 ], [ -121.867213888369577, 36.60972772386242 ], [ -121.880314019249681, 36.603689178215824 ], [ -121.885456439327882, 36.605287509937327 ], [ -121.893025128454212, 36.610860682238531 ], [ -121.894711318453275, 36.614919444147823 ], [ -121.900723561955147, 36.621762883330938 ], [ -121.909627428436522, 36.624494156893178 ], [ -121.913144737469523, 36.627542042069102 ], [ -121.918134571061032, 36.629819373143114 ], [ -121.918806012633738, 36.633691215720376 ], [ -121.926176340799657, 36.640038748251825 ], [ -121.931334024892934, 36.641808732708633 ], [ -121.936819771466602, 36.641705737478041 ], [ -121.941206832953412, 36.64035536115513 ], [ -121.943167629071155, 36.635949473520405 ], [ -121.943938163774163, 36.627740408798346 ], [ -121.945486959642409, 36.62376938858803 ], [ -121.951430439328902, 36.617715587400809 ], [ -121.951727965872053, 36.613748382139541 ], [ -121.955275762136409, 36.612680290188109 ], [ -121.959517893083159, 36.615766319901851 ], [ -121.963126722852721, 36.614202327453654 ], [ -121.965636791057904, 36.60192306851404 ], [ -121.968429231160698, 36.598817970446213 ], [ -121.969153959016452, 36.58743514726924 ], [ -121.973777539886555, 36.586420463383114 ], [ -121.982948390719741, 36.582735551815858 ], [ -121.981269832109163, 36.57934816890652 ], [ -121.974891365126297, 36.573130332720417 ], [ -121.972953398239426, 36.569792538617655 ], [ -121.963996120188597, 36.56609615983718 ], [ -121.95618328858248, 36.561541491910496 ], [ -121.951773320355016, 36.560057597681499 ], [ -121.948210272324886, 36.561800873784236 ], [ -121.943258605563926, 36.561446106365956 ], [ -121.938581597497759, 36.559809626460584 ], [ -121.936468147436244, 36.556166659338651 ], [ -121.93456829576715, 36.548236057257782 ], [ -121.937902444921207, 36.545439945661712 ], [ -121.93494207387667, 36.538298967968693 ], [ -121.930471059733904, 36.535479953110013 ], [ -121.928189757802912, 36.531844613230831 ], [ -121.928067649152112, 36.527392948628659 ], [ -121.930173422106364, 36.524963038985184 ], [ -121.935338714754565, 36.524955421578149 ], [ -121.93936716692842, 36.52258273621068 ], [ -121.944318830449333, 36.5228345127951 ], [ -121.948507537460131, 36.52453584346231 ], [ -121.952795415545651, 36.524345122294562 ], [ -121.956106679154018, 36.522197498731288 ], [ -121.955404719309271, 36.518493500797092 ], [ -121.951299930682708, 36.515746964019115 ], [ -121.948278550548096, 36.512229876110631 ], [ -121.944242437199946, 36.5104598816094 ], [ -121.940923469118871, 36.502937439606917 ], [ -121.940801381128622, 36.499305912262322 ], [ -121.944654406886812, 36.496685248623216 ], [ -121.94727148984272, 36.489673903118508 ], [ -121.942213132479964, 36.481930119197195 ], [ -121.940641474308833, 36.478336700316461 ], [ -121.940458424961676, 36.474178715281468 ], [ -121.938512913877545, 36.47057003627917 ], [ -121.93118090135178, 36.464134672625391 ], [ -121.929647399215639, 36.460194118387207 ], [ -121.930372276517161, 36.456371826297328 ], [ -121.932485753743322, 36.452469431140031 ], [ -121.932142486503011, 36.448071121095062 ], [ -121.927976733812187, 36.445286400718359 ], [ -121.923399051906941, 36.437931709187701 ], [ -121.918386545132066, 36.426583059931637 ], [ -121.919042822643803, 36.418564634950343 ], [ -121.91795191344886, 36.410282991072414 ], [ -121.915624927810043, 36.40661708762029 ], [ -121.915823360619299, 36.402737573145956 ], [ -121.908735505215901, 36.397164316071475 ], [ -121.906591634281966, 36.393441192486918 ], [ -121.907080000972698, 36.389184026853052 ], [ -121.905638062747286, 36.385190064729613 ], [ -121.905592350179148, 36.381184664683822 ], [ -121.908331449247441, 36.377701886530815 ], [ -121.908621442077092, 36.373604936181266 ], [ -121.906126604239901, 36.370198427582032 ], [ -121.906958296387117, 36.366437170317141 ], [ -121.909766059304886, 36.363038315783228 ], [ -121.908827681466448, 36.358842178375006 ], [ -121.904433125339963, 36.351739248156989 ], [ -121.901434728904633, 36.348634094789389 ], [ -121.897475073482866, 36.341039073360768 ], [ -121.896643517861946, 36.336553020780443 ], [ -121.896880101532318, 36.332635359004975 ], [ -121.899031716451375, 36.329091544562822 ], [ -121.898719095664973, 36.31735762759385 ], [ -121.904296548506721, 36.305455897797586 ], [ -121.901023483901184, 36.302747466268414 ], [ -121.89159332785907, 36.299188329132711 ], [ -121.887778561282218, 36.296518040437924 ], [ -121.879256446935827, 36.286393863481031 ], [ -121.870390890193718, 36.28286524373771 ], [ -121.863608260563325, 36.277131756855077 ], [ -121.855063166393236, 36.272832573892565 ], [ -121.846701288979034, 36.262895309240974 ], [ -121.842329655345324, 36.255590189525236 ], [ -121.839644134828717, 36.248574993461169 ], [ -121.831236298139558, 36.243730305041105 ], [ -121.827925043415988, 36.240701433108121 ], [ -121.810735519506167, 36.231710135325201 ], [ -121.805730494172522, 36.231126457410497 ], [ -121.795567853175768, 36.231469711649552 ], [ -121.787762754948687, 36.226422845153962 ], [ -121.778248627256929, 36.224046239378495 ], [ -121.765766574053416, 36.216466394787091 ], [ -121.761303249229741, 36.214593358628647 ], [ -121.754314517867698, 36.208745411919544 ], [ -121.748851635645067, 36.208176984460003 ], [ -121.744472078576777, 36.206605300693624 ], [ -121.740741059575498, 36.202943178279142 ], [ -121.723680626742222, 36.195744731379932 ], [ -121.719354479398419, 36.193295668487401 ], [ -121.716302522504705, 36.190072235935979 ], [ -121.712220531987455, 36.187546880211471 ], [ -121.705765644825917, 36.180985568180972 ], [ -121.700501020254009, 36.173806285970841 ], [ -121.69693786311241, 36.171029162665768 ], [ -121.693069510972933, 36.168278738597962 ], [ -121.683547415833502, 36.164467776477899 ], [ -121.67959513591903, 36.161934786658989 ], [ -121.674338145300908, 36.155064484879929 ], [ -121.663854687233069, 36.146157083972497 ], [ -121.646511971400642, 36.125816979029175 ], [ -121.638416671825496, 36.120430546806247 ], [ -121.634761962615755, 36.112389136990451 ], [ -121.626941343059855, 36.101498101647628 ], [ -121.623492642631263, 36.09367412659163 ], [ -121.621562288106531, 36.085346628979543 ], [ -121.612429334892155, 36.075245207337964 ], [ -121.610262453119716, 36.071792881774492 ], [ -121.597436643542224, 36.064106106807756 ], [ -121.596086159802127, 36.059719188982321 ], [ -121.596017497353657, 36.051818952780266 ], [ -121.594407597746724, 36.048179711165602 ], [ -121.588006142748071, 36.041736601865864 ], [ -121.583115403768915, 36.034412315744397 ], [ -121.579979536311171, 36.02615726585806 ], [ -121.577888956134217, 36.022811745944367 ], [ -121.574302922057413, 36.019599718533641 ], [ -121.569931011153727, 36.017162062912078 ], [ -121.554633128781347, 36.016890997967657 ], [ -121.549574528541868, 36.015952508177918 ], [ -121.540571291490608, 36.012469554075736 ], [ -121.535650028302157, 36.01214904710929 ], [ -121.53099581271988, 36.01052772990549 ], [ -121.522892903847321, 36.005682935828673 ], [ -121.513294536978762, 36.003683887552569 ], [ -121.505702819134683, 35.997988459505088 ], [ -121.495562739014076, 35.983710391913384 ], [ -121.48977932491762, 35.971351148238035 ], [ -121.486315335982866, 35.954273144802819 ], [ -121.479623963827109, 35.938011536893711 ], [ -121.47934927269101, 35.933678123748741 ], [ -121.47532072594737, 35.9260413227871 ], [ -121.476846657601357, 35.921719313425093 ], [ -121.474626382874106, 35.918339598144875 ], [ -121.475244375605158, 35.914490622600269 ], [ -121.468400453225513, 35.907777013166232 ], [ -121.465829166424044, 35.894811128080804 ], [ -121.466187745838937, 35.890595951518698 ], [ -121.460846884524287, 35.883523723084657 ], [ -121.453026357326166, 35.87745097016024 ], [ -121.447120893746359, 35.870176565264252 ], [ -121.438751028439, 35.864923957182391 ], [ -121.424513875304967, 35.858260027019888 ], [ -121.41953163927522, 35.856940245933643 ], [ -121.415274224964591, 35.854456984585433 ], [ -121.412466459324904, 35.850852191314445 ], [ -121.408231910172162, 35.84278046787032 ], [ -121.40510369485321, 35.839133714734608 ], [ -121.398183480163624, 35.832854911178266 ], [ -121.387204203341099, 35.818843861772017 ], [ -121.381947297640295, 35.817680469234993 ], [ -121.378872492672954, 35.814384652047387 ], [ -121.377338895034356, 35.810360212510275 ], [ -121.368122143968989, 35.808433940176101 ], [ -121.359416574072583, 35.803524594269597 ], [ -121.337435173526046, 35.784142578143459 ], [ -121.334734225197209, 35.780324130571422 ], [ -121.330904055498564, 35.772103568985976 ], [ -121.329393311197734, 35.759042164491007 ], [ -121.322778288572778, 35.752381822570229 ], [ -121.323167368578154, 35.747979712143582 ], [ -121.320977519551477, 35.740037679619192 ], [ -121.322511042633906, 35.73592931077075 ], [ -121.321557264874642, 35.731687454350059 ], [ -121.322320181760247, 35.727491356788754 ], [ -121.320496559045267, 35.719389105373004 ], [ -121.323037211628389, 35.715482902975815 ], [ -121.320473563650495, 35.711729333430142 ], [ -121.312714031374398, 35.706144789750368 ], [ -121.309593413381705, 35.702463701886465 ], [ -121.30723570765339, 35.694205052318416 ], [ -121.299857654290207, 35.687842316483739 ], [ -121.294333701531144, 35.686709419926878 ], [ -121.292052357775489, 35.683081726894862 ], [ -121.292006521376635, 35.678813156471634 ], [ -121.289763319489666, 35.67465904362097 ], [ -121.288824801842736, 35.670314187891826 ], [ -121.289190969434586, 35.665866326127869 ], [ -121.287123260631859, 35.662341624944474 ], [ -121.282751435743904, 35.663783591324652 ], [ -121.277143579439397, 35.664298612863483 ], [ -121.266835748666921, 35.660987597680474 ], [ -121.261555955771698, 35.660316265722862 ], [ -121.246860887657746, 35.649124229444276 ], [ -121.242008306995729, 35.647071969840766 ], [ -121.23675900213405, 35.646972803478796 ], [ -121.232303175115248, 35.645168493912884 ], [ -121.221682498181295, 35.645698756459993 ], [ -121.217249556284614, 35.643471022451529 ], [ -121.211771276260109, 35.636616140774954 ], [ -121.206453314467808, 35.637329491419202 ], [ -121.201913566656273, 35.635895201305786 ], [ -121.193436806556875, 35.631332922079174 ], [ -121.186829473515644, 35.637676675436282 ], [ -121.181816691329914, 35.637348630310214 ], [ -121.172500662016461, 35.633377621376532 ], [ -121.168548398491069, 35.630844715025503 ], [ -121.162352934110643, 35.62452006849206 ], [ -121.142881434770231, 35.599408383999041 ], [ -121.130162491617455, 35.591329021780567 ], [ -121.126492478530423, 35.582761362852494 ], [ -121.119282218568699, 35.571328922443719 ], [ -121.113750560282455, 35.564634253269809 ], [ -121.108562195541154, 35.552713534047896 ], [ -121.099917551857459, 35.541674003615796 ], [ -121.089632521644901, 35.531836086640695 ], [ -121.081293126870619, 35.526320145453624 ], [ -121.064927118345793, 35.509497646296644 ], [ -121.053436609420999, 35.500556169910105 ], [ -121.043586508086463, 35.490817409196524 ], [ -121.039863160045428, 35.487723741623434 ], [ -121.035277657709273, 35.485991903756535 ], [ -121.027899635881212, 35.480311915358349 ], [ -121.011983842143735, 35.463275748089075 ], [ -121.007955309126459, 35.460140118644539 ], [ -121.003598703058742, 35.458080219544193 ], [ -120.998341786677159, 35.457511842237146 ], [ -120.993092499000596, 35.458007745023991 ], [ -120.983478955429462, 35.454181652835643 ], [ -120.978077071302906, 35.454368568997346 ], [ -120.973079569246465, 35.455482444551713 ], [ -120.968089689532533, 35.454791992071534 ], [ -120.951693257524937, 35.443969828908969 ], [ -120.936342135744241, 35.439140474326337 ], [ -120.926492099488627, 35.441143160141166 ], [ -120.910431422313749, 35.44233332268935 ], [ -120.905823036434967, 35.440708278275252 ], [ -120.890563487384227, 35.427814740207502 ], [ -120.879744483516333, 35.413097793946676 ], [ -120.872603047013968, 35.391956967155643 ], [ -120.871313633997758, 35.378434012362206 ], [ -120.871748544926319, 35.365292526063591 ], [ -120.870176833331072, 35.352223513615769 ], [ -120.871992726317657, 35.339314724924897 ], [ -120.88020996954495, 35.314408867628096 ], [ -120.894149478785408, 35.281919509151507 ], [ -120.896911434366018, 35.27785691420469 ], [ -120.90059658406409, 35.274809021142779 ], [ -120.900726287742728, 35.270773118914057 ], [ -120.899612348993969, 35.266371004809741 ], [ -120.903007564912301, 35.258283955341625 ], [ -120.902038590730655, 35.253919988342432 ], [ -120.899337675113529, 35.250200689629629 ], [ -120.899276651381541, 35.246286830524134 ], [ -120.896682567794272, 35.242571321385469 ], [ -120.88920548924159, 35.236174069316881 ], [ -120.887290451445907, 35.232283087168398 ], [ -120.879553963383046, 35.22688146306848 ], [ -120.876341878849729, 35.223127802035684 ], [ -120.865400938343853, 35.214834631540846 ], [ -120.863852129887292, 35.210993239973405 ], [ -120.860388266867815, 35.20770115226486 ], [ -120.842489063213947, 35.198995953884875 ], [ -120.833753101017649, 35.193876602737724 ], [ -120.830594430726009, 35.190573070081903 ], [ -120.815075678861234, 35.186163210055192 ], [ -120.796634798703678, 35.176725576381969 ], [ -120.791210098379736, 35.176214377460205 ], [ -120.780688840681947, 35.166593678878733 ], [ -120.766940220525242, 35.158895559679578 ], [ -120.756785137219637, 35.156797420411436 ], [ -120.75236757207901, 35.154710759449095 ], [ -120.749742940886762, 35.156484584106387 ], [ -120.751162033643311, 35.160432783918623 ], [ -120.746103466426092, 35.167856175881028 ], [ -120.742219913332022, 35.170873601327798 ], [ -120.737054586585373, 35.171682325175105 ], [ -120.721406035038171, 35.171438216297283 ], [ -120.712502187986757, 35.167375595940072 ], [ -120.707069835121786, 35.166551635829265 ], [ -120.691848644788948, 35.155019886613715 ], [ -120.68711823775871, 35.152826456814758 ], [ -120.681777452164596, 35.150751284303659 ], [ -120.661642662924081, 35.146120317366744 ], [ -120.652967715775162, 35.141023932526082 ], [ -120.649786150251714, 35.13781961329498 ], [ -120.641317298711883, 35.121794185835689 ], [ -120.637708585156687, 35.104956221505155 ], [ -120.637060247689902, 35.082850181162648 ], [ -120.638304113497668, 35.056906568409538 ], [ -120.643904666524108, 35.017275869885701 ], [ -120.647414478103883, 35.000868924100729 ], [ -120.654777041098399, 34.976531562421158 ], [ -120.656730226912671, 34.972350722385592 ], [ -120.666435044923688, 34.938194527530541 ], [ -120.670158300622248, 34.92966119511587 ], [ -120.668639963897107, 34.925404085057146 ], [ -120.669181650818629, 34.921169850985628 ], [ -120.673561016010112, 34.904293937675646 ], [ -120.672187649246695, 34.900994296648577 ], [ -120.667953144128049, 34.898575848117588 ], [ -120.652380895807241, 34.898667480133362 ], [ -120.647749649051292, 34.89684792860178 ], [ -120.645361527560283, 34.892926507368266 ], [ -120.644201788046871, 34.888577841684594 ], [ -120.643888925617574, 34.880178040721859 ], [ -120.631063336387513, 34.872537409305032 ], [ -120.623067363607191, 34.866159393229061 ], [ -120.618916760858852, 34.858575936196225 ], [ -120.617558649822371, 34.854223454064211 ], [ -120.616887213858575, 34.850038812279891 ], [ -120.618550425515878, 34.837107223191175 ], [ -120.62453959538631, 34.807021247029809 ], [ -120.63000238279308, 34.790477198081234 ], [ -120.640157416677667, 34.769489100639596 ], [ -120.642194505447037, 34.761203730583546 ], [ -120.644048503567205, 34.757213628471632 ], [ -120.643590699527053, 34.753105279421746 ], [ -120.639653755819865, 34.750332057839245 ], [ -120.637570825287639, 34.746998080080317 ], [ -120.635258974080571, 34.738922521605403 ], [ -120.632016324676272, 34.734982019442761 ], [ -120.620068161074371, 34.727627442133304 ], [ -120.613468398514982, 34.716153051215471 ], [ -120.610904773266824, 34.708508538428582 ], [ -120.610225680496526, 34.700082023309818 ], [ -120.611667643831495, 34.691472403739461 ], [ -120.617862841334869, 34.671247238270382 ], [ -120.622516885213514, 34.659124349357363 ] ] } },
{ "type": "Feature", "properties": { "year": 1997 }, "geometry": { "type": "LineString", "coordinates": [ [ -122.386202215605692, 37.179339902777407 ], [ -122.381715950985296, 37.177970434705053 ], [ -122.373376707782072, 37.1728626347155 ], [ -122.370095955388237, 37.169536283357758 ], [ -122.367646846422616, 37.165740740903232 ], [ -122.365068068565463, 37.157474484770077 ], [ -122.365480143158834, 37.148582649707791 ], [ -122.362222279170567, 37.145931485514701 ], [ -122.34774877447127, 37.140220958467623 ], [ -122.340615060809185, 37.133484341772395 ], [ -122.340172576737785, 37.129196729776851 ], [ -122.342331857027972, 37.120816063572434 ], [ -122.342156411069396, 37.116661963637881 ], [ -122.339531828377019, 37.113003751753268 ], [ -122.335503370507325, 37.110669200660368 ], [ -122.330162597500333, 37.109238704745948 ], [ -122.315536425492496, 37.113930601356948 ], [ -122.310226156719693, 37.113953467246525 ], [ -122.300979009098228, 37.109852738719717 ], [ -122.292784781605064, 37.104039262859089 ], [ -122.282408510460485, 37.094460776631706 ], [ -122.277105971954356, 37.086370003966806 ], [ -122.265341170282696, 37.072175864177773 ], [ -122.254453805137885, 37.057298922913439 ], [ -122.250455889666526, 37.054613440007984 ], [ -122.236905767533543, 37.041201302880296 ], [ -122.233998912356526, 37.037443921908498 ], [ -122.227712216982596, 37.025897132516405 ], [ -122.223737201338906, 37.022723379796588 ], [ -122.218655867379908, 37.020785551770409 ], [ -122.214467216258029, 37.018012329857918 ], [ -122.207943941382908, 37.011210888712938 ], [ -122.198612924060711, 37.006301476157979 ], [ -122.190502661695021, 37.000888539174525 ], [ -122.183101851937835, 36.994953003180086 ], [ -122.174671020919533, 36.989746053086044 ], [ -122.17103926502412, 36.986114546885112 ], [ -122.162249849992264, 36.982246520949793 ], [ -122.155955303200088, 36.974933924484766 ], [ -122.146181666642121, 36.971939440534825 ], [ -122.133508701507424, 36.963596890131186 ], [ -122.118417161145942, 36.958653138923573 ], [ -122.109627732293944, 36.954109937960318 ], [ -122.08976000740968, 36.948693170638954 ], [ -122.079665934223598, 36.947262675515141 ], [ -122.069709179378236, 36.944416968707344 ], [ -122.06424632961982, 36.944119418183313 ], [ -122.048285063031045, 36.945126432526472 ], [ -122.032499258910249, 36.944336776496691 ], [ -122.022069531458399, 36.947510487807428 ], [ -122.014554370915633, 36.953308639700722 ], [ -122.009228866208488, 36.953896072668499 ], [ -121.97813765745984, 36.947644054285995 ], [ -121.973315655362754, 36.947361797151935 ], [ -121.968882793366035, 36.949177560420054 ], [ -121.9503121012431, 36.959587653324085 ], [ -121.940591838993939, 36.963192484295746 ], [ -121.935441765706997, 36.963902022196201 ], [ -121.925027149880748, 36.963005644009975 ], [ -121.92016698547161, 36.961483646636601 ], [ -121.911041762270429, 36.956711639992044 ], [ -121.874144054330387, 36.926126430371852 ], [ -121.867368792815014, 36.919607324835376 ], [ -121.849827862418451, 36.898104549229501 ], [ -121.832607366789361, 36.871429176801897 ], [ -121.824061962202705, 36.855179045053141 ], [ -121.805216349686106, 36.823834598951308 ], [ -121.797105898136394, 36.813382638094659 ], [ -121.793382550233915, 36.805307154423431 ], [ -121.794008163267677, 36.801282756228957 ], [ -121.796655650916932, 36.797468155004168 ], [ -121.80945813553339, 36.770209037032181 ], [ -121.816561241908232, 36.747062041591867 ], [ -121.816309411961768, 36.738978838942586 ], [ -121.813005650220518, 36.722369940980961 ], [ -121.813081898242146, 36.7143744736332 ], [ -121.814737435912562, 36.697021713836392 ], [ -121.818781075724701, 36.68105747880017 ], [ -121.822992594245292, 36.669434295839444 ], [ -121.834719283523356, 36.646161232932975 ], [ -121.847132671694993, 36.628053188531396 ], [ -121.856433196582671, 36.618161860109787 ], [ -121.867213888369577, 36.60972772386242 ], [ -121.880314019249681, 36.603689178215824 ], [ -121.885456439327882, 36.605287509937327 ], [ -121.893025128454212, 36.610860682238531 ], [ -121.894711318453275, 36.614919444147823 ], [ -121.900723561955147, 36.621762883330938 ], [ -121.909627428436522, 36.624494156893178 ], [ -121.913144737469523, 36.627542042069102 ], [ -121.918134571061032, 36.629819373143114 ], [ -121.918806012633738, 36.633691215720376 ], [ -121.926176340799657, 36.640038748251825 ], [ -121.931334024892934, 36.641808732708633 ], [ -121.936819771466602, 36.641705737478041 ], [ -121.941206832953412, 36.64035536115513 ], [ -121.943167629071155, 36.635949473520405 ], [ -121.943938163774163, 36.627740408798346 ], [ -121.945486959642409, 36.62376938858803 ], [ -121.951430439328902, 36.617715587400809 ], [ -121.951727965872053, 36.613748382139541 ], [ -121.955275762136409, 36.612680290188109 ], [ -121.959517893083159, 36.615766319901851 ], [ -121.963126722852721, 36.614202327453654 ], [ -121.965636791057904, 36.60192306851404 ], [ -121.968429231160698, 36.598817970446213 ], [ -121.969153959016452, 36.58743514726924 ], [ -121.973777539886555, 36.586420463383114 ], [ -121.982948390719741, 36.582735551815858 ], [ -121.981269832109163, 36.57934816890652 ], [ -121.974891365126297, 36.573130332720417 ], [ -121.972953398239426, 36.569792538617655 ], [ -121.963996120188597, 36.56609615983718 ], [ -121.95618328858248, 36.561541491910496 ], [ -121.951773320355016, 36.560057597681499 ], [ -121.948210272324886, 36.561800873784236 ], [ -121.943258605563926, 36.561446106365956 ], [ -121.938581597497759, 36.559809626460584 ], [ -121.936468147436244, 36.556166659338651 ], [ -121.93456829576715, 36.548236057257782 ], [ -121.937902444921207, 36.545439945661712 ], [ -121.93494207387667, 36.538298967968693 ], [ -121.930471059733904, 36.535479953110013 ], [ -121.928189757802912, 36.531844613230831 ], [ -121.928067649152112, 36.527392948628659 ], [ -121.930173422106364, 36.524963038985184 ], [ -121.935338714754565, 36.524955421578149 ], [ -121.93936716692842, 36.52258273621068 ], [ -121.944318830449333, 36.5228345127951 ], [ -121.948507537460131, 36.52453584346231 ], [ -121.952795415545651, 36.524345122294562 ], [ -121.956106679154018, 36.522197498731288 ], [ -121.955404719309271, 36.518493500797092 ], [ -121.951299930682708, 36.515746964019115 ], [ -121.948278550548096, 36.512229876110631 ], [ -121.944242437199946, 36.5104598816094 ], [ -121.940923469118871, 36.502937439606917 ], [ -121.940801381128622, 36.499305912262322 ], [ -121.944654406886812, 36.496685248623216 ], [ -121.94727148984272, 36.489673903118508 ], [ -121.942213132479964, 36.481930119197195 ], [ -121.940641474308833, 36.478336700316461 ], [ -121.940458424961676, 36.474178715281468 ], [ -121.938512913877545, 36.47057003627917 ], [ -121.93118090135178, 36.464134672625391 ], [ -121.929647399215639, 36.460194118387207 ], [ -121.930372276517161, 36.456371826297328 ], [ -121.932485753743322, 36.452469431140031 ], [ -121.932142486503011, 36.448071121095062 ], [ -121.927976733812187, 36.445286400718359 ], [ -121.923399051906941, 36.437931709187701 ], [ -121.918386545132066, 36.426583059931637 ], [ -121.919042822643803, 36.418564634950343 ], [ -121.91795191344886, 36.410282991072414 ], [ -121.915624927810043, 36.40661708762029 ], [ -121.915823360619299, 36.402737573145956 ], [ -121.908735505215901, 36.397164316071475 ], [ -121.906591634281966, 36.393441192486918 ], [ -121.907080000972698, 36.389184026853052 ], [ -121.905638062747286, 36.385190064729613 ], [ -121.905592350179148, 36.381184664683822 ], [ -121.908331449247441, 36.377701886530815 ], [ -121.908621442077092, 36.373604936181266 ], [ -121.906126604239901, 36.370198427582032 ], [ -121.906958296387117, 36.366437170317141 ], [ -121.909766059304886, 36.363038315783228 ], [ -121.908827681466448, 36.358842178375006 ], [ -121.904433125339963, 36.351739248156989 ], [ -121.901434728904633, 36.348634094789389 ], [ -121.897475073482866, 36.341039073360768 ], [ -121.896643517861946, 36.336553020780443 ], [ -121.896880101532318, 36.332635359004975 ], [ -121.899031716451375, 36.329091544562822 ], [ -121.898719095664973, 36.31735762759385 ], [ -121.904296548506721, 36.305455897797586 ], [ -121.901023483901184, 36.302747466268414 ], [ -121.89159332785907, 36.299188329132711 ], [ -121.887778561282218, 36.296518040437924 ], [ -121.879256446935827, 36.286393863481031 ], [ -121.870390890193718, 36.28286524373771 ], [ -121.863608260563325, 36.277131756855077 ], [ -121.855063166393236, 36.272832573892565 ], [ -121.846701288979034, 36.262895309240974 ], [ -121.842329655345324, 36.255590189525236 ], [ -121.839644134828717, 36.248574993461169 ], [ -121.831236298139558, 36.243730305041105 ], [ -121.827925043415988, 36.240701433108121 ], [ -121.810735519506167, 36.231710135325201 ], [ -121.805730494172522, 36.231126457410497 ], [ -121.795567853175768, 36.231469711649552 ], [ -121.787762754948687, 36.226422845153962 ], [ -121.778248627256929, 36.224046239378495 ], [ -121.765766574053416, 36.216466394787091 ], [ -121.761303249229741, 36.214593358628647 ], [ -121.754314517867698, 36.208745411919544 ], [ -121.748851635645067, 36.208176984460003 ], [ -121.744472078576777, 36.206605300693624 ], [ -121.740741059575498, 36.202943178279142 ], [ -121.723680626742222, 36.195744731379932 ], [ -121.719354479398419, 36.193295668487401 ], [ -121.716302522504705, 36.190072235935979 ], [ -121.712220531987455, 36.187546880211471 ], [ -121.705765644825917, 36.180985568180972 ], [ -121.700501020254009, 36.173806285970841 ], [ -121.69693786311241, 36.171029162665768 ], [ -121.693069510972933, 36.168278738597962 ], [ -121.683547415833502, 36.164467776477899 ], [ -121.67959513591903, 36.161934786658989 ], [ -121.674338145300908, 36.155064484879929 ], [ -121.663854687233069, 36.146157083972497 ], [ -121.646511971400642, 36.125816979029175 ], [ -121.638416671825496, 36.120430546806247 ], [ -121.634761962615755, 36.112389136990451 ], [ -121.626941343059855, 36.101498101647628 ], [ -121.623492642631263, 36.09367412659163 ], [ -121.621562288106531, 36.085346628979543 ], [ -121.612429334892155, 36.075245207337964 ], [ -121.610262453119716, 36.071792881774492 ], [ -121.597436643542224, 36.064106106807756 ], [ -121.596086159802127, 36.059719188982321 ], [ -121.596017497353657, 36.051818952780266 ], [ -121.594407597746724, 36.048179711165602 ], [ -121.588006142748071, 36.041736601865864 ], [ -121.583115403768915, 36.034412315744397 ], [ -121.579979536311171, 36.02615726585806 ], [ -121.577888956134217, 36.022811745944367 ], [ -121.574302922057413, 36.019599718533641 ], [ -121.569931011153727, 36.017162062912078 ], [ -121.554633128781347, 36.016890997967657 ], [ -121.549574528541868, 36.015952508177918 ], [ -121.540571291490608, 36.012469554075736 ], [ -121.535650028302157, 36.01214904710929 ], [ -121.53099581271988, 36.01052772990549 ], [ -121.522892903847321, 36.005682935828673 ], [ -121.513294536978762, 36.003683887552569 ], [ -121.505702819134683, 35.997988459505088 ], [ -121.495562739014076, 35.983710391913384 ], [ -121.48977932491762, 35.971351148238035 ], [ -121.486315335982866, 35.954273144802819 ], [ -121.479623963827109, 35.938011536893711 ], [ -121.47934927269101, 35.933678123748741 ], [ -121.47532072594737, 35.9260413227871 ], [ -121.476846657601357, 35.921719313425093 ], [ -121.474626382874106, 35.918339598144875 ], [ -121.475244375605158, 35.914490622600269 ], [ -121.468400453225513, 35.907777013166232 ], [ -121.465829166424044, 35.894811128080804 ], [ -121.466187745838937, 35.890595951518698 ], [ -121.460846884524287, 35.883523723084657 ], [ -121.453026357326166, 35.87745097016024 ], [ -121.447120893746359, 35.870176565264252 ], [ -121.438751028439, 35.864923957182391 ], [ -121.424513875304967, 35.858260027019888 ], [ -121.41953163927522, 35.856940245933643 ], [ -121.415274224964591, 35.854456984585433 ], [ -121.412466459324904, 35.850852191314445 ], [ -121.408231910172162, 35.84278046787032 ], [ -121.40510369485321, 35.839133714734608 ], [ -121.398183480163624, 35.832854911178266 ], [ -121.387204203341099, 35.818843861772017 ], [ -121.381947297640295, 35.817680469234993 ], [ -121.378872492672954, 35.814384652047387 ], [ -121.377338895034356, 35.810360212510275 ], [ -121.368122143968989, 35.808433940176101 ], [ -121.359416574072583, 35.803524594269597 ], [ -121.337435173526046, 35.784142578143459 ], [ -121.334734225197209, 35.780324130571422 ], [ -121.330904055498564, 35.772103568985976 ], [ -121.329393311197734, 35.759042164491007 ], [ -121.322778288572778, 35.752381822570229 ], [ -121.323167368578154, 35.747979712143582 ], [ -121.320977519551477, 35.740037679619192 ], [ -121.322511042633906, 35.73592931077075 ], [ -121.321557264874642, 35.731687454350059 ], [ -121.322320181760247, 35.727491356788754 ], [ -121.320496559045267, 35.719389105373004 ], [ -121.323037211628389, 35.715482902975815 ], [ -121.320473563650495, 35.711729333430142 ], [ -121.312714031374398, 35.706144789750368 ], [ -121.309593413381705, 35.702463701886465 ], [ -121.30723570765339, 35.694205052318416 ], [ -121.299857654290207, 35.687842316483739 ], [ -121.294333701531144, 35.686709419926878 ], [ -121.292052357775489, 35.683081726894862 ], [ -121.292006521376635, 35.678813156471634 ], [ -121.289763319489666, 35.67465904362097 ], [ -121.288824801842736, 35.670314187891826 ], [ -121.289190969434586, 35.665866326127869 ], [ -121.287123260631859, 35.662341624944474 ], [ -121.282751435743904, 35.663783591324652 ], [ -121.277143579439397, 35.664298612863483 ], [ -121.266835748666921, 35.660987597680474 ], [ -121.261555955771698, 35.660316265722862 ], [ -121.246860887657746, 35.649124229444276 ], [ -121.242008306995729, 35.647071969840766 ], [ -121.23675900213405, 35.646972803478796 ], [ -121.232303175115248, 35.645168493912884 ], [ -121.221682498181295, 35.645698756459993 ], [ -121.217249556284614, 35.643471022451529 ], [ -121.211771276260109, 35.636616140774954 ], [ -121.206453314467808, 35.637329491419202 ], [ -121.201913566656273, 35.635895201305786 ], [ -121.193436806556875, 35.631332922079174 ], [ -121.186829473515644, 35.637676675436282 ], [ -121.181816691329914, 35.637348630310214 ], [ -121.172500662016461, 35.633377621376532 ], [ -121.168548398491069, 35.630844715025503 ], [ -121.162352934110643, 35.62452006849206 ], [ -121.142881434770231, 35.599408383999041 ], [ -121.130162491617455, 35.591329021780567 ], [ -121.126492478530423, 35.582761362852494 ], [ -121.119282218568699, 35.571328922443719 ], [ -121.113750560282455, 35.564634253269809 ], [ -121.108562195541154, 35.552713534047896 ], [ -121.099917551857459, 35.541674003615796 ], [ -121.089632521644901, 35.531836086640695 ], [ -121.081293126870619, 35.526320145453624 ], [ -121.064927118345793, 35.509497646296644 ], [ -121.053436609420999, 35.500556169910105 ], [ -121.043586508086463, 35.490817409196524 ], [ -121.039863160045428, 35.487723741623434 ], [ -121.035277657709273, 35.485991903756535 ], [ -121.027899635881212, 35.480311915358349 ], [ -121.011983842143735, 35.463275748089075 ], [ -121.007955309126459, 35.460140118644539 ], [ -121.003598703058742, 35.458080219544193 ], [ -120.998341786677159, 35.457511842237146 ], [ -120.993092499000596, 35.458007745023991 ], [ -120.983478955429462, 35.454181652835643 ], [ -120.978077071302906, 35.454368568997346 ], [ -120.973079569246465, 35.455482444551713 ], [ -120.968089689532533, 35.454791992071534 ], [ -120.951693257524937, 35.443969828908969 ], [ -120.936342135744241, 35.439140474326337 ], [ -120.926492099488627, 35.441143160141166 ], [ -120.910431422313749, 35.44233332268935 ], [ -120.905823036434967, 35.440708278275252 ], [ -120.890563487384227, 35.427814740207502 ], [ -120.879744483516333, 35.413097793946676 ], [ -120.872603047013968, 35.391956967155643 ], [ -120.871313633997758, 35.378434012362206 ], [ -120.871748544926319, 35.365292526063591 ], [ -120.870176833331072, 35.352223513615769 ], [ -120.871992726317657, 35.339314724924897 ], [ -120.88020996954495, 35.314408867628096 ], [ -120.894149478785408, 35.281919509151507 ], [ -120.896911434366018, 35.27785691420469 ], [ -120.90059658406409, 35.274809021142779 ], [ -120.900726287742728, 35.270773118914057 ], [ -120.899612348993969, 35.266371004809741 ], [ -120.903007564912301, 35.258283955341625 ], [ -120.902038590730655, 35.253919988342432 ], [ -120.899337675113529, 35.250200689629629 ], [ -120.899276651381541, 35.246286830524134 ], [ -120.896682567794272, 35.242571321385469 ], [ -120.88920548924159, 35.236174069316881 ], [ -120.887290451445907, 35.232283087168398 ], [ -120.879553963383046, 35.22688146306848 ], [ -120.876341878849729, 35.223127802035684 ], [ -120.865400938343853, 35.214834631540846 ], [ -120.863852129887292, 35.210993239973405 ], [ -120.860388266867815, 35.20770115226486 ], [ -120.842489063213947, 35.198995953884875 ], [ -120.833753101017649, 35.193876602737724 ], [ -120.830594430726009, 35.190573070081903 ], [ -120.815075678861234, 35.186163210055192 ], [ -120.796634798703678, 35.176725576381969 ], [ -120.791210098379736, 35.176214377460205 ], [ -120.780688840681947, 35.166593678878733 ], [ -120.766940220525242, 35.158895559679578 ], [ -120.756785137219637, 35.156797420411436 ], [ -120.75236757207901, 35.154710759449095 ], [ -120.749742940886762, 35.156484584106387 ], [ -120.751162033643311, 35.160432783918623 ], [ -120.746103466426092, 35.167856175881028 ], [ -120.742219913332022, 35.170873601327798 ], [ -120.737054586585373, 35.171682325175105 ], [ -120.721406035038171, 35.171438216297283 ], [ -120.712502187986757, 35.167375595940072 ], [ -120.707069835121786, 35.166551635829265 ], [ -120.691848644788948, 35.155019886613715 ], [ -120.68711823775871, 35.152826456814758 ], [ -120.681777452164596, 35.150751284303659 ], [ -120.661642662924081, 35.146120317366744 ], [ -120.652967715775162, 35.141023932526082 ], [ -120.649786150251714, 35.13781961329498 ], [ -120.641317298711883, 35.121794185835689 ], [ -120.637708585156687, 35.104956221505155 ], [ -120.637060247689902, 35.082850181162648 ], [ -120.638304113497668, 35.056906568409538 ], [ -120.643904666524108, 35.017275869885701 ], [ -120.647414478103883, 35.000868924100729 ], [ -120.654777041098399, 34.976531562421158 ], [ -120.656730226912671, 34.972350722385592 ], [ -120.666435044923688, 34.938194527530541 ], [ -120.670158300622248, 34.92966119511587 ], [ -120.668639963897107, 34.925404085057146 ], [ -120.669181650818629, 34.921169850985628 ], [ -120.673561016010112, 34.904293937675646 ], [ -120.672187649246695, 34.900994296648577 ], [ -120.667953144128049, 34.898575848117588 ], [ -120.652380895807241, 34.898667480133362 ], [ -120.647749649051292, 34.89684792860178 ], [ -120.645361527560283, 34.892926507368266 ], [ -120.644201788046871, 34.888577841684594 ], [ -120.643888925617574, 34.880178040721859 ], [ -120.631063336387513, 34.872537409305032 ], [ -120.623067363607191, 34.866159393229061 ], [ -120.618916760858852, 34.858575936196225 ], [ -120.617558649822371, 34.854223454064211 ], [ -120.616887213858575, 34.850038812279891 ], [ -120.618550425515878, 34.837107223191175 ], [ -120.62453959538631, 34.807021247029809 ], [ -120.63000238279308, 34.790477198081234 ], [ -120.640157416677667, 34.769489100639596 ], [ -120.642194505447037, 34.761203730583546 ], [ -120.644048503567205, 34.757213628471632 ], [ -120.643590699527053, 34.753105279421746 ], [ -120.639653755819865, 34.750332057839245 ], [ -120.637570825287639, 34.746998080080317 ], [ -120.635258974080571, 34.738922521605403 ], [ -120.632016324676272, 34.734982019442761 ], [ -120.620068161074371, 34.727627442133304 ], [ -120.613468398514982, 34.716153051215471 ], [ -120.610904773266824, 34.708508538428582 ], [ -120.610225680496526, 34.700082023309818 ], [ -120.611667643831495, 34.691472403739461 ], [ -120.620990969689984, 34.663156411167904 ] ] } },
{ "type": "Feature", "properties": { "year": 1998 }, "geometry": { "type": "LineString", "coordinates": [ [ -122.373376707782072, 37.1728626347155 ], [ -122.367646846422616, 37.165740740903232 ], [ -122.366059899727972, 37.161449305169342 ], [ -122.364709506146369, 37.153186870396269 ], [ -122.365480143158834, 37.148582649707791 ], [ -122.362222279170567, 37.145931485514701 ], [ -122.34774877447127, 37.140220958467623 ], [ -122.340615060809185, 37.133484341772395 ], [ -122.340172576737785, 37.129196729776851 ], [ -122.342331857027972, 37.120816063572434 ], [ -122.342156411069396, 37.116661963637881 ], [ -122.339531828377019, 37.113003751753268 ], [ -122.335503370507325, 37.110669200660368 ], [ -122.330162597500333, 37.109238704745948 ], [ -122.315536425492496, 37.113930601356948 ], [ -122.310226156719693, 37.113953467246525 ], [ -122.300979009098228, 37.109852738719717 ], [ -122.292784781605064, 37.104039262859089 ], [ -122.282408510460485, 37.094460776631706 ], [ -122.277105971954356, 37.086370003966806 ], [ -122.265341170282696, 37.072175864177773 ], [ -122.254453805137885, 37.057298922913439 ], [ -122.250455889666526, 37.054613440007984 ], [ -122.236905767533543, 37.041201302880296 ], [ -122.233998912356526, 37.037443921908498 ], [ -122.227712216982596, 37.025897132516405 ], [ -122.223737201338906, 37.022723379796588 ], [ -122.218655867379908, 37.020785551770409 ], [ -122.214467216258029, 37.018012329857918 ], [ -122.207943941382908, 37.011210888712938 ], [ -122.198612924060711, 37.006301476157979 ], [ -122.190502661695021, 37.000888539174525 ], [ -122.183101851937835, 36.994953003180086 ], [ -122.174671020919533, 36.989746053086044 ], [ -122.17103926502412, 36.986114546885112 ], [ -122.162249849992264, 36.982246520949793 ], [ -122.155955303200088, 36.974933924484766 ], [ -122.146181666642121, 36.971939440534825 ], [ -122.133508701507424, 36.963596890131186 ], [ -122.118417161145942, 36.958653138923573 ], [ -122.109627732293944, 36.954109937960318 ], [ -122.08976000740968, 36.948693170638954 ], [ -122.079665934223598, 36.947262675515141 ], [ -122.069709179378236, 36.944416968707344 ], [ -122.06424632961982, 36.944119418183313 ], [ -122.048285063031045, 36.945126432526472 ], [ -122.032499258910249, 36.944336776496691 ], [ -122.022069531458399, 36.947510487807428 ], [ -122.014554370915633, 36.953308639700722 ], [ -122.009228866208488, 36.953896072668499 ], [ -121.97813765745984, 36.947644054285995 ], [ -121.973315655362754, 36.947361797151935 ], [ -121.968882793366035, 36.949177560420054 ], [ -121.9503121012431, 36.959587653324085 ], [ -121.940591838993939, 36.963192484295746 ], [ -121.935441765706997, 36.963902022196201 ], [ -121.925027149880748, 36.963005644009975 ], [ -121.92016698547161, 36.961483646636601 ], [ -121.911041762270429, 36.956711639992044 ], [ -121.874144054330387, 36.926126430371852 ], [ -121.867368792815014, 36.919607324835376 ], [ -121.849827862418451, 36.898104549229501 ], [ -121.832607366789361, 36.871429176801897 ], [ -121.824061962202705, 36.855179045053141 ], [ -121.805216349686106, 36.823834598951308 ], [ -121.797105898136394, 36.813382638094659 ], [ -121.793382550233915, 36.805307154423431 ], [ -121.794008163267677, 36.801282756228957 ], [ -121.796655650916932, 36.797468155004168 ], [ -121.80945813553339, 36.770209037032181 ], [ -121.816561241908232, 36.747062041591867 ], [ -121.816309411961768, 36.738978838942586 ], [ -121.813005650220518, 36.722369940980961 ], [ -121.813081898242146, 36.7143744736332 ], [ -121.814737435912562, 36.697021713836392 ], [ -121.818781075724701, 36.68105747880017 ], [ -121.822992594245292, 36.669434295839444 ], [ -121.834719283523356, 36.646161232932975 ], [ -121.847132671694993, 36.628053188531396 ], [ -121.856433196582671, 36.618161860109787 ], [ -121.867213888369577, 36.60972772386242 ], [ -121.880314019249681, 36.603689178215824 ], [ -121.885456439327882, 36.605287509937327 ], [ -121.893025128454212, 36.610860682238531 ], [ -121.894711318453275, 36.614919444147823 ], [ -121.900723561955147, 36.621762883330938 ], [ -121.909627428436522, 36.624494156893178 ], [ -121.913144737469523, 36.627542042069102 ], [ -121.918134571061032, 36.629819373143114 ], [ -121.918806012633738, 36.633691215720376 ], [ -121.926176340799657, 36.640038748251825 ], [ -121.931334024892934, 36.641808732708633 ], [ -121.936819771466602, 36.641705737478041 ], [ -121.941206832953412, 36.64035536115513 ], [ -121.943167629071155, 36.635949473520405 ], [ -121.943938163774163, 36.627740408798346 ], [ -121.945486959642409, 36.62376938858803 ], [ -121.951430439328902, 36.617715587400809 ], [ -121.951727965872053, 36.613748382139541 ], [ -121.955275762136409, 36.612680290188109 ], [ -121.959517893083159, 36.615766319901851 ], [ -121.963126722852721, 36.614202327453654 ], [ -121.965636791057904, 36.60192306851404 ], [ -121.968429231160698, 36.598817970446213 ], [ -121.969153959016452, 36.58743514726924 ], [ -121.973777539886555, 36.586420463383114 ], [ -121.982948390719741, 36.582735551815858 ], [ -121.981269832109163, 36.57934816890652 ], [ -121.974891365126297, 36.573130332720417 ], [ -121.972953398239426, 36.569792538617655 ], [ -121.963996120188597, 36.56609615983718 ], [ -121.95618328858248, 36.561541491910496 ], [ -121.951773320355016, 36.560057597681499 ], [ -121.948210272324886, 36.561800873784236 ], [ -121.943258605563926, 36.561446106365956 ], [ -121.938581597497759, 36.559809626460584 ], [ -121.936468147436244, 36.556166659338651 ], [ -121.93456829576715, 36.548236057257782 ], [ -121.937902444921207, 36.545439945661712 ], [ -121.93494207387667, 36.538298967968693 ], [ -121.930471059733904, 36.535479953110013 ], [ -121.928189757802912, 36.531844613230831 ], [ -121.928067649152112, 36.527392948628659 ], [ -121.930173422106364, 36.524963038985184 ], [ -121.935338714754565, 36.524955421578149 ], [ -121.93936716692842, 36.52258273621068 ], [ -121.944318830449333, 36.5228345127951 ], [ -121.948507537460131, 36.52453584346231 ], [ -121.952795415545651, 36.524345122294562 ], [ -121.956106679154018, 36.522197498731288 ], [ -121.955404719309271, 36.518493500797092 ], [ -121.951299930682708, 36.515746964019115 ], [ -121.948278550548096, 36.512229876110631 ], [ -121.944242437199946, 36.5104598816094 ], [ -121.940923469118871, 36.502937439606917 ], [ -121.940801381128622, 36.499305912262322 ], [ -121.944654406886812, 36.496685248623216 ], [ -121.94727148984272, 36.489673903118508 ], [ -121.942213132479964, 36.481930119197195 ], [ -121.940641474308833, 36.478336700316461 ], [ -121.940458424961676, 36.474178715281468 ], [ -121.938512913877545, 36.47057003627917 ], [ -121.93118090135178, 36.464134672625391 ], [ -121.929647399215639, 36.460194118387207 ], [ -121.930372276517161, 36.456371826297328 ], [ -121.932485753743322, 36.452469431140031 ], [ -121.932142486503011, 36.448071121095062 ], [ -121.927976733812187, 36.445286400718359 ], [ -121.923399051906941, 36.437931709187701 ], [ -121.918386545132066, 36.426583059931637 ], [ -121.919042822643803, 36.418564634950343 ], [ -121.91795191344886, 36.410282991072414 ], [ -121.915624927810043, 36.40661708762029 ], [ -121.915823360619299, 36.402737573145956 ], [ -121.908735505215901, 36.397164316071475 ], [ -121.906591634281966, 36.393441192486918 ], [ -121.907080000972698, 36.389184026853052 ], [ -121.905638062747286, 36.385190064729613 ], [ -121.905592350179148, 36.381184664683822 ], [ -121.908331449247441, 36.377701886530815 ], [ -121.908621442077092, 36.373604936181266 ], [ -121.906126604239901, 36.370198427582032 ], [ -121.906958296387117, 36.366437170317141 ], [ -121.909766059304886, 36.363038315783228 ], [ -121.908827681466448, 36.358842178375006 ], [ -121.904433125339963, 36.351739248156989 ], [ -121.901434728904633, 36.348634094789389 ], [ -121.897475073482866, 36.341039073360768 ], [ -121.896643517861946, 36.336553020780443 ], [ -121.896880101532318, 36.332635359004975 ], [ -121.899031716451375, 36.329091544562822 ], [ -121.898719095664973, 36.31735762759385 ], [ -121.904296548506721, 36.305455897797586 ], [ -121.901023483901184, 36.302747466268414 ], [ -121.89159332785907, 36.299188329132711 ], [ -121.887778561282218, 36.296518040437924 ], [ -121.879256446935827, 36.286393863481031 ], [ -121.870390890193718, 36.28286524373771 ], [ -121.863608260563325, 36.277131756855077 ], [ -121.855063166393236, 36.272832573892565 ], [ -121.846701288979034, 36.262895309240974 ], [ -121.842329655345324, 36.255590189525236 ], [ -121.839644134828717, 36.248574993461169 ], [ -121.831236298139558, 36.243730305041105 ], [ -121.827925043415988, 36.240701433108121 ], [ -121.810735519506167, 36.231710135325201 ], [ -121.805730494172522, 36.231126457410497 ], [ -121.795567853175768, 36.231469711649552 ], [ -121.787762754948687, 36.226422845153962 ], [ -121.778248627256929, 36.224046239378495 ], [ -121.765766574053416, 36.216466394787091 ], [ -121.761303249229741, 36.214593358628647 ], [ -121.754314517867698, 36.208745411919544 ], [ -121.748851635645067, 36.208176984460003 ], [ -121.744472078576777, 36.206605300693624 ], [ -121.740741059575498, 36.202943178279142 ], [ -121.723680626742222, 36.195744731379932 ], [ -121.719354479398419, 36.193295668487401 ], [ -121.716302522504705, 36.190072235935979 ], [ -121.712220531987455, 36.187546880211471 ], [ -121.705765644825917, 36.180985568180972 ], [ -121.700501020254009, 36.173806285970841 ], [ -121.69693786311241, 36.171029162665768 ], [ -121.693069510972933, 36.168278738597962 ], [ -121.683547415833502, 36.164467776477899 ], [ -121.67959513591903, 36.161934786658989 ], [ -121.674338145300908, 36.155064484879929 ], [ -121.663854687233069, 36.146157083972497 ], [ -121.646511971400642, 36.125816979029175 ], [ -121.638416671825496, 36.120430546806247 ], [ -121.634761962615755, 36.112389136990451 ], [ -121.626941343059855, 36.101498101647628 ], [ -121.623492642631263, 36.09367412659163 ], [ -121.621562288106531, 36.085346628979543 ], [ -121.612429334892155, 36.075245207337964 ], [ -121.610262453119716, 36.071792881774492 ], [ -121.597436643542224, 36.064106106807756 ], [ -121.596086159802127, 36.059719188982321 ], [ -121.596017497353657, 36.051818952780266 ], [ -121.594407597746724, 36.048179711165602 ], [ -121.588006142748071, 36.041736601865864 ], [ -121.583115403768915, 36.034412315744397 ], [ -121.579979536311171, 36.02615726585806 ], [ -121.577888956134217, 36.022811745944367 ], [ -121.574302922057413, 36.019599718533641 ], [ -121.569931011153727, 36.017162062912078 ], [ -121.554633128781347, 36.016890997967657 ], [ -121.549574528541868, 36.015952508177918 ], [ -121.540571291490608, 36.012469554075736 ], [ -121.535650028302157, 36.01214904710929 ], [ -121.53099581271988, 36.01052772990549 ], [ -121.522892903847321, 36.005682935828673 ], [ -121.513294536978762, 36.003683887552569 ], [ -121.505702819134683, 35.997988459505088 ], [ -121.495562739014076, 35.983710391913384 ], [ -121.48977932491762, 35.971351148238035 ], [ -121.486315335982866, 35.954273144802819 ], [ -121.479623963827109, 35.938011536893711 ], [ -121.47934927269101, 35.933678123748741 ], [ -121.47532072594737, 35.9260413227871 ], [ -121.476846657601357, 35.921719313425093 ], [ -121.474626382874106, 35.918339598144875 ], [ -121.475244375605158, 35.914490622600269 ], [ -121.468400453225513, 35.907777013166232 ], [ -121.465829166424044, 35.894811128080804 ], [ -121.466187745838937, 35.890595951518698 ], [ -121.460846884524287, 35.883523723084657 ], [ -121.453026357326166, 35.87745097016024 ], [ -121.447120893746359, 35.870176565264252 ], [ -121.438751028439, 35.864923957182391 ], [ -121.424513875304967, 35.858260027019888 ], [ -121.41953163927522, 35.856940245933643 ], [ -121.415274224964591, 35.854456984585433 ], [ -121.412466459324904, 35.850852191314445 ], [ -121.408231910172162, 35.84278046787032 ], [ -121.40510369485321, 35.839133714734608 ], [ -121.398183480163624, 35.832854911178266 ], [ -121.387204203341099, 35.818843861772017 ], [ -121.381947297640295, 35.817680469234993 ], [ -121.378872492672954, 35.814384652047387 ], [ -121.377338895034356, 35.810360212510275 ], [ -121.368122143968989, 35.808433940176101 ], [ -121.359416574072583, 35.803524594269597 ], [ -121.337435173526046, 35.784142578143459 ], [ -121.334734225197209, 35.780324130571422 ], [ -121.330904055498564, 35.772103568985976 ], [ -121.329393311197734, 35.759042164491007 ], [ -121.322778288572778, 35.752381822570229 ], [ -121.323167368578154, 35.747979712143582 ], [ -121.320977519551477, 35.740037679619192 ], [ -121.322511042633906, 35.73592931077075 ], [ -121.321557264874642, 35.731687454350059 ], [ -121.322320181760247, 35.727491356788754 ], [ -121.320496559045267, 35.719389105373004 ], [ -121.323037211628389, 35.715482902975815 ], [ -121.320473563650495, 35.711729333430142 ], [ -121.312714031374398, 35.706144789750368 ], [ -121.309593413381705, 35.702463701886465 ], [ -121.30723570765339, 35.694205052318416 ], [ -121.299857654290207, 35.687842316483739 ], [ -121.294333701531144, 35.686709419926878 ], [ -121.292052357775489, 35.683081726894862 ], [ -121.292006521376635, 35.678813156471634 ], [ -121.289763319489666, 35.67465904362097 ], [ -121.288824801842736, 35.670314187891826 ], [ -121.289190969434586, 35.665866326127869 ], [ -121.287123260631859, 35.662341624944474 ], [ -121.282751435743904, 35.663783591324652 ], [ -121.277143579439397, 35.664298612863483 ], [ -121.266835748666921, 35.660987597680474 ], [ -121.261555955771698, 35.660316265722862 ], [ -121.246860887657746, 35.649124229444276 ], [ -121.242008306995729, 35.647071969840766 ], [ -121.23675900213405, 35.646972803478796 ], [ -121.232303175115248, 35.645168493912884 ], [ -121.221682498181295, 35.645698756459993 ], [ -121.217249556284614, 35.643471022451529 ], [ -121.211771276260109, 35.636616140774954 ], [ -121.206453314467808, 35.637329491419202 ], [ -121.201913566656273, 35.635895201305786 ], [ -121.193436806556875, 35.631332922079174 ], [ -121.186829473515644, 35.637676675436282 ], [ -121.181816691329914, 35.637348630310214 ], [ -121.172500662016461, 35.633377621376532 ], [ -121.168548398491069, 35.630844715025503 ], [ -121.162352934110643, 35.62452006849206 ], [ -121.142881434770231, 35.599408383999041 ], [ -121.130162491617455, 35.591329021780567 ], [ -121.126492478530423, 35.582761362852494 ], [ -121.119282218568699, 35.571328922443719 ], [ -121.113750560282455, 35.564634253269809 ], [ -121.108562195541154, 35.552713534047896 ], [ -121.099917551857459, 35.541674003615796 ], [ -121.089632521644901, 35.531836086640695 ], [ -121.081293126870619, 35.526320145453624 ], [ -121.064927118345793, 35.509497646296644 ], [ -121.053436609420999, 35.500556169910105 ], [ -121.043586508086463, 35.490817409196524 ], [ -121.039863160045428, 35.487723741623434 ], [ -121.035277657709273, 35.485991903756535 ], [ -121.027899635881212, 35.480311915358349 ], [ -121.011983842143735, 35.463275748089075 ], [ -121.007955309126459, 35.460140118644539 ], [ -121.003598703058742, 35.458080219544193 ], [ -120.998341786677159, 35.457511842237146 ], [ -120.993092499000596, 35.458007745023991 ], [ -120.983478955429462, 35.454181652835643 ], [ -120.978077071302906, 35.454368568997346 ], [ -120.973079569246465, 35.455482444551713 ], [ -120.968089689532533, 35.454791992071534 ], [ -120.951693257524937, 35.443969828908969 ], [ -120.936342135744241, 35.439140474326337 ], [ -120.926492099488627, 35.441143160141166 ], [ -120.910431422313749, 35.44233332268935 ], [ -120.905823036434967, 35.440708278275252 ], [ -120.890563487384227, 35.427814740207502 ], [ -120.879744483516333, 35.413097793946676 ], [ -120.872603047013968, 35.391956967155643 ], [ -120.871313633997758, 35.378434012362206 ], [ -120.871748544926319, 35.365292526063591 ], [ -120.870176833331072, 35.352223513615769 ], [ -120.871992726317657, 35.339314724924897 ], [ -120.88020996954495, 35.314408867628096 ], [ -120.894149478785408, 35.281919509151507 ], [ -120.896911434366018, 35.27785691420469 ], [ -120.90059658406409, 35.274809021142779 ], [ -120.900726287742728, 35.270773118914057 ], [ -120.899612348993969, 35.266371004809741 ], [ -120.903007564912301, 35.258283955341625 ], [ -120.902038590730655, 35.253919988342432 ], [ -120.899337675113529, 35.250200689629629 ], [ -120.899276651381541, 35.246286830524134 ], [ -120.896682567794272, 35.242571321385469 ], [ -120.88920548924159, 35.236174069316881 ], [ -120.887290451445907, 35.232283087168398 ], [ -120.879553963383046, 35.22688146306848 ], [ -120.876341878849729, 35.223127802035684 ], [ -120.865400938343853, 35.214834631540846 ], [ -120.863852129887292, 35.210993239973405 ], [ -120.860388266867815, 35.20770115226486 ], [ -120.842489063213947, 35.198995953884875 ], [ -120.833753101017649, 35.193876602737724 ], [ -120.830594430726009, 35.190573070081903 ], [ -120.815075678861234, 35.186163210055192 ], [ -120.796634798703678, 35.176725576381969 ], [ -120.791210098379736, 35.176214377460205 ], [ -120.780688840681947, 35.166593678878733 ], [ -120.766940220525242, 35.158895559679578 ], [ -120.756785137219637, 35.156797420411436 ], [ -120.75236757207901, 35.154710759449095 ], [ -120.749742940886762, 35.156484584106387 ], [ -120.751162033643311, 35.160432783918623 ], [ -120.746103466426092, 35.167856175881028 ], [ -120.742219913332022, 35.170873601327798 ], [ -120.737054586585373, 35.171682325175105 ], [ -120.721406035038171, 35.171438216297283 ], [ -120.712502187986757, 35.167375595940072 ], [ -120.707069835121786, 35.166551635829265 ], [ -120.691848644788948, 35.155019886613715 ], [ -120.68711823775871, 35.152826456814758 ], [ -120.681777452164596, 35.150751284303659 ], [ -120.661642662924081, 35.146120317366744 ], [ -120.652967715775162, 35.141023932526082 ], [ -120.649786150251714, 35.13781961329498 ], [ -120.641317298711883, 35.121794185835689 ], [ -120.637708585156687, 35.104956221505155 ], [ -120.637060247689902, 35.082850181162648 ], [ -120.638304113497668, 35.056906568409538 ], [ -120.643904666524108, 35.017275869885701 ], [ -120.647414478103883, 35.000868924100729 ], [ -120.654777041098399, 34.976531562421158 ], [ -120.656730226912671, 34.972350722385592 ], [ -120.666435044923688, 34.938194527530541 ], [ -120.670158300622248, 34.92966119511587 ], [ -120.668639963897107, 34.925404085057146 ], [ -120.669181650818629, 34.921169850985628 ], [ -120.673561016010112, 34.904293937675646 ], [ -120.672187649246695, 34.900994296648577 ], [ -120.667953144128049, 34.898575848117588 ], [ -120.652380895807241, 34.898667480133362 ], [ -120.647749649051292, 34.89684792860178 ], [ -120.645361527560283, 34.892926507368266 ], [ -120.644201788046871, 34.888577841684594 ], [ -120.643888925617574, 34.880178040721859 ], [ -120.631063336387513, 34.872537409305032 ], [ -120.623067363607191, 34.866159393229061 ], [ -120.618916760858852, 34.858575936196225 ], [ -120.617558649822371, 34.854223454064211 ], [ -120.616887213858575, 34.850038812279891 ], [ -120.618550425515878, 34.837107223191175 ], [ -120.62453959538631, 34.807021247029809 ], [ -120.63000238279308, 34.790477198081234 ], [ -120.640157416677667, 34.769489100639596 ], [ -120.642194505447037, 34.761203730583546 ], [ -120.644048503567205, 34.757213628471632 ], [ -120.643590699527053, 34.753105279421746 ], [ -120.639653755819865, 34.750332057839245 ], [ -120.637570825287639, 34.746998080080317 ], [ -120.635258974080571, 34.738922521605403 ], [ -120.632016324676272, 34.734982019442761 ], [ -120.620068161074371, 34.727627442133304 ], [ -120.613468398514982, 34.716153051215471 ], [ -120.610904773266824, 34.708508538428582 ], [ -120.610225680496526, 34.700082023309818 ], [ -120.611667643831495, 34.691472403739461 ], [ -120.619327719485, 34.667196102603164 ] ] } },
{ "type": "Feature", "properties": { "year": 1999 }, "geometry": { "type": "LineString", "coordinates": [ [ -122.444591504678314, 37.424853218065536 ], [ -122.432475516634753, 37.404055692190525 ], [ -122.432231380627883, 37.399806193987132 ], [ -122.430079802003476, 37.396113605800068 ], [ -122.426676941342151, 37.392775761884721 ], [ -122.414003987337935, 37.373645251623572 ], [ -122.40942623870599, 37.348602189734223 ], [ -122.409113455061274, 37.340091760786663 ], [ -122.411196506441158, 37.309761708710269 ], [ -122.415988135078138, 37.274728242375588 ], [ -122.419696259482023, 37.258085063247506 ], [ -122.423022841781162, 37.254575633107414 ], [ -122.424136801222474, 37.250341406648111 ], [ -122.423587506800146, 37.241377073455752 ], [ -122.420451726747118, 37.23349988746898 ], [ -122.413623178154282, 37.222040762206497 ], [ -122.412524521936831, 37.21767303064847 ], [ -122.412974700059976, 37.213522741921025 ], [ -122.410022044493729, 37.205065741090323 ], [ -122.41064010507894, 37.196109049797634 ], [ -122.407626385675357, 37.192515672792446 ], [ -122.403338496866979, 37.190024709760003 ], [ -122.400103543343491, 37.182364963459477 ], [ -122.396845674482819, 37.179080569976172 ], [ -122.391329392429157, 37.17844349981781 ], [ -122.386202215605692, 37.179339902777407 ], [ -122.381715950985296, 37.177970434705053 ], [ -122.373376707782072, 37.1728626347155 ], [ -122.370095955388237, 37.169536283357758 ], [ -122.367646846422616, 37.165740740903232 ], [ -122.365068068565463, 37.157474484770077 ], [ -122.365480143158834, 37.148582649707791 ], [ -122.362222279170567, 37.145931485514701 ], [ -122.34774877447127, 37.140220958467623 ], [ -122.340615060809185, 37.133484341772395 ], [ -122.340172576737785, 37.129196729776851 ], [ -122.342331857027972, 37.120816063572434 ], [ -122.342156411069396, 37.116661963637881 ], [ -122.339531828377019, 37.113003751753268 ], [ -122.335503370507325, 37.110669200660368 ], [ -122.330162597500333, 37.109238704745948 ], [ -122.315536425492496, 37.113930601356948 ], [ -122.310226156719693, 37.113953467246525 ], [ -122.300979009098228, 37.109852738719717 ], [ -122.288870784745669, 37.100896021594515 ], [ -122.282408510460485, 37.094460776631706 ], [ -122.277105971954356, 37.086370003966806 ], [ -122.265341170282696, 37.072175864177773 ], [ -122.254453805137885, 37.057298922913439 ], [ -122.250455889666526, 37.054613440007984 ], [ -122.236905767533543, 37.041201302880296 ], [ -122.233998912356526, 37.037443921908498 ], [ -122.227712216982596, 37.025897132516405 ], [ -122.223737201338906, 37.022723379796588 ], [ -122.218655867379908, 37.020785551770409 ], [ -122.214467216258029, 37.018012329857918 ], [ -122.207943941382908, 37.011210888712938 ], [ -122.198612924060711, 37.006301476157979 ], [ -122.190502661695021, 37.000888539174525 ], [ -122.183101851937835, 36.994953003180086 ], [ -122.174671020919533, 36.989746053086044 ], [ -122.17103926502412, 36.986114546885112 ], [ -122.162249849992264, 36.982246520949793 ], [ -122.155955303200088, 36.974933924484766 ], [ -122.146181666642121, 36.971939440534825 ], [ -122.133508701507424, 36.963596890131186 ], [ -122.118417161145942, 36.958653138923573 ], [ -122.109627732293944, 36.954109937960318 ], [ -122.08976000740968, 36.948693170638954 ], [ -122.079665934223598, 36.947262675515141 ], [ -122.069709179378236, 36.944416968707344 ], [ -122.058905556815901, 36.944024041183255 ], [ -122.043203700196145, 36.945118791555288 ], [ -122.032499258910249, 36.944336776496691 ], [ -122.022069531458399, 36.947510487807428 ], [ -122.014554370915633, 36.953308639700722 ], [ -122.009228866208488, 36.953896072668499 ], [ -121.97813765745984, 36.947644054285995 ], [ -121.973315655362754, 36.947361797151935 ], [ -121.968882793366035, 36.949177560420054 ], [ -121.9503121012431, 36.959587653324085 ], [ -121.940591838993939, 36.963192484295746 ], [ -121.935441765706997, 36.963902022196201 ], [ -121.925027149880748, 36.963005644009975 ], [ -121.915344963335983, 36.959225433378677 ], [ -121.911041762270429, 36.956711639992044 ], [ -121.899825955376429, 36.947934323664796 ], [ -121.870535161128615, 36.922906931876938 ], [ -121.85521450881339, 36.905199666749553 ], [ -121.839733616569021, 36.883101800848998 ], [ -121.807398471063962, 36.82740123664302 ], [ -121.794969555805295, 36.809610011426003 ], [ -121.793382550233915, 36.805307154423431 ], [ -121.794008163267677, 36.801282756228957 ], [ -121.796655650916932, 36.797468155004168 ], [ -121.80945813553339, 36.770209037032181 ], [ -121.816561241908232, 36.747062041591867 ], [ -121.816309411961768, 36.738978838942586 ], [ -121.813005650220518, 36.722369940980961 ], [ -121.813081898242146, 36.7143744736332 ], [ -121.814737435912562, 36.697021713836392 ], [ -121.817606127564389, 36.685059027692283 ], [ -121.822992594245292, 36.669434295839444 ], [ -121.830317001440136, 36.653965966609618 ], [ -121.834719283523356, 36.646161232932975 ], [ -121.847132671694993, 36.628053188531396 ], [ -121.862864985521185, 36.612523843291392 ], [ -121.867213888369577, 36.60972772386242 ], [ -121.880314019249681, 36.603689178215824 ], [ -121.885456439327882, 36.605287509937327 ], [ -121.893025128454212, 36.610860682238531 ], [ -121.894711318453275, 36.614919444147823 ], [ -121.900723561955147, 36.621762883330938 ], [ -121.909627428436522, 36.624494156893178 ], [ -121.913144737469523, 36.627542042069102 ], [ -121.918134571061032, 36.629819373143114 ], [ -121.918806012633738, 36.633691215720376 ], [ -121.926176340799657, 36.640038748251825 ], [ -121.931334024892934, 36.641808732708633 ], [ -121.936819771466602, 36.641705737478041 ], [ -121.941206832953412, 36.64035536115513 ], [ -121.943167629071155, 36.635949473520405 ], [ -121.943938163774163, 36.627740408798346 ], [ -121.945486959642409, 36.62376938858803 ], [ -121.951430439328902, 36.617715587400809 ], [ -121.951727965872053, 36.613748382139541 ], [ -121.955275762136409, 36.612680290188109 ], [ -121.959517893083159, 36.615766319901851 ], [ -121.963126722852721, 36.614202327453654 ], [ -121.965636791057904, 36.60192306851404 ], [ -121.968429231160698, 36.598817970446213 ], [ -121.969153959016452, 36.58743514726924 ], [ -121.973777539886555, 36.586420463383114 ], [ -121.982948390719741, 36.582735551815858 ], [ -121.981269832109163, 36.57934816890652 ], [ -121.974891365126297, 36.573130332720417 ], [ -121.972953398239426, 36.569792538617655 ], [ -121.963996120188597, 36.56609615983718 ], [ -121.95618328858248, 36.561541491910496 ], [ -121.951773320355016, 36.560057597681499 ], [ -121.948210272324886, 36.561800873784236 ], [ -121.943258605563926, 36.561446106365956 ], [ -121.938581597497759, 36.559809626460584 ], [ -121.936468147436244, 36.556166659338651 ], [ -121.93456829576715, 36.548236057257782 ], [ -121.937902444921207, 36.545439945661712 ], [ -121.93494207387667, 36.538298967968693 ], [ -121.930471059733904, 36.535479953110013 ], [ -121.928189757802912, 36.531844613230831 ], [ -121.928067649152112, 36.527392948628659 ], [ -121.930173422106364, 36.524963038985184 ], [ -121.935338714754565, 36.524955421578149 ], [ -121.93936716692842, 36.52258273621068 ], [ -121.944318830449333, 36.5228345127951 ], [ -121.948507537460131, 36.52453584346231 ], [ -121.952795415545651, 36.524345122294562 ], [ -121.956106679154018, 36.522197498731288 ], [ -121.955404719309271, 36.518493500797092 ], [ -121.951299930682708, 36.515746964019115 ], [ -121.948278550548096, 36.512229876110631 ], [ -121.944242437199946, 36.5104598816094 ], [ -121.940923469118871, 36.502937439606917 ], [ -121.940801381128622, 36.499305912262322 ], [ -121.944654406886812, 36.496685248623216 ], [ -121.94727148984272, 36.489673903118508 ], [ -121.942213132479964, 36.481930119197195 ], [ -121.940641474308833, 36.478336700316461 ], [ -121.940458424961676, 36.474178715281468 ], [ -121.938512913877545, 36.47057003627917 ], [ -121.93118090135178, 36.464134672625391 ], [ -121.929647399215639, 36.460194118387207 ], [ -121.930372276517161, 36.456371826297328 ], [ -121.932485753743322, 36.452469431140031 ], [ -121.932142486503011, 36.448071121095062 ], [ -121.927976733812187, 36.445286400718359 ], [ -121.923399051906941, 36.437931709187701 ], [ -121.918386545132066, 36.426583059931637 ], [ -121.919042822643803, 36.418564634950343 ], [ -121.91795191344886, 36.410282991072414 ], [ -121.915624927810043, 36.40661708762029 ], [ -121.915823360619299, 36.402737573145956 ], [ -121.908735505215901, 36.397164316071475 ], [ -121.906591634281966, 36.393441192486918 ], [ -121.907080000972698, 36.389184026853052 ], [ -121.905638062747286, 36.385190064729613 ], [ -121.905592350179148, 36.381184664683822 ], [ -121.908331449247441, 36.377701886530815 ], [ -121.908621442077092, 36.373604936181266 ], [ -121.906126604239901, 36.370198427582032 ], [ -121.906958296387117, 36.366437170317141 ], [ -121.909766059304886, 36.363038315783228 ], [ -121.908827681466448, 36.358842178375006 ], [ -121.904433125339963, 36.351739248156989 ], [ -121.901434728904633, 36.348634094789389 ], [ -121.897475073482866, 36.341039073360768 ], [ -121.896643517861946, 36.336553020780443 ], [ -121.896880101532318, 36.332635359004975 ], [ -121.899031716451375, 36.329091544562822 ], [ -121.898719095664973, 36.31735762759385 ], [ -121.904296548506721, 36.305455897797586 ], [ -121.901023483901184, 36.302747466268414 ], [ -121.89159332785907, 36.299188329132711 ], [ -121.887778561282218, 36.296518040437924 ], [ -121.879256446935827, 36.286393863481031 ], [ -121.870390890193718, 36.28286524373771 ], [ -121.863608260563325, 36.277131756855077 ], [ -121.855063166393236, 36.272832573892565 ], [ -121.846701288979034, 36.262895309240974 ], [ -121.842329655345324, 36.255590189525236 ], [ -121.839644134828717, 36.248574993461169 ], [ -121.831236298139558, 36.243730305041105 ], [ -121.827925043415988, 36.240701433108121 ], [ -121.810735519506167, 36.231710135325201 ], [ -121.805730494172522, 36.231126457410497 ], [ -121.795567853175768, 36.231469711649552 ], [ -121.787762754948687, 36.226422845153962 ], [ -121.778248627256929, 36.224046239378495 ], [ -121.765766574053416, 36.216466394787091 ], [ -121.761303249229741, 36.214593358628647 ], [ -121.754314517867698, 36.208745411919544 ], [ -121.748851635645067, 36.208176984460003 ], [ -121.744472078576777, 36.206605300693624 ], [ -121.740741059575498, 36.202943178279142 ], [ -121.723680626742222, 36.195744731379932 ], [ -121.719354479398419, 36.193295668487401 ], [ -121.716302522504705, 36.190072235935979 ], [ -121.712220531987455, 36.187546880211471 ], [ -121.705765644825917, 36.180985568180972 ], [ -121.700501020254009, 36.173806285970841 ], [ -121.69693786311241, 36.171029162665768 ], [ -121.693069510972933, 36.168278738597962 ], [ -121.683547415833502, 36.164467776477899 ], [ -121.67959513591903, 36.161934786658989 ], [ -121.674338145300908, 36.155064484879929 ], [ -121.663854687233069, 36.146157083972497 ], [ -121.646511971400642, 36.125816979029175 ], [ -121.638416671825496, 36.120430546806247 ], [ -121.634761962615755, 36.112389136990451 ], [ -121.626941343059855, 36.101498101647628 ], [ -121.623492642631263, 36.09367412659163 ], [ -121.621562288106531, 36.085346628979543 ], [ -121.612429334892155, 36.075245207337964 ], [ -121.610262453119716, 36.071792881774492 ], [ -121.597436643542224, 36.064106106807756 ], [ -121.596086159802127, 36.059719188982321 ], [ -121.596017497353657, 36.051818952780266 ], [ -121.594407597746724, 36.048179711165602 ], [ -121.588006142748071, 36.041736601865864 ], [ -121.583115403768915, 36.034412315744397 ], [ -121.579979536311171, 36.02615726585806 ], [ -121.577888956134217, 36.022811745944367 ], [ -121.574302922057413, 36.019599718533641 ], [ -121.569931011153727, 36.017162062912078 ], [ -121.554633128781347, 36.016890997967657 ], [ -121.549574528541868, 36.015952508177918 ], [ -121.540571291490608, 36.012469554075736 ], [ -121.535650028302157, 36.01214904710929 ], [ -121.53099581271988, 36.01052772990549 ], [ -121.522892903847321, 36.005682935828673 ], [ -121.513294536978762, 36.003683887552569 ], [ -121.505702819134683, 35.997988459505088 ], [ -121.495562739014076, 35.983710391913384 ], [ -121.48977932491762, 35.971351148238035 ], [ -121.486315335982866, 35.954273144802819 ], [ -121.479623963827109, 35.938011536893711 ], [ -121.47934927269101, 35.933678123748741 ], [ -121.47532072594737, 35.9260413227871 ], [ -121.476846657601357, 35.921719313425093 ], [ -121.474626382874106, 35.918339598144875 ], [ -121.475244375605158, 35.914490622600269 ], [ -121.468400453225513, 35.907777013166232 ], [ -121.465829166424044, 35.894811128080804 ], [ -121.466187745838937, 35.890595951518698 ], [ -121.460846884524287, 35.883523723084657 ], [ -121.453026357326166, 35.87745097016024 ], [ -121.447120893746359, 35.870176565264252 ], [ -121.438751028439, 35.864923957182391 ], [ -121.424513875304967, 35.858260027019888 ], [ -121.41953163927522, 35.856940245933643 ], [ -121.415274224964591, 35.854456984585433 ], [ -121.412466459324904, 35.850852191314445 ], [ -121.408231910172162, 35.84278046787032 ], [ -121.40510369485321, 35.839133714734608 ], [ -121.398183480163624, 35.832854911178266 ], [ -121.387204203341099, 35.818843861772017 ], [ -121.381947297640295, 35.817680469234993 ], [ -121.378872492672954, 35.814384652047387 ], [ -121.377338895034356, 35.810360212510275 ], [ -121.368122143968989, 35.808433940176101 ], [ -121.359416574072583, 35.803524594269597 ], [ -121.337435173526046, 35.784142578143459 ], [ -121.334734225197209, 35.780324130571422 ], [ -121.330904055498564, 35.772103568985976 ], [ -121.329393311197734, 35.759042164491007 ], [ -121.322778288572778, 35.752381822570229 ], [ -121.323167368578154, 35.747979712143582 ], [ -121.320977519551477, 35.740037679619192 ], [ -121.322511042633906, 35.73592931077075 ], [ -121.321557264874642, 35.731687454350059 ], [ -121.322320181760247, 35.727491356788754 ], [ -121.320496559045267, 35.719389105373004 ], [ -121.323037211628389, 35.715482902975815 ], [ -121.320473563650495, 35.711729333430142 ], [ -121.312714031374398, 35.706144789750368 ], [ -121.309593413381705, 35.702463701886465 ], [ -121.30723570765339, 35.694205052318416 ], [ -121.299857654290207, 35.687842316483739 ], [ -121.294333701531144, 35.686709419926878 ], [ -121.292052357775489, 35.683081726894862 ], [ -121.292006521376635, 35.678813156471634 ], [ -121.289763319489666, 35.67465904362097 ], [ -121.288824801842736, 35.670314187891826 ], [ -121.289190969434586, 35.665866326127869 ], [ -121.287123260631859, 35.662341624944474 ], [ -121.282751435743904, 35.663783591324652 ], [ -121.277143579439397, 35.664298612863483 ], [ -121.266835748666921, 35.660987597680474 ], [ -121.261555955771698, 35.660316265722862 ], [ -121.246860887657746, 35.649124229444276 ], [ -121.242008306995729, 35.647071969840766 ], [ -121.23675900213405, 35.646972803478796 ], [ -121.232303175115248, 35.645168493912884 ], [ -121.221682498181295, 35.645698756459993 ], [ -121.217249556284614, 35.643471022451529 ], [ -121.211771276260109, 35.636616140774954 ], [ -121.206453314467808, 35.637329491419202 ], [ -121.201913566656273, 35.635895201305786 ], [ -121.193436806556875, 35.631332922079174 ], [ -121.186829473515644, 35.637676675436282 ], [ -121.181816691329914, 35.637348630310214 ], [ -121.172500662016461, 35.633377621376532 ], [ -121.168548398491069, 35.630844715025503 ], [ -121.162352934110643, 35.62452006849206 ], [ -121.142881434770231, 35.599408383999041 ], [ -121.130162491617455, 35.591329021780567 ], [ -121.126492478530423, 35.582761362852494 ], [ -121.119282218568699, 35.571328922443719 ], [ -121.113750560282455, 35.564634253269809 ], [ -121.108562195541154, 35.552713534047896 ], [ -121.099917551857459, 35.541674003615796 ], [ -121.089632521644901, 35.531836086640695 ], [ -121.081293126870619, 35.526320145453624 ], [ -121.064927118345793, 35.509497646296644 ], [ -121.053436609420999, 35.500556169910105 ], [ -121.043586508086463, 35.490817409196524 ], [ -121.039863160045428, 35.487723741623434 ], [ -121.035277657709273, 35.485991903756535 ], [ -121.027899635881212, 35.480311915358349 ], [ -121.011983842143735, 35.463275748089075 ], [ -121.007955309126459, 35.460140118644539 ], [ -121.003598703058742, 35.458080219544193 ], [ -120.998341786677159, 35.457511842237146 ], [ -120.993092499000596, 35.458007745023991 ], [ -120.983478955429462, 35.454181652835643 ], [ -120.978077071302906, 35.454368568997346 ], [ -120.973079569246465, 35.455482444551713 ], [ -120.968089689532533, 35.454791992071534 ], [ -120.951693257524937, 35.443969828908969 ], [ -120.936342135744241, 35.439140474326337 ], [ -120.926492099488627, 35.441143160141166 ], [ -120.910431422313749, 35.44233332268935 ], [ -120.905823036434967, 35.440708278275252 ], [ -120.890563487384227, 35.427814740207502 ], [ -120.879744483516333, 35.413097793946676 ], [ -120.872603047013968, 35.391956967155643 ], [ -120.871313633997758, 35.378434012362206 ], [ -120.871748544926319, 35.365292526063591 ], [ -120.870176833331072, 35.352223513615769 ], [ -120.871992726317657, 35.339314724924897 ], [ -120.88020996954495, 35.314408867628096 ], [ -120.894149478785408, 35.281919509151507 ], [ -120.896911434366018, 35.27785691420469 ], [ -120.90059658406409, 35.274809021142779 ], [ -120.900726287742728, 35.270773118914057 ], [ -120.899612348993969, 35.266371004809741 ], [ -120.903007564912301, 35.258283955341625 ], [ -120.902038590730655, 35.253919988342432 ], [ -120.899337675113529, 35.250200689629629 ], [ -120.899276651381541, 35.246286830524134 ], [ -120.896682567794272, 35.242571321385469 ], [ -120.88920548924159, 35.236174069316881 ], [ -120.887290451445907, 35.232283087168398 ], [ -120.879553963383046, 35.22688146306848 ], [ -120.876341878849729, 35.223127802035684 ], [ -120.865400938343853, 35.214834631540846 ], [ -120.863852129887292, 35.210993239973405 ], [ -120.860388266867815, 35.20770115226486 ], [ -120.842489063213947, 35.198995953884875 ], [ -120.833753101017649, 35.193876602737724 ], [ -120.830594430726009, 35.190573070081903 ], [ -120.815075678861234, 35.186163210055192 ], [ -120.796634798703678, 35.176725576381969 ], [ -120.791210098379736, 35.176214377460205 ], [ -120.780688840681947, 35.166593678878733 ], [ -120.766940220525242, 35.158895559679578 ], [ -120.756785137219637, 35.156797420411436 ], [ -120.75236757207901, 35.154710759449095 ], [ -120.749742940886762, 35.156484584106387 ], [ -120.751162033643311, 35.160432783918623 ], [ -120.746103466426092, 35.167856175881028 ], [ -120.742219913332022, 35.170873601327798 ], [ -120.737054586585373, 35.171682325175105 ], [ -120.721406035038171, 35.171438216297283 ], [ -120.712502187986757, 35.167375595940072 ], [ -120.707069835121786, 35.166551635829265 ], [ -120.691848644788948, 35.155019886613715 ], [ -120.68711823775871, 35.152826456814758 ], [ -120.681777452164596, 35.150751284303659 ], [ -120.661642662924081, 35.146120317366744 ], [ -120.652967715775162, 35.141023932526082 ], [ -120.649786150251714, 35.13781961329498 ], [ -120.641317298711883, 35.121794185835689 ], [ -120.637708585156687, 35.104956221505155 ], [ -120.637060247689902, 35.082850181162648 ], [ -120.638304113497668, 35.056906568409538 ], [ -120.643904666524108, 35.017275869885701 ], [ -120.647414478103883, 35.000868924100729 ], [ -120.654777041098399, 34.976531562421158 ], [ -120.656730226912671, 34.972350722385592 ], [ -120.666435044923688, 34.938194527530541 ], [ -120.670158300622248, 34.92966119511587 ], [ -120.668639963897107, 34.925404085057146 ], [ -120.669181650818629, 34.921169850985628 ], [ -120.673561016010112, 34.904293937675646 ], [ -120.672187649246695, 34.900994296648577 ], [ -120.667953144128049, 34.898575848117588 ], [ -120.652380895807241, 34.898667480133362 ], [ -120.647749649051292, 34.89684792860178 ], [ -120.645361527560283, 34.892926507368266 ], [ -120.644201788046871, 34.888577841684594 ], [ -120.643888925617574, 34.880178040721859 ], [ -120.626485491986941, 34.869409438224857 ], [ -120.623067363607191, 34.866159393229061 ], [ -120.618916760858852, 34.858575936196225 ], [ -120.616887213858575, 34.850038812279891 ], [ -120.618550425515878, 34.837107223191175 ], [ -120.62453959538631, 34.807021247029809 ], [ -120.63000238279308, 34.790477198081234 ], [ -120.640157416677667, 34.769489100639596 ], [ -120.642194505447037, 34.761203730583546 ], [ -120.644048503567205, 34.757213628471632 ], [ -120.643590699527053, 34.753105279421746 ], [ -120.639653755819865, 34.750332057839245 ], [ -120.637570825287639, 34.746998080080317 ], [ -120.635258974080571, 34.738922521605403 ], [ -120.632016324676272, 34.734982019442761 ], [ -120.620068161074371, 34.727627442133304 ], [ -120.613468398514982, 34.716153051215471 ], [ -120.610111257723645, 34.703984389200563 ], [ -120.611667643831495, 34.691472403739461 ], [ -120.619327719485, 34.667196102603164 ], [ -120.630039648147431, 34.639559127446844 ], [ -120.645451415739714, 34.604949041020831 ], [ -120.64709941521231, 34.602721302603683 ], [ -120.646405089471202, 34.598967710169248 ], [ -120.650227457872688, 34.582160480027049 ], [ -120.652043297682454, 34.578033060334207 ], [ -120.650250305185537, 34.575618398501923 ], [ -120.645542777028524, 34.57407727819934 ], [ -120.643436959139976, 34.570319866681295 ], [ -120.640964890840493, 34.562473174773196 ], [ -120.625178994405402, 34.550602008464075 ], [ -120.620791915940188, 34.549182952742029 ], [ -120.590494444260486, 34.551769174462756 ], [ -120.58526047660888, 34.551341919063262 ], [ -120.576181132992673, 34.548343588567022 ], [ -120.559052437421357, 34.538806945104213 ], [ -120.544037202639089, 34.536098499777772 ], [ -120.526176070118737, 34.527782522796144 ], [ -120.522757959047411, 34.525108447628888 ], [ -120.516890698840456, 34.5178758676917 ], [ -120.507155179159909, 34.508056941960298 ], [ -120.504782332305993, 34.504509315291394 ], [ -120.503882012509393, 34.500564972317598 ], [ -120.49911335064678, 34.492657286955144 ], [ -120.495321306866771, 34.489598013625944 ], [ -120.493459592634281, 34.48578342390482 ], [ -120.485471126641556, 34.480343881860598 ], [ -120.48246494228394, 34.476868805537379 ], [ -120.479237440016149, 34.469121365537944 ], [ -120.477451910749124, 34.456632344690583 ], [ -120.474102326844175, 34.449041304083458 ], [ -120.470623089465988, 34.445890473820718 ], [ -120.461940297445523, 34.441606762706463 ], [ -120.457362386807773, 34.440321290254687 ], [ -120.452280922796774, 34.440164949071765 ], [ -120.447367329203828, 34.441023293251881 ], [ -120.438295527358633, 34.444868528001869 ], [ -120.433595572285256, 34.445818420853207 ], [ -120.423463158635329, 34.445006024097069 ], [ -120.418099408747082, 34.445868188582459 ], [ -120.409638005624458, 34.449927036462554 ], [ -120.385184464899325, 34.451365428434116 ], [ -120.380743934675209, 34.452643376212436 ], [ -120.370817562374853, 34.453658178940877 ], [ -120.360448642483917, 34.453677371832221 ], [ -120.350705406017099, 34.455600051837706 ], [ -120.341030799097851, 34.455546759171966 ], [ -120.331562249640868, 34.45794626392756 ], [ -120.327915234507785, 34.459613294689987 ], [ -120.31295322517505, 34.462039566523231 ] ] } },
{ "type": "Feature", "properties": { "year": 2000 }, "geometry": { "type": "LineString", "coordinates": [ [ -122.449138813573597, 37.433710855550189 ], [ -122.432475516634753, 37.404055692190525 ], [ -122.432231380627883, 37.399806193987132 ], [ -122.430079802003476, 37.396113605800068 ], [ -122.426676941342151, 37.392775761884721 ], [ -122.414003987337935, 37.373645251623572 ], [ -122.40942623870599, 37.348602189734223 ], [ -122.409113455061274, 37.340091760786663 ], [ -122.411196506441158, 37.309761708710269 ], [ -122.415988135078138, 37.274728242375588 ], [ -122.419696259482023, 37.258085063247506 ], [ -122.423022841781162, 37.254575633107414 ], [ -122.424136801222474, 37.250341406648111 ], [ -122.423587506800146, 37.241377073455752 ], [ -122.420451726747118, 37.23349988746898 ], [ -122.413623178154282, 37.222040762206497 ], [ -122.412524521936831, 37.21767303064847 ], [ -122.412974700059976, 37.213522741921025 ], [ -122.410022044493729, 37.205065741090323 ], [ -122.41064010507894, 37.196109049797634 ], [ -122.407626385675357, 37.192515672792446 ], [ -122.403338496866979, 37.190024709760003 ], [ -122.400103543343491, 37.182364963459477 ], [ -122.396845674482819, 37.179080569976172 ], [ -122.391329392429157, 37.17844349981781 ], [ -122.386202215605692, 37.179339902777407 ], [ -122.381715950985296, 37.177970434705053 ], [ -122.373376707782072, 37.1728626347155 ], [ -122.370095955388237, 37.169536283357758 ], [ -122.367646846422616, 37.165740740903232 ], [ -122.365068068565463, 37.157474484770077 ], [ -122.365480143158834, 37.148582649707791 ], [ -122.362222279170567, 37.145931485514701 ], [ -122.34774877447127, 37.140220958467623 ], [ -122.340615060809185, 37.133484341772395 ], [ -122.340172576737785, 37.129196729776851 ], [ -122.342331857027972, 37.120816063572434 ], [ -122.342156411069396, 37.116661963637881 ], [ -122.339531828377019, 37.113003751753268 ], [ -122.335503370507325, 37.110669200660368 ], [ -122.330162597500333, 37.109238704745948 ], [ -122.315536425492496, 37.113930601356948 ], [ -122.310226156719693, 37.113953467246525 ], [ -122.300979009098228, 37.109852738719717 ], [ -122.288870784745669, 37.100896021594515 ], [ -122.282408510460485, 37.094460776631706 ], [ -122.277105971954356, 37.086370003966806 ], [ -122.265341170282696, 37.072175864177773 ], [ -122.254453805137885, 37.057298922913439 ], [ -122.250455889666526, 37.054613440007984 ], [ -122.236905767533543, 37.041201302880296 ], [ -122.233998912356526, 37.037443921908498 ], [ -122.227712216982596, 37.025897132516405 ], [ -122.223737201338906, 37.022723379796588 ], [ -122.218655867379908, 37.020785551770409 ], [ -122.214467216258029, 37.018012329857918 ], [ -122.207943941382908, 37.011210888712938 ], [ -122.198612924060711, 37.006301476157979 ], [ -122.190502661695021, 37.000888539174525 ], [ -122.183101851937835, 36.994953003180086 ], [ -122.174671020919533, 36.989746053086044 ], [ -122.17103926502412, 36.986114546885112 ], [ -122.162249849992264, 36.982246520949793 ], [ -122.155955303200088, 36.974933924484766 ], [ -122.146181666642121, 36.971939440534825 ], [ -122.133508701507424, 36.963596890131186 ], [ -122.118417161145942, 36.958653138923573 ], [ -122.109627732293944, 36.954109937960318 ], [ -122.08976000740968, 36.948693170638954 ], [ -122.079665934223598, 36.947262675515141 ], [ -122.069709179378236, 36.944416968707344 ], [ -122.058905556815901, 36.944024041183255 ], [ -122.043203700196145, 36.945118791555288 ], [ -122.032499258910249, 36.944336776496691 ], [ -122.022069531458399, 36.947510487807428 ], [ -122.014554370915633, 36.953308639700722 ], [ -122.009228866208488, 36.953896072668499 ], [ -121.97813765745984, 36.947644054285995 ], [ -121.973315655362754, 36.947361797151935 ], [ -121.968882793366035, 36.949177560420054 ], [ -121.9503121012431, 36.959587653324085 ], [ -121.940591838993939, 36.963192484295746 ], [ -121.935441765706997, 36.963902022196201 ], [ -121.925027149880748, 36.963005644009975 ], [ -121.915344963335983, 36.959225433378677 ], [ -121.911041762270429, 36.956711639992044 ], [ -121.899825955376429, 36.947934323664796 ], [ -121.870535161128615, 36.922906931876938 ], [ -121.85521450881339, 36.905199666749553 ], [ -121.839733616569021, 36.883101800848998 ], [ -121.807398471063962, 36.82740123664302 ], [ -121.794969555805295, 36.809610011426003 ], [ -121.793382550233915, 36.805307154423431 ], [ -121.794008163267677, 36.801282756228957 ], [ -121.796655650916932, 36.797468155004168 ], [ -121.80945813553339, 36.770209037032181 ], [ -121.816561241908232, 36.747062041591867 ], [ -121.816309411961768, 36.738978838942586 ], [ -121.813005650220518, 36.722369940980961 ], [ -121.813081898242146, 36.7143744736332 ], [ -121.814737435912562, 36.697021713836392 ], [ -121.817606127564389, 36.685059027692283 ], [ -121.822992594245292, 36.669434295839444 ], [ -121.830317001440136, 36.653965966609618 ], [ -121.834719283523356, 36.646161232932975 ], [ -121.847132671694993, 36.628053188531396 ], [ -121.862864985521185, 36.612523843291392 ], [ -121.867213888369577, 36.60972772386242 ], [ -121.880314019249681, 36.603689178215824 ], [ -121.885456439327882, 36.605287509937327 ], [ -121.893025128454212, 36.610860682238531 ], [ -121.894711318453275, 36.614919444147823 ], [ -121.900723561955147, 36.621762883330938 ], [ -121.909627428436522, 36.624494156893178 ], [ -121.913144737469523, 36.627542042069102 ], [ -121.918134571061032, 36.629819373143114 ], [ -121.918806012633738, 36.633691215720376 ], [ -121.926176340799657, 36.640038748251825 ], [ -121.931334024892934, 36.641808732708633 ], [ -121.936819771466602, 36.641705737478041 ], [ -121.941206832953412, 36.64035536115513 ], [ -121.943167629071155, 36.635949473520405 ], [ -121.943938163774163, 36.627740408798346 ], [ -121.945486959642409, 36.62376938858803 ], [ -121.951430439328902, 36.617715587400809 ], [ -121.951727965872053, 36.613748382139541 ], [ -121.955275762136409, 36.612680290188109 ], [ -121.959517893083159, 36.615766319901851 ], [ -121.963126722852721, 36.614202327453654 ], [ -121.965636791057904, 36.60192306851404 ], [ -121.968429231160698, 36.598817970446213 ], [ -121.969153959016452, 36.58743514726924 ], [ -121.973777539886555, 36.586420463383114 ], [ -121.982948390719741, 36.582735551815858 ], [ -121.981269832109163, 36.57934816890652 ], [ -121.974891365126297, 36.573130332720417 ], [ -121.972953398239426, 36.569792538617655 ], [ -121.963996120188597, 36.56609615983718 ], [ -121.95618328858248, 36.561541491910496 ], [ -121.951773320355016, 36.560057597681499 ], [ -121.948210272324886, 36.561800873784236 ], [ -121.943258605563926, 36.561446106365956 ], [ -121.938581597497759, 36.559809626460584 ], [ -121.936468147436244, 36.556166659338651 ], [ -121.93456829576715, 36.548236057257782 ], [ -121.937902444921207, 36.545439945661712 ], [ -121.93494207387667, 36.538298967968693 ], [ -121.930471059733904, 36.535479953110013 ], [ -121.928189757802912, 36.531844613230831 ], [ -121.928067649152112, 36.527392948628659 ], [ -121.930173422106364, 36.524963038985184 ], [ -121.935338714754565, 36.524955421578149 ], [ -121.93936716692842, 36.52258273621068 ], [ -121.944318830449333, 36.5228345127951 ], [ -121.948507537460131, 36.52453584346231 ], [ -121.952795415545651, 36.524345122294562 ], [ -121.956106679154018, 36.522197498731288 ], [ -121.955404719309271, 36.518493500797092 ], [ -121.951299930682708, 36.515746964019115 ], [ -121.948278550548096, 36.512229876110631 ], [ -121.944242437199946, 36.5104598816094 ], [ -121.940923469118871, 36.502937439606917 ], [ -121.940801381128622, 36.499305912262322 ], [ -121.944654406886812, 36.496685248623216 ], [ -121.94727148984272, 36.489673903118508 ], [ -121.942213132479964, 36.481930119197195 ], [ -121.940641474308833, 36.478336700316461 ], [ -121.940458424961676, 36.474178715281468 ], [ -121.938512913877545, 36.47057003627917 ], [ -121.93118090135178, 36.464134672625391 ], [ -121.929647399215639, 36.460194118387207 ], [ -121.930372276517161, 36.456371826297328 ], [ -121.932485753743322, 36.452469431140031 ], [ -121.932142486503011, 36.448071121095062 ], [ -121.927976733812187, 36.445286400718359 ], [ -121.923399051906941, 36.437931709187701 ], [ -121.918386545132066, 36.426583059931637 ], [ -121.919042822643803, 36.418564634950343 ], [ -121.91795191344886, 36.410282991072414 ], [ -121.915624927810043, 36.40661708762029 ], [ -121.915823360619299, 36.402737573145956 ], [ -121.908735505215901, 36.397164316071475 ], [ -121.906591634281966, 36.393441192486918 ], [ -121.907080000972698, 36.389184026853052 ], [ -121.905638062747286, 36.385190064729613 ], [ -121.905592350179148, 36.381184664683822 ], [ -121.908331449247441, 36.377701886530815 ], [ -121.908621442077092, 36.373604936181266 ], [ -121.906126604239901, 36.370198427582032 ], [ -121.906958296387117, 36.366437170317141 ], [ -121.909766059304886, 36.363038315783228 ], [ -121.908827681466448, 36.358842178375006 ], [ -121.904433125339963, 36.351739248156989 ], [ -121.901434728904633, 36.348634094789389 ], [ -121.897475073482866, 36.341039073360768 ], [ -121.896643517861946, 36.336553020780443 ], [ -121.896880101532318, 36.332635359004975 ], [ -121.899031716451375, 36.329091544562822 ], [ -121.898719095664973, 36.31735762759385 ], [ -121.904296548506721, 36.305455897797586 ], [ -121.901023483901184, 36.302747466268414 ], [ -121.89159332785907, 36.299188329132711 ], [ -121.887778561282218, 36.296518040437924 ], [ -121.879256446935827, 36.286393863481031 ], [ -121.870390890193718, 36.28286524373771 ], [ -121.863608260563325, 36.277131756855077 ], [ -121.855063166393236, 36.272832573892565 ], [ -121.846701288979034, 36.262895309240974 ], [ -121.842329655345324, 36.255590189525236 ], [ -121.839644134828717, 36.248574993461169 ], [ -121.831236298139558, 36.243730305041105 ], [ -121.827925043415988, 36.240701433108121 ], [ -121.810735519506167, 36.231710135325201 ], [ -121.805730494172522, 36.231126457410497 ], [ -121.795567853175768, 36.231469711649552 ], [ -121.787762754948687, 36.226422845153962 ], [ -121.778248627256929, 36.224046239378495 ], [ -121.765766574053416, 36.216466394787091 ], [ -121.761303249229741, 36.214593358628647 ], [ -121.754314517867698, 36.208745411919544 ], [ -121.748851635645067, 36.208176984460003 ], [ -121.744472078576777, 36.206605300693624 ], [ -121.740741059575498, 36.202943178279142 ], [ -121.723680626742222, 36.195744731379932 ], [ -121.719354479398419, 36.193295668487401 ], [ -121.716302522504705, 36.190072235935979 ], [ -121.712220531987455, 36.187546880211471 ], [ -121.705765644825917, 36.180985568180972 ], [ -121.700501020254009, 36.173806285970841 ], [ -121.69693786311241, 36.171029162665768 ], [ -121.693069510972933, 36.168278738597962 ], [ -121.683547415833502, 36.164467776477899 ], [ -121.67959513591903, 36.161934786658989 ], [ -121.674338145300908, 36.155064484879929 ], [ -121.663854687233069, 36.146157083972497 ], [ -121.646511971400642, 36.125816979029175 ], [ -121.638416671825496, 36.120430546806247 ], [ -121.634761962615755, 36.112389136990451 ], [ -121.626941343059855, 36.101498101647628 ], [ -121.623492642631263, 36.09367412659163 ], [ -121.621562288106531, 36.085346628979543 ], [ -121.612429334892155, 36.075245207337964 ], [ -121.610262453119716, 36.071792881774492 ], [ -121.597436643542224, 36.064106106807756 ], [ -121.596086159802127, 36.059719188982321 ], [ -121.596017497353657, 36.051818952780266 ], [ -121.594407597746724, 36.048179711165602 ], [ -121.588006142748071, 36.041736601865864 ], [ -121.583115403768915, 36.034412315744397 ], [ -121.579979536311171, 36.02615726585806 ], [ -121.577888956134217, 36.022811745944367 ], [ -121.574302922057413, 36.019599718533641 ], [ -121.569931011153727, 36.017162062912078 ], [ -121.554633128781347, 36.016890997967657 ], [ -121.549574528541868, 36.015952508177918 ], [ -121.540571291490608, 36.012469554075736 ], [ -121.535650028302157, 36.01214904710929 ], [ -121.53099581271988, 36.01052772990549 ], [ -121.522892903847321, 36.005682935828673 ], [ -121.513294536978762, 36.003683887552569 ], [ -121.505702819134683, 35.997988459505088 ], [ -121.495562739014076, 35.983710391913384 ], [ -121.48977932491762, 35.971351148238035 ], [ -121.486315335982866, 35.954273144802819 ], [ -121.479623963827109, 35.938011536893711 ], [ -121.47934927269101, 35.933678123748741 ], [ -121.47532072594737, 35.9260413227871 ], [ -121.476846657601357, 35.921719313425093 ], [ -121.474626382874106, 35.918339598144875 ], [ -121.475244375605158, 35.914490622600269 ], [ -121.468400453225513, 35.907777013166232 ], [ -121.465829166424044, 35.894811128080804 ], [ -121.466187745838937, 35.890595951518698 ], [ -121.460846884524287, 35.883523723084657 ], [ -121.453026357326166, 35.87745097016024 ], [ -121.447120893746359, 35.870176565264252 ], [ -121.438751028439, 35.864923957182391 ], [ -121.424513875304967, 35.858260027019888 ], [ -121.41953163927522, 35.856940245933643 ], [ -121.415274224964591, 35.854456984585433 ], [ -121.412466459324904, 35.850852191314445 ], [ -121.408231910172162, 35.84278046787032 ], [ -121.40510369485321, 35.839133714734608 ], [ -121.398183480163624, 35.832854911178266 ], [ -121.387204203341099, 35.818843861772017 ], [ -121.381947297640295, 35.817680469234993 ], [ -121.378872492672954, 35.814384652047387 ], [ -121.377338895034356, 35.810360212510275 ], [ -121.368122143968989, 35.808433940176101 ], [ -121.359416574072583, 35.803524594269597 ], [ -121.337435173526046, 35.784142578143459 ], [ -121.334734225197209, 35.780324130571422 ], [ -121.330904055498564, 35.772103568985976 ], [ -121.329393311197734, 35.759042164491007 ], [ -121.322778288572778, 35.752381822570229 ], [ -121.323167368578154, 35.747979712143582 ], [ -121.320977519551477, 35.740037679619192 ], [ -121.322511042633906, 35.73592931077075 ], [ -121.321557264874642, 35.731687454350059 ], [ -121.322320181760247, 35.727491356788754 ], [ -121.320496559045267, 35.719389105373004 ], [ -121.323037211628389, 35.715482902975815 ], [ -121.320473563650495, 35.711729333430142 ], [ -121.312714031374398, 35.706144789750368 ], [ -121.309593413381705, 35.702463701886465 ], [ -121.30723570765339, 35.694205052318416 ], [ -121.299857654290207, 35.687842316483739 ], [ -121.294333701531144, 35.686709419926878 ], [ -121.292052357775489, 35.683081726894862 ], [ -121.292006521376635, 35.678813156471634 ], [ -121.289763319489666, 35.67465904362097 ], [ -121.288824801842736, 35.670314187891826 ], [ -121.289190969434586, 35.665866326127869 ], [ -121.287123260631859, 35.662341624944474 ], [ -121.282751435743904, 35.663783591324652 ], [ -121.277143579439397, 35.664298612863483 ], [ -121.266835748666921, 35.660987597680474 ], [ -121.261555955771698, 35.660316265722862 ], [ -121.246860887657746, 35.649124229444276 ], [ -121.242008306995729, 35.647071969840766 ], [ -121.23675900213405, 35.646972803478796 ], [ -121.232303175115248, 35.645168493912884 ], [ -121.221682498181295, 35.645698756459993 ], [ -121.217249556284614, 35.643471022451529 ], [ -121.211771276260109, 35.636616140774954 ], [ -121.206453314467808, 35.637329491419202 ], [ -121.201913566656273, 35.635895201305786 ], [ -121.193436806556875, 35.631332922079174 ], [ -121.186829473515644, 35.637676675436282 ], [ -121.181816691329914, 35.637348630310214 ], [ -121.172500662016461, 35.633377621376532 ], [ -121.168548398491069, 35.630844715025503 ], [ -121.162352934110643, 35.62452006849206 ], [ -121.142881434770231, 35.599408383999041 ], [ -121.130162491617455, 35.591329021780567 ], [ -121.126492478530423, 35.582761362852494 ], [ -121.119282218568699, 35.571328922443719 ], [ -121.113750560282455, 35.564634253269809 ], [ -121.108562195541154, 35.552713534047896 ], [ -121.099917551857459, 35.541674003615796 ], [ -121.089632521644901, 35.531836086640695 ], [ -121.081293126870619, 35.526320145453624 ], [ -121.064927118345793, 35.509497646296644 ], [ -121.053436609420999, 35.500556169910105 ], [ -121.043586508086463, 35.490817409196524 ], [ -121.039863160045428, 35.487723741623434 ], [ -121.035277657709273, 35.485991903756535 ], [ -121.027899635881212, 35.480311915358349 ], [ -121.011983842143735, 35.463275748089075 ], [ -121.007955309126459, 35.460140118644539 ], [ -121.003598703058742, 35.458080219544193 ], [ -120.998341786677159, 35.457511842237146 ], [ -120.993092499000596, 35.458007745023991 ], [ -120.983478955429462, 35.454181652835643 ], [ -120.978077071302906, 35.454368568997346 ], [ -120.973079569246465, 35.455482444551713 ], [ -120.968089689532533, 35.454791992071534 ], [ -120.951693257524937, 35.443969828908969 ], [ -120.936342135744241, 35.439140474326337 ], [ -120.926492099488627, 35.441143160141166 ], [ -120.910431422313749, 35.44233332268935 ], [ -120.905823036434967, 35.440708278275252 ], [ -120.890563487384227, 35.427814740207502 ], [ -120.879744483516333, 35.413097793946676 ], [ -120.872603047013968, 35.391956967155643 ], [ -120.871313633997758, 35.378434012362206 ], [ -120.871748544926319, 35.365292526063591 ], [ -120.870176833331072, 35.352223513615769 ], [ -120.871992726317657, 35.339314724924897 ], [ -120.88020996954495, 35.314408867628096 ], [ -120.894149478785408, 35.281919509151507 ], [ -120.896911434366018, 35.27785691420469 ], [ -120.90059658406409, 35.274809021142779 ], [ -120.900726287742728, 35.270773118914057 ], [ -120.899612348993969, 35.266371004809741 ], [ -120.903007564912301, 35.258283955341625 ], [ -120.902038590730655, 35.253919988342432 ], [ -120.899337675113529, 35.250200689629629 ], [ -120.899276651381541, 35.246286830524134 ], [ -120.896682567794272, 35.242571321385469 ], [ -120.88920548924159, 35.236174069316881 ], [ -120.887290451445907, 35.232283087168398 ], [ -120.879553963383046, 35.22688146306848 ], [ -120.876341878849729, 35.223127802035684 ], [ -120.865400938343853, 35.214834631540846 ], [ -120.863852129887292, 35.210993239973405 ], [ -120.860388266867815, 35.20770115226486 ], [ -120.842489063213947, 35.198995953884875 ], [ -120.833753101017649, 35.193876602737724 ], [ -120.830594430726009, 35.190573070081903 ], [ -120.815075678861234, 35.186163210055192 ], [ -120.796634798703678, 35.176725576381969 ], [ -120.791210098379736, 35.176214377460205 ], [ -120.780688840681947, 35.166593678878733 ], [ -120.766940220525242, 35.158895559679578 ], [ -120.756785137219637, 35.156797420411436 ], [ -120.75236757207901, 35.154710759449095 ], [ -120.749742940886762, 35.156484584106387 ], [ -120.751162033643311, 35.160432783918623 ], [ -120.746103466426092, 35.167856175881028 ], [ -120.742219913332022, 35.170873601327798 ], [ -120.737054586585373, 35.171682325175105 ], [ -120.721406035038171, 35.171438216297283 ], [ -120.712502187986757, 35.167375595940072 ], [ -120.707069835121786, 35.166551635829265 ], [ -120.691848644788948, 35.155019886613715 ], [ -120.68711823775871, 35.152826456814758 ], [ -120.681777452164596, 35.150751284303659 ], [ -120.661642662924081, 35.146120317366744 ], [ -120.652967715775162, 35.141023932526082 ], [ -120.649786150251714, 35.13781961329498 ], [ -120.641317298711883, 35.121794185835689 ], [ -120.637708585156687, 35.104956221505155 ], [ -120.637060247689902, 35.082850181162648 ], [ -120.638304113497668, 35.056906568409538 ], [ -120.643904666524108, 35.017275869885701 ], [ -120.647414478103883, 35.000868924100729 ], [ -120.654777041098399, 34.976531562421158 ], [ -120.656730226912671, 34.972350722385592 ], [ -120.666435044923688, 34.938194527530541 ], [ -120.670158300622248, 34.92966119511587 ], [ -120.668639963897107, 34.925404085057146 ], [ -120.669181650818629, 34.921169850985628 ], [ -120.673561016010112, 34.904293937675646 ], [ -120.672187649246695, 34.900994296648577 ], [ -120.667953144128049, 34.898575848117588 ], [ -120.652380895807241, 34.898667480133362 ], [ -120.647749649051292, 34.89684792860178 ], [ -120.645361527560283, 34.892926507368266 ], [ -120.644201788046871, 34.888577841684594 ], [ -120.643888925617574, 34.880178040721859 ], [ -120.626485491986941, 34.869409438224857 ], [ -120.623067363607191, 34.866159393229061 ], [ -120.618916760858852, 34.858575936196225 ], [ -120.616887213858575, 34.850038812279891 ], [ -120.618550425515878, 34.837107223191175 ], [ -120.62453959538631, 34.807021247029809 ], [ -120.63000238279308, 34.790477198081234 ], [ -120.640157416677667, 34.769489100639596 ], [ -120.642194505447037, 34.761203730583546 ], [ -120.644048503567205, 34.757213628471632 ], [ -120.643590699527053, 34.753105279421746 ], [ -120.639653755819865, 34.750332057839245 ], [ -120.637570825287639, 34.746998080080317 ], [ -120.635258974080571, 34.738922521605403 ], [ -120.632016324676272, 34.734982019442761 ], [ -120.620068161074371, 34.727627442133304 ], [ -120.613468398514982, 34.716153051215471 ], [ -120.610111257723645, 34.703984389200563 ], [ -120.611667643831495, 34.691472403739461 ], [ -120.619327719485, 34.667196102603164 ], [ -120.630039648147431, 34.639559127446844 ], [ -120.645451415739714, 34.604949041020831 ], [ -120.64709941521231, 34.602721302603683 ], [ -120.646405089471202, 34.598967710169248 ], [ -120.650227457872688, 34.582160480027049 ], [ -120.652043297682454, 34.578033060334207 ], [ -120.650250305185537, 34.575618398501923 ], [ -120.645542777028524, 34.57407727819934 ], [ -120.643436959139976, 34.570319866681295 ], [ -120.640964890840493, 34.562473174773196 ], [ -120.625178994405402, 34.550602008464075 ], [ -120.620791915940188, 34.549182952742029 ], [ -120.590494444260486, 34.551769174462756 ], [ -120.58526047660888, 34.551341919063262 ], [ -120.576181132992673, 34.548343588567022 ], [ -120.559052437421357, 34.538806945104213 ], [ -120.544037202639089, 34.536098499777772 ], [ -120.526176070118737, 34.527782522796144 ], [ -120.522757959047411, 34.525108447628888 ], [ -120.516890698840456, 34.5178758676917 ], [ -120.507155179159909, 34.508056941960298 ], [ -120.504782332305993, 34.504509315291394 ], [ -120.503882012509393, 34.500564972317598 ], [ -120.49911335064678, 34.492657286955144 ], [ -120.495321306866771, 34.489598013625944 ], [ -120.493459592634281, 34.48578342390482 ], [ -120.485471126641556, 34.480343881860598 ], [ -120.48246494228394, 34.476868805537379 ], [ -120.479237440016149, 34.469121365537944 ], [ -120.477451910749124, 34.456632344690583 ], [ -120.474102326844175, 34.449041304083458 ], [ -120.470623089465988, 34.445890473820718 ], [ -120.461940297445523, 34.441606762706463 ], [ -120.457362386807773, 34.440321290254687 ], [ -120.452280922796774, 34.440164949071765 ], [ -120.447367329203828, 34.441023293251881 ], [ -120.438295527358633, 34.444868528001869 ], [ -120.433595572285256, 34.445818420853207 ], [ -120.423463158635329, 34.445006024097069 ], [ -120.418099408747082, 34.445868188582459 ], [ -120.409638005624458, 34.449927036462554 ], [ -120.385184464899325, 34.451365428434116 ], [ -120.380743934675209, 34.452643376212436 ], [ -120.370817562374853, 34.453658178940877 ], [ -120.360448642483917, 34.453677371832221 ], [ -120.350705406017099, 34.455600051837706 ], [ -120.341030799097851, 34.455546759171966 ], [ -120.331562249640868, 34.45794626392756 ], [ -120.327915234507785, 34.459613294689987 ], [ -120.31295322517505, 34.462039566523231 ] ] } },
{ "type": "Feature", "properties": { "year": 2001 }, "geometry": { "type": "LineString", "coordinates": [ [ -122.449138813573597, 37.433710855550189 ], [ -122.432475516634753, 37.404055692190525 ], [ -122.432231380627883, 37.399806193987132 ], [ -122.430079802003476, 37.396113605800068 ], [ -122.426676941342151, 37.392775761884721 ], [ -122.414003987337935, 37.373645251623572 ], [ -122.40942623870599, 37.348602189734223 ], [ -122.409113455061274, 37.340091760786663 ], [ -122.411196506441158, 37.309761708710269 ], [ -122.415988135078138, 37.274728242375588 ], [ -122.419696259482023, 37.258085063247506 ], [ -122.423022841781162, 37.254575633107414 ], [ -122.424136801222474, 37.250341406648111 ], [ -122.423587506800146, 37.241377073455752 ], [ -122.420451726747118, 37.23349988746898 ], [ -122.413623178154282, 37.222040762206497 ], [ -122.412524521936831, 37.21767303064847 ], [ -122.412974700059976, 37.213522741921025 ], [ -122.410022044493729, 37.205065741090323 ], [ -122.41064010507894, 37.196109049797634 ], [ -122.407626385675357, 37.192515672792446 ], [ -122.403338496866979, 37.190024709760003 ], [ -122.400103543343491, 37.182364963459477 ], [ -122.396845674482819, 37.179080569976172 ], [ -122.391329392429157, 37.17844349981781 ], [ -122.386202215605692, 37.179339902777407 ], [ -122.381715950985296, 37.177970434705053 ], [ -122.373376707782072, 37.1728626347155 ], [ -122.370095955388237, 37.169536283357758 ], [ -122.367646846422616, 37.165740740903232 ], [ -122.365068068565463, 37.157474484770077 ], [ -122.365480143158834, 37.148582649707791 ], [ -122.362222279170567, 37.145931485514701 ], [ -122.34774877447127, 37.140220958467623 ], [ -122.340615060809185, 37.133484341772395 ], [ -122.340172576737785, 37.129196729776851 ], [ -122.342331857027972, 37.120816063572434 ], [ -122.342156411069396, 37.116661963637881 ], [ -122.339531828377019, 37.113003751753268 ], [ -122.335503370507325, 37.110669200660368 ], [ -122.330162597500333, 37.109238704745948 ], [ -122.315536425492496, 37.113930601356948 ], [ -122.310226156719693, 37.113953467246525 ], [ -122.300979009098228, 37.109852738719717 ], [ -122.288870784745669, 37.100896021594515 ], [ -122.282408510460485, 37.094460776631706 ], [ -122.277105971954356, 37.086370003966806 ], [ -122.265341170282696, 37.072175864177773 ], [ -122.254453805137885, 37.057298922913439 ], [ -122.250455889666526, 37.054613440007984 ], [ -122.236905767533543, 37.041201302880296 ], [ -122.233998912356526, 37.037443921908498 ], [ -122.227712216982596, 37.025897132516405 ], [ -122.223737201338906, 37.022723379796588 ], [ -122.218655867379908, 37.020785551770409 ], [ -122.214467216258029, 37.018012329857918 ], [ -122.207943941382908, 37.011210888712938 ], [ -122.198612924060711, 37.006301476157979 ], [ -122.190502661695021, 37.000888539174525 ], [ -122.183101851937835, 36.994953003180086 ], [ -122.174671020919533, 36.989746053086044 ], [ -122.17103926502412, 36.986114546885112 ], [ -122.162249849992264, 36.982246520949793 ], [ -122.155955303200088, 36.974933924484766 ], [ -122.146181666642121, 36.971939440534825 ], [ -122.133508701507424, 36.963596890131186 ], [ -122.118417161145942, 36.958653138923573 ], [ -122.109627732293944, 36.954109937960318 ], [ -122.08976000740968, 36.948693170638954 ], [ -122.079665934223598, 36.947262675515141 ], [ -122.069709179378236, 36.944416968707344 ], [ -122.058905556815901, 36.944024041183255 ], [ -122.043203700196145, 36.945118791555288 ], [ -122.032499258910249, 36.944336776496691 ], [ -122.022069531458399, 36.947510487807428 ], [ -122.014554370915633, 36.953308639700722 ], [ -122.009228866208488, 36.953896072668499 ], [ -121.97813765745984, 36.947644054285995 ], [ -121.973315655362754, 36.947361797151935 ], [ -121.968882793366035, 36.949177560420054 ], [ -121.9503121012431, 36.959587653324085 ], [ -121.940591838993939, 36.963192484295746 ], [ -121.935441765706997, 36.963902022196201 ], [ -121.925027149880748, 36.963005644009975 ], [ -121.915344963335983, 36.959225433378677 ], [ -121.911041762270429, 36.956711639992044 ], [ -121.899825955376429, 36.947934323664796 ], [ -121.870535161128615, 36.922906931876938 ], [ -121.85521450881339, 36.905199666749553 ], [ -121.839733616569021, 36.883101800848998 ], [ -121.807398471063962, 36.82740123664302 ], [ -121.794969555805295, 36.809610011426003 ], [ -121.793382550233915, 36.805307154423431 ], [ -121.794008163267677, 36.801282756228957 ], [ -121.796655650916932, 36.797468155004168 ], [ -121.80945813553339, 36.770209037032181 ], [ -121.816561241908232, 36.747062041591867 ], [ -121.816309411961768, 36.738978838942586 ], [ -121.813005650220518, 36.722369940980961 ], [ -121.813081898242146, 36.7143744736332 ], [ -121.814737435912562, 36.697021713836392 ], [ -121.817606127564389, 36.685059027692283 ], [ -121.822992594245292, 36.669434295839444 ], [ -121.830317001440136, 36.653965966609618 ], [ -121.834719283523356, 36.646161232932975 ], [ -121.847132671694993, 36.628053188531396 ], [ -121.862864985521185, 36.612523843291392 ], [ -121.867213888369577, 36.60972772386242 ], [ -121.880314019249681, 36.603689178215824 ], [ -121.885456439327882, 36.605287509937327 ], [ -121.893025128454212, 36.610860682238531 ], [ -121.894711318453275, 36.614919444147823 ], [ -121.900723561955147, 36.621762883330938 ], [ -121.909627428436522, 36.624494156893178 ], [ -121.913144737469523, 36.627542042069102 ], [ -121.918134571061032, 36.629819373143114 ], [ -121.918806012633738, 36.633691215720376 ], [ -121.926176340799657, 36.640038748251825 ], [ -121.931334024892934, 36.641808732708633 ], [ -121.936819771466602, 36.641705737478041 ], [ -121.941206832953412, 36.64035536115513 ], [ -121.943167629071155, 36.635949473520405 ], [ -121.943938163774163, 36.627740408798346 ], [ -121.945486959642409, 36.62376938858803 ], [ -121.951430439328902, 36.617715587400809 ], [ -121.951727965872053, 36.613748382139541 ], [ -121.955275762136409, 36.612680290188109 ], [ -121.959517893083159, 36.615766319901851 ], [ -121.963126722852721, 36.614202327453654 ], [ -121.965636791057904, 36.60192306851404 ], [ -121.968429231160698, 36.598817970446213 ], [ -121.969153959016452, 36.58743514726924 ], [ -121.973777539886555, 36.586420463383114 ], [ -121.982948390719741, 36.582735551815858 ], [ -121.981269832109163, 36.57934816890652 ], [ -121.974891365126297, 36.573130332720417 ], [ -121.972953398239426, 36.569792538617655 ], [ -121.963996120188597, 36.56609615983718 ], [ -121.95618328858248, 36.561541491910496 ], [ -121.951773320355016, 36.560057597681499 ], [ -121.948210272324886, 36.561800873784236 ], [ -121.943258605563926, 36.561446106365956 ], [ -121.938581597497759, 36.559809626460584 ], [ -121.936468147436244, 36.556166659338651 ], [ -121.93456829576715, 36.548236057257782 ], [ -121.937902444921207, 36.545439945661712 ], [ -121.93494207387667, 36.538298967968693 ], [ -121.930471059733904, 36.535479953110013 ], [ -121.928189757802912, 36.531844613230831 ], [ -121.928067649152112, 36.527392948628659 ], [ -121.930173422106364, 36.524963038985184 ], [ -121.935338714754565, 36.524955421578149 ], [ -121.93936716692842, 36.52258273621068 ], [ -121.944318830449333, 36.5228345127951 ], [ -121.948507537460131, 36.52453584346231 ], [ -121.952795415545651, 36.524345122294562 ], [ -121.956106679154018, 36.522197498731288 ], [ -121.955404719309271, 36.518493500797092 ], [ -121.951299930682708, 36.515746964019115 ], [ -121.948278550548096, 36.512229876110631 ], [ -121.944242437199946, 36.5104598816094 ], [ -121.940923469118871, 36.502937439606917 ], [ -121.940801381128622, 36.499305912262322 ], [ -121.944654406886812, 36.496685248623216 ], [ -121.94727148984272, 36.489673903118508 ], [ -121.942213132479964, 36.481930119197195 ], [ -121.940641474308833, 36.478336700316461 ], [ -121.940458424961676, 36.474178715281468 ], [ -121.938512913877545, 36.47057003627917 ], [ -121.93118090135178, 36.464134672625391 ], [ -121.929647399215639, 36.460194118387207 ], [ -121.930372276517161, 36.456371826297328 ], [ -121.932485753743322, 36.452469431140031 ], [ -121.932142486503011, 36.448071121095062 ], [ -121.927976733812187, 36.445286400718359 ], [ -121.923399051906941, 36.437931709187701 ], [ -121.918386545132066, 36.426583059931637 ], [ -121.919042822643803, 36.418564634950343 ], [ -121.91795191344886, 36.410282991072414 ], [ -121.915624927810043, 36.40661708762029 ], [ -121.915823360619299, 36.402737573145956 ], [ -121.908735505215901, 36.397164316071475 ], [ -121.906591634281966, 36.393441192486918 ], [ -121.907080000972698, 36.389184026853052 ], [ -121.905638062747286, 36.385190064729613 ], [ -121.905592350179148, 36.381184664683822 ], [ -121.908331449247441, 36.377701886530815 ], [ -121.908621442077092, 36.373604936181266 ], [ -121.906126604239901, 36.370198427582032 ], [ -121.906958296387117, 36.366437170317141 ], [ -121.909766059304886, 36.363038315783228 ], [ -121.908827681466448, 36.358842178375006 ], [ -121.904433125339963, 36.351739248156989 ], [ -121.901434728904633, 36.348634094789389 ], [ -121.897475073482866, 36.341039073360768 ], [ -121.896643517861946, 36.336553020780443 ], [ -121.896880101532318, 36.332635359004975 ], [ -121.899031716451375, 36.329091544562822 ], [ -121.898719095664973, 36.31735762759385 ], [ -121.904296548506721, 36.305455897797586 ], [ -121.901023483901184, 36.302747466268414 ], [ -121.89159332785907, 36.299188329132711 ], [ -121.887778561282218, 36.296518040437924 ], [ -121.879256446935827, 36.286393863481031 ], [ -121.870390890193718, 36.28286524373771 ], [ -121.863608260563325, 36.277131756855077 ], [ -121.855063166393236, 36.272832573892565 ], [ -121.846701288979034, 36.262895309240974 ], [ -121.842329655345324, 36.255590189525236 ], [ -121.839644134828717, 36.248574993461169 ], [ -121.831236298139558, 36.243730305041105 ], [ -121.827925043415988, 36.240701433108121 ], [ -121.810735519506167, 36.231710135325201 ], [ -121.805730494172522, 36.231126457410497 ], [ -121.795567853175768, 36.231469711649552 ], [ -121.787762754948687, 36.226422845153962 ], [ -121.778248627256929, 36.224046239378495 ], [ -121.765766574053416, 36.216466394787091 ], [ -121.761303249229741, 36.214593358628647 ], [ -121.754314517867698, 36.208745411919544 ], [ -121.748851635645067, 36.208176984460003 ], [ -121.744472078576777, 36.206605300693624 ], [ -121.740741059575498, 36.202943178279142 ], [ -121.723680626742222, 36.195744731379932 ], [ -121.719354479398419, 36.193295668487401 ], [ -121.716302522504705, 36.190072235935979 ], [ -121.712220531987455, 36.187546880211471 ], [ -121.705765644825917, 36.180985568180972 ], [ -121.700501020254009, 36.173806285970841 ], [ -121.69693786311241, 36.171029162665768 ], [ -121.693069510972933, 36.168278738597962 ], [ -121.683547415833502, 36.164467776477899 ], [ -121.67959513591903, 36.161934786658989 ], [ -121.674338145300908, 36.155064484879929 ], [ -121.663854687233069, 36.146157083972497 ], [ -121.646511971400642, 36.125816979029175 ], [ -121.638416671825496, 36.120430546806247 ], [ -121.634761962615755, 36.112389136990451 ], [ -121.626941343059855, 36.101498101647628 ], [ -121.623492642631263, 36.09367412659163 ], [ -121.621562288106531, 36.085346628979543 ], [ -121.612429334892155, 36.075245207337964 ], [ -121.610262453119716, 36.071792881774492 ], [ -121.597436643542224, 36.064106106807756 ], [ -121.596086159802127, 36.059719188982321 ], [ -121.596017497353657, 36.051818952780266 ], [ -121.594407597746724, 36.048179711165602 ], [ -121.588006142748071, 36.041736601865864 ], [ -121.583115403768915, 36.034412315744397 ], [ -121.579979536311171, 36.02615726585806 ], [ -121.577888956134217, 36.022811745944367 ], [ -121.574302922057413, 36.019599718533641 ], [ -121.569931011153727, 36.017162062912078 ], [ -121.554633128781347, 36.016890997967657 ], [ -121.549574528541868, 36.015952508177918 ], [ -121.540571291490608, 36.012469554075736 ], [ -121.535650028302157, 36.01214904710929 ], [ -121.53099581271988, 36.01052772990549 ], [ -121.522892903847321, 36.005682935828673 ], [ -121.513294536978762, 36.003683887552569 ], [ -121.505702819134683, 35.997988459505088 ], [ -121.495562739014076, 35.983710391913384 ], [ -121.48977932491762, 35.971351148238035 ], [ -121.486315335982866, 35.954273144802819 ], [ -121.479623963827109, 35.938011536893711 ], [ -121.47934927269101, 35.933678123748741 ], [ -121.47532072594737, 35.9260413227871 ], [ -121.476846657601357, 35.921719313425093 ], [ -121.474626382874106, 35.918339598144875 ], [ -121.475244375605158, 35.914490622600269 ], [ -121.468400453225513, 35.907777013166232 ], [ -121.465829166424044, 35.894811128080804 ], [ -121.466187745838937, 35.890595951518698 ], [ -121.460846884524287, 35.883523723084657 ], [ -121.453026357326166, 35.87745097016024 ], [ -121.447120893746359, 35.870176565264252 ], [ -121.438751028439, 35.864923957182391 ], [ -121.424513875304967, 35.858260027019888 ], [ -121.41953163927522, 35.856940245933643 ], [ -121.415274224964591, 35.854456984585433 ], [ -121.412466459324904, 35.850852191314445 ], [ -121.408231910172162, 35.84278046787032 ], [ -121.40510369485321, 35.839133714734608 ], [ -121.398183480163624, 35.832854911178266 ], [ -121.387204203341099, 35.818843861772017 ], [ -121.381947297640295, 35.817680469234993 ], [ -121.378872492672954, 35.814384652047387 ], [ -121.377338895034356, 35.810360212510275 ], [ -121.368122143968989, 35.808433940176101 ], [ -121.359416574072583, 35.803524594269597 ], [ -121.337435173526046, 35.784142578143459 ], [ -121.334734225197209, 35.780324130571422 ], [ -121.330904055498564, 35.772103568985976 ], [ -121.329393311197734, 35.759042164491007 ], [ -121.322778288572778, 35.752381822570229 ], [ -121.323167368578154, 35.747979712143582 ], [ -121.320977519551477, 35.740037679619192 ], [ -121.322511042633906, 35.73592931077075 ], [ -121.321557264874642, 35.731687454350059 ], [ -121.322320181760247, 35.727491356788754 ], [ -121.320496559045267, 35.719389105373004 ], [ -121.323037211628389, 35.715482902975815 ], [ -121.320473563650495, 35.711729333430142 ], [ -121.312714031374398, 35.706144789750368 ], [ -121.309593413381705, 35.702463701886465 ], [ -121.30723570765339, 35.694205052318416 ], [ -121.299857654290207, 35.687842316483739 ], [ -121.294333701531144, 35.686709419926878 ], [ -121.292052357775489, 35.683081726894862 ], [ -121.292006521376635, 35.678813156471634 ], [ -121.289763319489666, 35.67465904362097 ], [ -121.288824801842736, 35.670314187891826 ], [ -121.289190969434586, 35.665866326127869 ], [ -121.287123260631859, 35.662341624944474 ], [ -121.282751435743904, 35.663783591324652 ], [ -121.277143579439397, 35.664298612863483 ], [ -121.266835748666921, 35.660987597680474 ], [ -121.261555955771698, 35.660316265722862 ], [ -121.246860887657746, 35.649124229444276 ], [ -121.242008306995729, 35.647071969840766 ], [ -121.23675900213405, 35.646972803478796 ], [ -121.232303175115248, 35.645168493912884 ], [ -121.221682498181295, 35.645698756459993 ], [ -121.217249556284614, 35.643471022451529 ], [ -121.211771276260109, 35.636616140774954 ], [ -121.206453314467808, 35.637329491419202 ], [ -121.201913566656273, 35.635895201305786 ], [ -121.193436806556875, 35.631332922079174 ], [ -121.186829473515644, 35.637676675436282 ], [ -121.181816691329914, 35.637348630310214 ], [ -121.172500662016461, 35.633377621376532 ], [ -121.168548398491069, 35.630844715025503 ], [ -121.162352934110643, 35.62452006849206 ], [ -121.142881434770231, 35.599408383999041 ], [ -121.130162491617455, 35.591329021780567 ], [ -121.126492478530423, 35.582761362852494 ], [ -121.119282218568699, 35.571328922443719 ], [ -121.113750560282455, 35.564634253269809 ], [ -121.108562195541154, 35.552713534047896 ], [ -121.099917551857459, 35.541674003615796 ], [ -121.089632521644901, 35.531836086640695 ], [ -121.081293126870619, 35.526320145453624 ], [ -121.064927118345793, 35.509497646296644 ], [ -121.053436609420999, 35.500556169910105 ], [ -121.043586508086463, 35.490817409196524 ], [ -121.039863160045428, 35.487723741623434 ], [ -121.035277657709273, 35.485991903756535 ], [ -121.027899635881212, 35.480311915358349 ], [ -121.011983842143735, 35.463275748089075 ], [ -121.007955309126459, 35.460140118644539 ], [ -121.003598703058742, 35.458080219544193 ], [ -120.998341786677159, 35.457511842237146 ], [ -120.993092499000596, 35.458007745023991 ], [ -120.983478955429462, 35.454181652835643 ], [ -120.978077071302906, 35.454368568997346 ], [ -120.973079569246465, 35.455482444551713 ], [ -120.968089689532533, 35.454791992071534 ], [ -120.951693257524937, 35.443969828908969 ], [ -120.936342135744241, 35.439140474326337 ], [ -120.926492099488627, 35.441143160141166 ], [ -120.910431422313749, 35.44233332268935 ], [ -120.905823036434967, 35.440708278275252 ], [ -120.890563487384227, 35.427814740207502 ], [ -120.879744483516333, 35.413097793946676 ], [ -120.872603047013968, 35.391956967155643 ], [ -120.871313633997758, 35.378434012362206 ], [ -120.871748544926319, 35.365292526063591 ], [ -120.870176833331072, 35.352223513615769 ], [ -120.871992726317657, 35.339314724924897 ], [ -120.88020996954495, 35.314408867628096 ], [ -120.894149478785408, 35.281919509151507 ], [ -120.896911434366018, 35.27785691420469 ], [ -120.90059658406409, 35.274809021142779 ], [ -120.900726287742728, 35.270773118914057 ], [ -120.899612348993969, 35.266371004809741 ], [ -120.903007564912301, 35.258283955341625 ], [ -120.902038590730655, 35.253919988342432 ], [ -120.899337675113529, 35.250200689629629 ], [ -120.899276651381541, 35.246286830524134 ], [ -120.896682567794272, 35.242571321385469 ], [ -120.88920548924159, 35.236174069316881 ], [ -120.887290451445907, 35.232283087168398 ], [ -120.879553963383046, 35.22688146306848 ], [ -120.876341878849729, 35.223127802035684 ], [ -120.865400938343853, 35.214834631540846 ], [ -120.863852129887292, 35.210993239973405 ], [ -120.860388266867815, 35.20770115226486 ], [ -120.842489063213947, 35.198995953884875 ], [ -120.833753101017649, 35.193876602737724 ], [ -120.830594430726009, 35.190573070081903 ], [ -120.815075678861234, 35.186163210055192 ], [ -120.796634798703678, 35.176725576381969 ], [ -120.791210098379736, 35.176214377460205 ], [ -120.780688840681947, 35.166593678878733 ], [ -120.766940220525242, 35.158895559679578 ], [ -120.756785137219637, 35.156797420411436 ], [ -120.75236757207901, 35.154710759449095 ], [ -120.749742940886762, 35.156484584106387 ], [ -120.751162033643311, 35.160432783918623 ], [ -120.746103466426092, 35.167856175881028 ], [ -120.742219913332022, 35.170873601327798 ], [ -120.737054586585373, 35.171682325175105 ], [ -120.721406035038171, 35.171438216297283 ], [ -120.712502187986757, 35.167375595940072 ], [ -120.707069835121786, 35.166551635829265 ], [ -120.691848644788948, 35.155019886613715 ], [ -120.68711823775871, 35.152826456814758 ], [ -120.681777452164596, 35.150751284303659 ], [ -120.661642662924081, 35.146120317366744 ], [ -120.652967715775162, 35.141023932526082 ], [ -120.649786150251714, 35.13781961329498 ], [ -120.641317298711883, 35.121794185835689 ], [ -120.637708585156687, 35.104956221505155 ], [ -120.637060247689902, 35.082850181162648 ], [ -120.638304113497668, 35.056906568409538 ], [ -120.643904666524108, 35.017275869885701 ], [ -120.647414478103883, 35.000868924100729 ], [ -120.654777041098399, 34.976531562421158 ], [ -120.656730226912671, 34.972350722385592 ], [ -120.666435044923688, 34.938194527530541 ], [ -120.670158300622248, 34.92966119511587 ], [ -120.668639963897107, 34.925404085057146 ], [ -120.669181650818629, 34.921169850985628 ], [ -120.673561016010112, 34.904293937675646 ], [ -120.672187649246695, 34.900994296648577 ], [ -120.667953144128049, 34.898575848117588 ], [ -120.652380895807241, 34.898667480133362 ], [ -120.647749649051292, 34.89684792860178 ], [ -120.645361527560283, 34.892926507368266 ], [ -120.644201788046871, 34.888577841684594 ], [ -120.643888925617574, 34.880178040721859 ], [ -120.626485491986941, 34.869409438224857 ], [ -120.623067363607191, 34.866159393229061 ], [ -120.618916760858852, 34.858575936196225 ], [ -120.616887213858575, 34.850038812279891 ], [ -120.618550425515878, 34.837107223191175 ], [ -120.62453959538631, 34.807021247029809 ], [ -120.63000238279308, 34.790477198081234 ], [ -120.640157416677667, 34.769489100639596 ], [ -120.642194505447037, 34.761203730583546 ], [ -120.644048503567205, 34.757213628471632 ], [ -120.643590699527053, 34.753105279421746 ], [ -120.639653755819865, 34.750332057839245 ], [ -120.637570825287639, 34.746998080080317 ], [ -120.635258974080571, 34.738922521605403 ], [ -120.632016324676272, 34.734982019442761 ], [ -120.620068161074371, 34.727627442133304 ], [ -120.613468398514982, 34.716153051215471 ], [ -120.610111257723645, 34.703984389200563 ], [ -120.611667643831495, 34.691472403739461 ], [ -120.619327719485, 34.667196102603164 ], [ -120.630039648147431, 34.639559127446844 ], [ -120.645451415739714, 34.604949041020831 ], [ -120.64709941521231, 34.602721302603683 ], [ -120.646405089471202, 34.598967710169248 ], [ -120.650227457872688, 34.582160480027049 ], [ -120.652043297682454, 34.578033060334207 ], [ -120.650250305185537, 34.575618398501923 ], [ -120.645542777028524, 34.57407727819934 ], [ -120.643436959139976, 34.570319866681295 ], [ -120.640964890840493, 34.562473174773196 ], [ -120.625178994405402, 34.550602008464075 ], [ -120.620791915940188, 34.549182952742029 ], [ -120.590494444260486, 34.551769174462756 ], [ -120.58526047660888, 34.551341919063262 ], [ -120.576181132992673, 34.548343588567022 ], [ -120.559052437421357, 34.538806945104213 ], [ -120.544037202639089, 34.536098499777772 ], [ -120.526176070118737, 34.527782522796144 ], [ -120.522757959047411, 34.525108447628888 ], [ -120.516890698840456, 34.5178758676917 ], [ -120.507155179159909, 34.508056941960298 ], [ -120.504782332305993, 34.504509315291394 ], [ -120.503882012509393, 34.500564972317598 ], [ -120.49911335064678, 34.492657286955144 ], [ -120.495321306866771, 34.489598013625944 ], [ -120.493459592634281, 34.48578342390482 ], [ -120.485471126641556, 34.480343881860598 ], [ -120.48246494228394, 34.476868805537379 ], [ -120.479237440016149, 34.469121365537944 ], [ -120.477451910749124, 34.456632344690583 ], [ -120.474102326844175, 34.449041304083458 ], [ -120.470623089465988, 34.445890473820718 ], [ -120.461940297445523, 34.441606762706463 ], [ -120.457362386807773, 34.440321290254687 ], [ -120.452280922796774, 34.440164949071765 ], [ -120.447367329203828, 34.441023293251881 ], [ -120.438295527358633, 34.444868528001869 ], [ -120.433595572285256, 34.445818420853207 ], [ -120.423463158635329, 34.445006024097069 ], [ -120.418099408747082, 34.445868188582459 ], [ -120.409638005624458, 34.449927036462554 ], [ -120.385184464899325, 34.451365428434116 ], [ -120.380743934675209, 34.452643376212436 ], [ -120.370817562374853, 34.453658178940877 ], [ -120.360448642483917, 34.453677371832221 ], [ -120.350705406017099, 34.455600051837706 ], [ -120.341030799097851, 34.455546759171966 ], [ -120.331562249640868, 34.45794626392756 ], [ -120.327915234507785, 34.459613294689987 ], [ -120.31295322517505, 34.462039566523231 ] ] } },
{ "type": "Feature", "properties": { "year": 2002 }, "geometry": { "type": "LineString", "coordinates": [ [ -122.381715950985296, 37.177970434705053 ], [ -122.373376707782072, 37.1728626347155 ], [ -122.367646846422616, 37.165740740903232 ], [ -122.365068068565463, 37.157474484770077 ], [ -122.365480143158834, 37.148582649707791 ], [ -122.362222279170567, 37.145931485514701 ], [ -122.34774877447127, 37.140220958467623 ], [ -122.340615060809185, 37.133484341772395 ], [ -122.340172576737785, 37.129196729776851 ], [ -122.342331857027972, 37.120816063572434 ], [ -122.342156411069396, 37.116661963637881 ], [ -122.339531828377019, 37.113003751753268 ], [ -122.335503370507325, 37.110669200660368 ], [ -122.330162597500333, 37.109238704745948 ], [ -122.315536425492496, 37.113930601356948 ], [ -122.310226156719693, 37.113953467246525 ], [ -122.300979009098228, 37.109852738719717 ], [ -122.292784781605064, 37.104039262859089 ], [ -122.282408510460485, 37.094460776631706 ], [ -122.277105971954356, 37.086370003966806 ], [ -122.265341170282696, 37.072175864177773 ], [ -122.254453805137885, 37.057298922913439 ], [ -122.250455889666526, 37.054613440007984 ], [ -122.236905767533543, 37.041201302880296 ], [ -122.233998912356526, 37.037443921908498 ], [ -122.227712216982596, 37.025897132516405 ], [ -122.223737201338906, 37.022723379796588 ], [ -122.218655867379908, 37.020785551770409 ], [ -122.214467216258029, 37.018012329857918 ], [ -122.207943941382908, 37.011210888712938 ], [ -122.198612924060711, 37.006301476157979 ], [ -122.190502661695021, 37.000888539174525 ], [ -122.183101851937835, 36.994953003180086 ], [ -122.174671020919533, 36.989746053086044 ], [ -122.17103926502412, 36.986114546885112 ], [ -122.162249849992264, 36.982246520949793 ], [ -122.155955303200088, 36.974933924484766 ], [ -122.146181666642121, 36.971939440534825 ], [ -122.133508701507424, 36.963596890131186 ], [ -122.118417161145942, 36.958653138923573 ], [ -122.109627732293944, 36.954109937960318 ], [ -122.08976000740968, 36.948693170638954 ], [ -122.079665934223598, 36.947262675515141 ], [ -122.069709179378236, 36.944416968707344 ], [ -122.06424632961982, 36.944119418183313 ], [ -122.048285063031045, 36.945126432526472 ], [ -122.032499258910249, 36.944336776496691 ], [ -122.022069531458399, 36.947510487807428 ], [ -122.014554370915633, 36.953308639700722 ], [ -122.009228866208488, 36.953896072668499 ], [ -121.97813765745984, 36.947644054285995 ], [ -121.973315655362754, 36.947361797151935 ], [ -121.968882793366035, 36.949177560420054 ], [ -121.9503121012431, 36.959587653324085 ], [ -121.940591838993939, 36.963192484295746 ], [ -121.935441765706997, 36.963902022196201 ], [ -121.925027149880748, 36.963005644009975 ], [ -121.92016698547161, 36.961483646636601 ], [ -121.911041762270429, 36.956711639992044 ], [ -121.899825955376429, 36.947934323664796 ], [ -121.870535161128615, 36.922906931876938 ], [ -121.852429628491635, 36.901648293876988 ], [ -121.839733616569021, 36.883101800848998 ], [ -121.807398471063962, 36.82740123664302 ], [ -121.797105898136394, 36.813382638094659 ], [ -121.793382550233915, 36.805307154423431 ], [ -121.794008163267677, 36.801282756228957 ], [ -121.796655650916932, 36.797468155004168 ], [ -121.80945813553339, 36.770209037032181 ], [ -121.816561241908232, 36.747062041591867 ], [ -121.816309411961768, 36.738978838942586 ], [ -121.813005650220518, 36.722369940980961 ], [ -121.813081898242146, 36.7143744736332 ], [ -121.814737435912562, 36.697021713836392 ], [ -121.818781075724701, 36.68105747880017 ], [ -121.822992594245292, 36.669434295839444 ], [ -121.834719283523356, 36.646161232932975 ], [ -121.847132671694993, 36.628053188531396 ], [ -121.856433196582671, 36.618161860109787 ], [ -121.867213888369577, 36.60972772386242 ], [ -121.880314019249681, 36.603689178215824 ], [ -121.885456439327882, 36.605287509937327 ], [ -121.893025128454212, 36.610860682238531 ], [ -121.894711318453275, 36.614919444147823 ], [ -121.900723561955147, 36.621762883330938 ], [ -121.909627428436522, 36.624494156893178 ], [ -121.913144737469523, 36.627542042069102 ], [ -121.918134571061032, 36.629819373143114 ], [ -121.918806012633738, 36.633691215720376 ], [ -121.926176340799657, 36.640038748251825 ], [ -121.931334024892934, 36.641808732708633 ], [ -121.936819771466602, 36.641705737478041 ], [ -121.941206832953412, 36.64035536115513 ], [ -121.943167629071155, 36.635949473520405 ], [ -121.943938163774163, 36.627740408798346 ], [ -121.945486959642409, 36.62376938858803 ], [ -121.951430439328902, 36.617715587400809 ], [ -121.951727965872053, 36.613748382139541 ], [ -121.955275762136409, 36.612680290188109 ], [ -121.959517893083159, 36.615766319901851 ], [ -121.963126722852721, 36.614202327453654 ], [ -121.965636791057904, 36.60192306851404 ], [ -121.968429231160698, 36.598817970446213 ], [ -121.969153959016452, 36.58743514726924 ], [ -121.973777539886555, 36.586420463383114 ], [ -121.982948390719741, 36.582735551815858 ], [ -121.981269832109163, 36.57934816890652 ], [ -121.974891365126297, 36.573130332720417 ], [ -121.972953398239426, 36.569792538617655 ], [ -121.963996120188597, 36.56609615983718 ], [ -121.95618328858248, 36.561541491910496 ], [ -121.951773320355016, 36.560057597681499 ], [ -121.948210272324886, 36.561800873784236 ], [ -121.943258605563926, 36.561446106365956 ], [ -121.938581597497759, 36.559809626460584 ], [ -121.936468147436244, 36.556166659338651 ], [ -121.93456829576715, 36.548236057257782 ], [ -121.937902444921207, 36.545439945661712 ], [ -121.93494207387667, 36.538298967968693 ], [ -121.930471059733904, 36.535479953110013 ], [ -121.928189757802912, 36.531844613230831 ], [ -121.928067649152112, 36.527392948628659 ], [ -121.930173422106364, 36.524963038985184 ], [ -121.935338714754565, 36.524955421578149 ], [ -121.93936716692842, 36.52258273621068 ], [ -121.944318830449333, 36.5228345127951 ], [ -121.948507537460131, 36.52453584346231 ], [ -121.952795415545651, 36.524345122294562 ], [ -121.956106679154018, 36.522197498731288 ], [ -121.955404719309271, 36.518493500797092 ], [ -121.951299930682708, 36.515746964019115 ], [ -121.948278550548096, 36.512229876110631 ], [ -121.944242437199946, 36.5104598816094 ], [ -121.940923469118871, 36.502937439606917 ], [ -121.940801381128622, 36.499305912262322 ], [ -121.944654406886812, 36.496685248623216 ], [ -121.94727148984272, 36.489673903118508 ], [ -121.942213132479964, 36.481930119197195 ], [ -121.940641474308833, 36.478336700316461 ], [ -121.940458424961676, 36.474178715281468 ], [ -121.938512913877545, 36.47057003627917 ], [ -121.93118090135178, 36.464134672625391 ], [ -121.929647399215639, 36.460194118387207 ], [ -121.930372276517161, 36.456371826297328 ], [ -121.932485753743322, 36.452469431140031 ], [ -121.932142486503011, 36.448071121095062 ], [ -121.927976733812187, 36.445286400718359 ], [ -121.923399051906941, 36.437931709187701 ], [ -121.918386545132066, 36.426583059931637 ], [ -121.919042822643803, 36.418564634950343 ], [ -121.91795191344886, 36.410282991072414 ], [ -121.915624927810043, 36.40661708762029 ], [ -121.915823360619299, 36.402737573145956 ], [ -121.908735505215901, 36.397164316071475 ], [ -121.906591634281966, 36.393441192486918 ], [ -121.907080000972698, 36.389184026853052 ], [ -121.905638062747286, 36.385190064729613 ], [ -121.905592350179148, 36.381184664683822 ], [ -121.908331449247441, 36.377701886530815 ], [ -121.908621442077092, 36.373604936181266 ], [ -121.906126604239901, 36.370198427582032 ], [ -121.906958296387117, 36.366437170317141 ], [ -121.909766059304886, 36.363038315783228 ], [ -121.908827681466448, 36.358842178375006 ], [ -121.904433125339963, 36.351739248156989 ], [ -121.901434728904633, 36.348634094789389 ], [ -121.897475073482866, 36.341039073360768 ], [ -121.896643517861946, 36.336553020780443 ], [ -121.896880101532318, 36.332635359004975 ], [ -121.899031716451375, 36.329091544562822 ], [ -121.898719095664973, 36.31735762759385 ], [ -121.904296548506721, 36.305455897797586 ], [ -121.901023483901184, 36.302747466268414 ], [ -121.89159332785907, 36.299188329132711 ], [ -121.887778561282218, 36.296518040437924 ], [ -121.879256446935827, 36.286393863481031 ], [ -121.870390890193718, 36.28286524373771 ], [ -121.863608260563325, 36.277131756855077 ], [ -121.855063166393236, 36.272832573892565 ], [ -121.846701288979034, 36.262895309240974 ], [ -121.842329655345324, 36.255590189525236 ], [ -121.839644134828717, 36.248574993461169 ], [ -121.831236298139558, 36.243730305041105 ], [ -121.827925043415988, 36.240701433108121 ], [ -121.810735519506167, 36.231710135325201 ], [ -121.805730494172522, 36.231126457410497 ], [ -121.795567853175768, 36.231469711649552 ], [ -121.787762754948687, 36.226422845153962 ], [ -121.778248627256929, 36.224046239378495 ], [ -121.765766574053416, 36.216466394787091 ], [ -121.761303249229741, 36.214593358628647 ], [ -121.754314517867698, 36.208745411919544 ], [ -121.748851635645067, 36.208176984460003 ], [ -121.744472078576777, 36.206605300693624 ], [ -121.740741059575498, 36.202943178279142 ], [ -121.723680626742222, 36.195744731379932 ], [ -121.719354479398419, 36.193295668487401 ], [ -121.716302522504705, 36.190072235935979 ], [ -121.712220531987455, 36.187546880211471 ], [ -121.705765644825917, 36.180985568180972 ], [ -121.700501020254009, 36.173806285970841 ], [ -121.69693786311241, 36.171029162665768 ], [ -121.693069510972933, 36.168278738597962 ], [ -121.683547415833502, 36.164467776477899 ], [ -121.67959513591903, 36.161934786658989 ], [ -121.674338145300908, 36.155064484879929 ], [ -121.663854687233069, 36.146157083972497 ], [ -121.646511971400642, 36.125816979029175 ], [ -121.638416671825496, 36.120430546806247 ], [ -121.634761962615755, 36.112389136990451 ], [ -121.626941343059855, 36.101498101647628 ], [ -121.623492642631263, 36.09367412659163 ], [ -121.621562288106531, 36.085346628979543 ], [ -121.612429334892155, 36.075245207337964 ], [ -121.610262453119716, 36.071792881774492 ], [ -121.597436643542224, 36.064106106807756 ], [ -121.596086159802127, 36.059719188982321 ], [ -121.596017497353657, 36.051818952780266 ], [ -121.594407597746724, 36.048179711165602 ], [ -121.588006142748071, 36.041736601865864 ], [ -121.583115403768915, 36.034412315744397 ], [ -121.579979536311171, 36.02615726585806 ], [ -121.577888956134217, 36.022811745944367 ], [ -121.574302922057413, 36.019599718533641 ], [ -121.569931011153727, 36.017162062912078 ], [ -121.554633128781347, 36.016890997967657 ], [ -121.549574528541868, 36.015952508177918 ], [ -121.540571291490608, 36.012469554075736 ], [ -121.535650028302157, 36.01214904710929 ], [ -121.53099581271988, 36.01052772990549 ], [ -121.522892903847321, 36.005682935828673 ], [ -121.513294536978762, 36.003683887552569 ], [ -121.505702819134683, 35.997988459505088 ], [ -121.495562739014076, 35.983710391913384 ], [ -121.48977932491762, 35.971351148238035 ], [ -121.486315335982866, 35.954273144802819 ], [ -121.479623963827109, 35.938011536893711 ], [ -121.47934927269101, 35.933678123748741 ], [ -121.47532072594737, 35.9260413227871 ], [ -121.476846657601357, 35.921719313425093 ], [ -121.474626382874106, 35.918339598144875 ], [ -121.475244375605158, 35.914490622600269 ], [ -121.468400453225513, 35.907777013166232 ], [ -121.465829166424044, 35.894811128080804 ], [ -121.466187745838937, 35.890595951518698 ], [ -121.460846884524287, 35.883523723084657 ], [ -121.453026357326166, 35.87745097016024 ], [ -121.447120893746359, 35.870176565264252 ], [ -121.438751028439, 35.864923957182391 ], [ -121.424513875304967, 35.858260027019888 ], [ -121.41953163927522, 35.856940245933643 ], [ -121.415274224964591, 35.854456984585433 ], [ -121.412466459324904, 35.850852191314445 ], [ -121.408231910172162, 35.84278046787032 ], [ -121.40510369485321, 35.839133714734608 ], [ -121.398183480163624, 35.832854911178266 ], [ -121.387204203341099, 35.818843861772017 ], [ -121.381947297640295, 35.817680469234993 ], [ -121.378872492672954, 35.814384652047387 ], [ -121.377338895034356, 35.810360212510275 ], [ -121.368122143968989, 35.808433940176101 ], [ -121.359416574072583, 35.803524594269597 ], [ -121.337435173526046, 35.784142578143459 ], [ -121.334734225197209, 35.780324130571422 ], [ -121.330904055498564, 35.772103568985976 ], [ -121.329393311197734, 35.759042164491007 ], [ -121.322778288572778, 35.752381822570229 ], [ -121.323167368578154, 35.747979712143582 ], [ -121.320977519551477, 35.740037679619192 ], [ -121.322511042633906, 35.73592931077075 ], [ -121.321557264874642, 35.731687454350059 ], [ -121.322320181760247, 35.727491356788754 ], [ -121.320496559045267, 35.719389105373004 ], [ -121.323037211628389, 35.715482902975815 ], [ -121.320473563650495, 35.711729333430142 ], [ -121.312714031374398, 35.706144789750368 ], [ -121.309593413381705, 35.702463701886465 ], [ -121.30723570765339, 35.694205052318416 ], [ -121.299857654290207, 35.687842316483739 ], [ -121.294333701531144, 35.686709419926878 ], [ -121.292052357775489, 35.683081726894862 ], [ -121.292006521376635, 35.678813156471634 ], [ -121.289763319489666, 35.67465904362097 ], [ -121.288824801842736, 35.670314187891826 ], [ -121.289190969434586, 35.665866326127869 ], [ -121.287123260631859, 35.662341624944474 ], [ -121.282751435743904, 35.663783591324652 ], [ -121.277143579439397, 35.664298612863483 ], [ -121.266835748666921, 35.660987597680474 ], [ -121.261555955771698, 35.660316265722862 ], [ -121.246860887657746, 35.649124229444276 ], [ -121.242008306995729, 35.647071969840766 ], [ -121.23675900213405, 35.646972803478796 ], [ -121.232303175115248, 35.645168493912884 ], [ -121.221682498181295, 35.645698756459993 ], [ -121.217249556284614, 35.643471022451529 ], [ -121.211771276260109, 35.636616140774954 ], [ -121.206453314467808, 35.637329491419202 ], [ -121.201913566656273, 35.635895201305786 ], [ -121.193436806556875, 35.631332922079174 ], [ -121.186829473515644, 35.637676675436282 ], [ -121.181816691329914, 35.637348630310214 ], [ -121.172500662016461, 35.633377621376532 ], [ -121.168548398491069, 35.630844715025503 ], [ -121.162352934110643, 35.62452006849206 ], [ -121.142881434770231, 35.599408383999041 ], [ -121.130162491617455, 35.591329021780567 ], [ -121.126492478530423, 35.582761362852494 ], [ -121.119282218568699, 35.571328922443719 ], [ -121.113750560282455, 35.564634253269809 ], [ -121.108562195541154, 35.552713534047896 ], [ -121.099917551857459, 35.541674003615796 ], [ -121.089632521644901, 35.531836086640695 ], [ -121.081293126870619, 35.526320145453624 ], [ -121.064927118345793, 35.509497646296644 ], [ -121.053436609420999, 35.500556169910105 ], [ -121.043586508086463, 35.490817409196524 ], [ -121.039863160045428, 35.487723741623434 ], [ -121.035277657709273, 35.485991903756535 ], [ -121.027899635881212, 35.480311915358349 ], [ -121.011983842143735, 35.463275748089075 ], [ -121.007955309126459, 35.460140118644539 ], [ -121.003598703058742, 35.458080219544193 ], [ -120.998341786677159, 35.457511842237146 ], [ -120.993092499000596, 35.458007745023991 ], [ -120.983478955429462, 35.454181652835643 ], [ -120.978077071302906, 35.454368568997346 ], [ -120.973079569246465, 35.455482444551713 ], [ -120.968089689532533, 35.454791992071534 ], [ -120.951693257524937, 35.443969828908969 ], [ -120.936342135744241, 35.439140474326337 ], [ -120.926492099488627, 35.441143160141166 ], [ -120.910431422313749, 35.44233332268935 ], [ -120.905823036434967, 35.440708278275252 ], [ -120.890563487384227, 35.427814740207502 ], [ -120.879744483516333, 35.413097793946676 ], [ -120.872603047013968, 35.391956967155643 ], [ -120.871313633997758, 35.378434012362206 ], [ -120.871748544926319, 35.365292526063591 ], [ -120.870176833331072, 35.352223513615769 ], [ -120.871992726317657, 35.339314724924897 ], [ -120.88020996954495, 35.314408867628096 ], [ -120.894149478785408, 35.281919509151507 ], [ -120.896911434366018, 35.27785691420469 ], [ -120.90059658406409, 35.274809021142779 ], [ -120.900726287742728, 35.270773118914057 ], [ -120.899612348993969, 35.266371004809741 ], [ -120.903007564912301, 35.258283955341625 ], [ -120.902038590730655, 35.253919988342432 ], [ -120.899337675113529, 35.250200689629629 ], [ -120.899276651381541, 35.246286830524134 ], [ -120.896682567794272, 35.242571321385469 ], [ -120.88920548924159, 35.236174069316881 ], [ -120.887290451445907, 35.232283087168398 ], [ -120.879553963383046, 35.22688146306848 ], [ -120.876341878849729, 35.223127802035684 ], [ -120.865400938343853, 35.214834631540846 ], [ -120.863852129887292, 35.210993239973405 ], [ -120.860388266867815, 35.20770115226486 ], [ -120.842489063213947, 35.198995953884875 ], [ -120.833753101017649, 35.193876602737724 ], [ -120.830594430726009, 35.190573070081903 ], [ -120.815075678861234, 35.186163210055192 ], [ -120.796634798703678, 35.176725576381969 ], [ -120.791210098379736, 35.176214377460205 ], [ -120.780688840681947, 35.166593678878733 ], [ -120.771777418265685, 35.161146253890742 ], [ -120.766940220525242, 35.158895559679578 ], [ -120.756785137219637, 35.156797420411436 ], [ -120.75236757207901, 35.154710759449095 ], [ -120.749742940886762, 35.156484584106387 ], [ -120.751162033643311, 35.160432783918623 ], [ -120.746103466426092, 35.167856175881028 ], [ -120.742219913332022, 35.170873601327798 ], [ -120.737054586585373, 35.171682325175105 ], [ -120.721406035038171, 35.171438216297283 ], [ -120.712502187986757, 35.167375595940072 ], [ -120.707069835121786, 35.166551635829265 ], [ -120.691848644788948, 35.155019886613715 ], [ -120.68711823775871, 35.152826456814758 ], [ -120.681777452164596, 35.150751284303659 ], [ -120.666380706133168, 35.147569882282625 ], [ -120.657041962068561, 35.14380482068146 ], [ -120.649786150251714, 35.13781961329498 ], [ -120.641317298711883, 35.121794185835689 ], [ -120.637708585156687, 35.104956221505155 ], [ -120.637060247689902, 35.082850181162648 ], [ -120.638304113497668, 35.056906568409538 ], [ -120.643256103061901, 35.02163604864365 ], [ -120.648352925463655, 34.996970359629579 ], [ -120.656730226912671, 34.972350722385592 ], [ -120.666435044923688, 34.938194527530541 ], [ -120.670158300622248, 34.92966119511587 ], [ -120.668639963897107, 34.925404085057146 ], [ -120.669181650818629, 34.921169850985628 ], [ -120.673561016010112, 34.904293937675646 ], [ -120.672187649246695, 34.900994296648577 ], [ -120.667953144128049, 34.898575848117588 ], [ -120.652380895807241, 34.898667480133362 ], [ -120.647749649051292, 34.89684792860178 ], [ -120.645361527560283, 34.892926507368266 ], [ -120.644201788046871, 34.888577841684594 ], [ -120.643888925617574, 34.880178040721859 ], [ -120.626485491986941, 34.869409438224857 ], [ -120.623067363607191, 34.866159393229061 ], [ -120.618916760858852, 34.858575936196225 ], [ -120.616887213858575, 34.850038812279891 ], [ -120.618550425515878, 34.837107223191175 ], [ -120.62453959538631, 34.807021247029809 ], [ -120.63000238279308, 34.790477198081234 ], [ -120.640157416677667, 34.769489100639596 ], [ -120.642194505447037, 34.761203730583546 ], [ -120.644048503567205, 34.757213628471632 ], [ -120.643590699527053, 34.753105279421746 ], [ -120.639653755819865, 34.750332057839245 ], [ -120.637570825287639, 34.746998080080317 ], [ -120.635258974080571, 34.738922521605403 ], [ -120.632016324676272, 34.734982019442761 ], [ -120.620068161074371, 34.727627442133304 ], [ -120.613468398514982, 34.716153051215471 ], [ -120.610111257723645, 34.703984389200563 ], [ -120.611667643831495, 34.691472403739461 ], [ -120.619327719485, 34.667196102603164 ], [ -120.630039648147431, 34.639559127446844 ], [ -120.645451415739714, 34.604949041020831 ], [ -120.64709941521231, 34.602721302603683 ], [ -120.646405089471202, 34.598967710169248 ], [ -120.650227457872688, 34.582160480027049 ], [ -120.652043297682454, 34.578033060334207 ], [ -120.650250305185537, 34.575618398501923 ], [ -120.645542777028524, 34.57407727819934 ], [ -120.643436959139976, 34.570319866681295 ], [ -120.640964890840493, 34.562473174773196 ], [ -120.625178994405402, 34.550602008464075 ], [ -120.620791915940188, 34.549182952742029 ], [ -120.590494444260486, 34.551769174462756 ], [ -120.58526047660888, 34.551341919063262 ], [ -120.576181132992673, 34.548343588567022 ], [ -120.559052437421357, 34.538806945104213 ], [ -120.544037202639089, 34.536098499777772 ], [ -120.526176070118737, 34.527782522796144 ], [ -120.522757959047411, 34.525108447628888 ], [ -120.516890698840456, 34.5178758676917 ], [ -120.507155179159909, 34.508056941960298 ], [ -120.504782332305993, 34.504509315291394 ], [ -120.503882012509393, 34.500564972317598 ], [ -120.49911335064678, 34.492657286955144 ], [ -120.495321306866771, 34.489598013625944 ], [ -120.493459592634281, 34.48578342390482 ], [ -120.485471126641556, 34.480343881860598 ], [ -120.48246494228394, 34.476868805537379 ], [ -120.479237440016149, 34.469121365537944 ], [ -120.477451910749124, 34.456632344690583 ], [ -120.474102326844175, 34.449041304083458 ], [ -120.470623089465988, 34.445890473820718 ], [ -120.461940297445523, 34.441606762706463 ], [ -120.457362386807773, 34.440321290254687 ], [ -120.452280922796774, 34.440164949071765 ], [ -120.447367329203828, 34.441023293251881 ], [ -120.438295527358633, 34.444868528001869 ], [ -120.433595572285256, 34.445818420853207 ], [ -120.423463158635329, 34.445006024097069 ], [ -120.418099408747082, 34.445868188582459 ], [ -120.409638005624458, 34.449927036462554 ], [ -120.385184464899325, 34.451365428434116 ], [ -120.380743934675209, 34.452643376212436 ], [ -120.370817562374853, 34.453658178940877 ], [ -120.360448642483917, 34.453677371832221 ], [ -120.350705406017099, 34.455600051837706 ], [ -120.341030799097851, 34.455546759171966 ], [ -120.331562249640868, 34.45794626392756 ], [ -120.327915234507785, 34.459613294689987 ], [ -120.322429418287953, 34.460505979292968 ] ] } },
{ "type": "Feature", "properties": { "year": 2003 }, "geometry": { "type": "LineString", "coordinates": [ [ -122.367646846422616, 37.165740740903232 ], [ -122.365068068565463, 37.157474484770077 ], [ -122.365480143158834, 37.148582649707791 ], [ -122.362222279170567, 37.145931485514701 ], [ -122.34774877447127, 37.140220958467623 ], [ -122.340615060809185, 37.133484341772395 ], [ -122.340172576737785, 37.129196729776851 ], [ -122.342331857027972, 37.120816063572434 ], [ -122.342156411069396, 37.116661963637881 ], [ -122.339531828377019, 37.113003751753268 ], [ -122.335503370507325, 37.110669200660368 ], [ -122.330162597500333, 37.109238704745948 ], [ -122.315536425492496, 37.113930601356948 ], [ -122.310226156719693, 37.113953467246525 ], [ -122.300979009098228, 37.109852738719717 ], [ -122.292784781605064, 37.104039262859089 ], [ -122.282408510460485, 37.094460776631706 ], [ -122.277105971954356, 37.086370003966806 ], [ -122.265341170282696, 37.072175864177773 ], [ -122.254453805137885, 37.057298922913439 ], [ -122.250455889666526, 37.054613440007984 ], [ -122.236905767533543, 37.041201302880296 ], [ -122.233998912356526, 37.037443921908498 ], [ -122.227712216982596, 37.025897132516405 ], [ -122.223737201338906, 37.022723379796588 ], [ -122.218655867379908, 37.020785551770409 ], [ -122.214467216258029, 37.018012329857918 ], [ -122.207943941382908, 37.011210888712938 ], [ -122.198612924060711, 37.006301476157979 ], [ -122.190502661695021, 37.000888539174525 ], [ -122.183101851937835, 36.994953003180086 ], [ -122.174671020919533, 36.989746053086044 ], [ -122.17103926502412, 36.986114546885112 ], [ -122.162249849992264, 36.982246520949793 ], [ -122.155955303200088, 36.974933924484766 ], [ -122.146181666642121, 36.971939440534825 ], [ -122.133508701507424, 36.963596890131186 ], [ -122.118417161145942, 36.958653138923573 ], [ -122.109627732293944, 36.954109937960318 ], [ -122.08976000740968, 36.948693170638954 ], [ -122.079665934223598, 36.947262675515141 ], [ -122.069709179378236, 36.944416968707344 ], [ -122.06424632961982, 36.944119418183313 ], [ -122.048285063031045, 36.945126432526472 ], [ -122.032499258910249, 36.944336776496691 ], [ -122.022069531458399, 36.947510487807428 ], [ -122.014554370915633, 36.953308639700722 ], [ -122.009228866208488, 36.953896072668499 ], [ -121.97813765745984, 36.947644054285995 ], [ -121.973315655362754, 36.947361797151935 ], [ -121.968882793366035, 36.949177560420054 ], [ -121.9503121012431, 36.959587653324085 ], [ -121.940591838993939, 36.963192484295746 ], [ -121.935441765706997, 36.963902022196201 ], [ -121.925027149880748, 36.963005644009975 ], [ -121.92016698547161, 36.961483646636601 ], [ -121.911041762270429, 36.956711639992044 ], [ -121.899825955376429, 36.947934323664796 ], [ -121.870535161128615, 36.922906931876938 ], [ -121.852429628491635, 36.901648293876988 ], [ -121.839733616569021, 36.883101800848998 ], [ -121.807398471063962, 36.82740123664302 ], [ -121.797105898136394, 36.813382638094659 ], [ -121.793382550233915, 36.805307154423431 ], [ -121.794008163267677, 36.801282756228957 ], [ -121.796655650916932, 36.797468155004168 ], [ -121.80945813553339, 36.770209037032181 ], [ -121.816561241908232, 36.747062041591867 ], [ -121.816309411961768, 36.738978838942586 ], [ -121.813005650220518, 36.722369940980961 ], [ -121.813081898242146, 36.7143744736332 ], [ -121.814737435912562, 36.697021713836392 ], [ -121.818781075724701, 36.68105747880017 ], [ -121.822992594245292, 36.669434295839444 ], [ -121.834719283523356, 36.646161232932975 ], [ -121.847132671694993, 36.628053188531396 ], [ -121.856433196582671, 36.618161860109787 ], [ -121.867213888369577, 36.60972772386242 ], [ -121.880314019249681, 36.603689178215824 ], [ -121.885456439327882, 36.605287509937327 ], [ -121.893025128454212, 36.610860682238531 ], [ -121.894711318453275, 36.614919444147823 ], [ -121.900723561955147, 36.621762883330938 ], [ -121.909627428436522, 36.624494156893178 ], [ -121.913144737469523, 36.627542042069102 ], [ -121.918134571061032, 36.629819373143114 ], [ -121.918806012633738, 36.633691215720376 ], [ -121.926176340799657, 36.640038748251825 ], [ -121.931334024892934, 36.641808732708633 ], [ -121.936819771466602, 36.641705737478041 ], [ -121.941206832953412, 36.64035536115513 ], [ -121.943167629071155, 36.635949473520405 ], [ -121.943938163774163, 36.627740408798346 ], [ -121.945486959642409, 36.62376938858803 ], [ -121.951430439328902, 36.617715587400809 ], [ -121.951727965872053, 36.613748382139541 ], [ -121.955275762136409, 36.612680290188109 ], [ -121.959517893083159, 36.615766319901851 ], [ -121.963126722852721, 36.614202327453654 ], [ -121.965636791057904, 36.60192306851404 ], [ -121.968429231160698, 36.598817970446213 ], [ -121.969153959016452, 36.58743514726924 ], [ -121.973777539886555, 36.586420463383114 ], [ -121.982948390719741, 36.582735551815858 ], [ -121.981269832109163, 36.57934816890652 ], [ -121.974891365126297, 36.573130332720417 ], [ -121.972953398239426, 36.569792538617655 ], [ -121.963996120188597, 36.56609615983718 ], [ -121.95618328858248, 36.561541491910496 ], [ -121.951773320355016, 36.560057597681499 ], [ -121.948210272324886, 36.561800873784236 ], [ -121.943258605563926, 36.561446106365956 ], [ -121.938581597497759, 36.559809626460584 ], [ -121.936468147436244, 36.556166659338651 ], [ -121.93456829576715, 36.548236057257782 ], [ -121.937902444921207, 36.545439945661712 ], [ -121.93494207387667, 36.538298967968693 ], [ -121.930471059733904, 36.535479953110013 ], [ -121.928189757802912, 36.531844613230831 ], [ -121.928067649152112, 36.527392948628659 ], [ -121.930173422106364, 36.524963038985184 ], [ -121.935338714754565, 36.524955421578149 ], [ -121.93936716692842, 36.52258273621068 ], [ -121.944318830449333, 36.5228345127951 ], [ -121.948507537460131, 36.52453584346231 ], [ -121.952795415545651, 36.524345122294562 ], [ -121.956106679154018, 36.522197498731288 ], [ -121.955404719309271, 36.518493500797092 ], [ -121.951299930682708, 36.515746964019115 ], [ -121.948278550548096, 36.512229876110631 ], [ -121.944242437199946, 36.5104598816094 ], [ -121.940923469118871, 36.502937439606917 ], [ -121.940801381128622, 36.499305912262322 ], [ -121.944654406886812, 36.496685248623216 ], [ -121.94727148984272, 36.489673903118508 ], [ -121.942213132479964, 36.481930119197195 ], [ -121.940641474308833, 36.478336700316461 ], [ -121.940458424961676, 36.474178715281468 ], [ -121.938512913877545, 36.47057003627917 ], [ -121.93118090135178, 36.464134672625391 ], [ -121.929647399215639, 36.460194118387207 ], [ -121.930372276517161, 36.456371826297328 ], [ -121.932485753743322, 36.452469431140031 ], [ -121.932142486503011, 36.448071121095062 ], [ -121.927976733812187, 36.445286400718359 ], [ -121.923399051906941, 36.437931709187701 ], [ -121.918386545132066, 36.426583059931637 ], [ -121.919042822643803, 36.418564634950343 ], [ -121.91795191344886, 36.410282991072414 ], [ -121.915624927810043, 36.40661708762029 ], [ -121.915823360619299, 36.402737573145956 ], [ -121.908735505215901, 36.397164316071475 ], [ -121.906591634281966, 36.393441192486918 ], [ -121.907080000972698, 36.389184026853052 ], [ -121.905638062747286, 36.385190064729613 ], [ -121.905592350179148, 36.381184664683822 ], [ -121.908331449247441, 36.377701886530815 ], [ -121.908621442077092, 36.373604936181266 ], [ -121.906126604239901, 36.370198427582032 ], [ -121.906958296387117, 36.366437170317141 ], [ -121.909766059304886, 36.363038315783228 ], [ -121.908827681466448, 36.358842178375006 ], [ -121.904433125339963, 36.351739248156989 ], [ -121.901434728904633, 36.348634094789389 ], [ -121.897475073482866, 36.341039073360768 ], [ -121.896643517861946, 36.336553020780443 ], [ -121.896880101532318, 36.332635359004975 ], [ -121.899031716451375, 36.329091544562822 ], [ -121.898719095664973, 36.31735762759385 ], [ -121.904296548506721, 36.305455897797586 ], [ -121.901023483901184, 36.302747466268414 ], [ -121.89159332785907, 36.299188329132711 ], [ -121.887778561282218, 36.296518040437924 ], [ -121.879256446935827, 36.286393863481031 ], [ -121.870390890193718, 36.28286524373771 ], [ -121.863608260563325, 36.277131756855077 ], [ -121.855063166393236, 36.272832573892565 ], [ -121.846701288979034, 36.262895309240974 ], [ -121.842329655345324, 36.255590189525236 ], [ -121.839644134828717, 36.248574993461169 ], [ -121.831236298139558, 36.243730305041105 ], [ -121.827925043415988, 36.240701433108121 ], [ -121.810735519506167, 36.231710135325201 ], [ -121.805730494172522, 36.231126457410497 ], [ -121.795567853175768, 36.231469711649552 ], [ -121.787762754948687, 36.226422845153962 ], [ -121.778248627256929, 36.224046239378495 ], [ -121.765766574053416, 36.216466394787091 ], [ -121.761303249229741, 36.214593358628647 ], [ -121.754314517867698, 36.208745411919544 ], [ -121.748851635645067, 36.208176984460003 ], [ -121.744472078576777, 36.206605300693624 ], [ -121.740741059575498, 36.202943178279142 ], [ -121.723680626742222, 36.195744731379932 ], [ -121.719354479398419, 36.193295668487401 ], [ -121.716302522504705, 36.190072235935979 ], [ -121.712220531987455, 36.187546880211471 ], [ -121.705765644825917, 36.180985568180972 ], [ -121.700501020254009, 36.173806285970841 ], [ -121.69693786311241, 36.171029162665768 ], [ -121.693069510972933, 36.168278738597962 ], [ -121.683547415833502, 36.164467776477899 ], [ -121.67959513591903, 36.161934786658989 ], [ -121.674338145300908, 36.155064484879929 ], [ -121.663854687233069, 36.146157083972497 ], [ -121.646511971400642, 36.125816979029175 ], [ -121.638416671825496, 36.120430546806247 ], [ -121.634761962615755, 36.112389136990451 ], [ -121.626941343059855, 36.101498101647628 ], [ -121.623492642631263, 36.09367412659163 ], [ -121.621562288106531, 36.085346628979543 ], [ -121.612429334892155, 36.075245207337964 ], [ -121.610262453119716, 36.071792881774492 ], [ -121.597436643542224, 36.064106106807756 ], [ -121.596086159802127, 36.059719188982321 ], [ -121.596017497353657, 36.051818952780266 ], [ -121.594407597746724, 36.048179711165602 ], [ -121.588006142748071, 36.041736601865864 ], [ -121.583115403768915, 36.034412315744397 ], [ -121.579979536311171, 36.02615726585806 ], [ -121.577888956134217, 36.022811745944367 ], [ -121.574302922057413, 36.019599718533641 ], [ -121.569931011153727, 36.017162062912078 ], [ -121.554633128781347, 36.016890997967657 ], [ -121.549574528541868, 36.015952508177918 ], [ -121.540571291490608, 36.012469554075736 ], [ -121.535650028302157, 36.01214904710929 ], [ -121.53099581271988, 36.01052772990549 ], [ -121.522892903847321, 36.005682935828673 ], [ -121.513294536978762, 36.003683887552569 ], [ -121.505702819134683, 35.997988459505088 ], [ -121.495562739014076, 35.983710391913384 ], [ -121.48977932491762, 35.971351148238035 ], [ -121.486315335982866, 35.954273144802819 ], [ -121.479623963827109, 35.938011536893711 ], [ -121.47934927269101, 35.933678123748741 ], [ -121.47532072594737, 35.9260413227871 ], [ -121.476846657601357, 35.921719313425093 ], [ -121.474626382874106, 35.918339598144875 ], [ -121.475244375605158, 35.914490622600269 ], [ -121.468400453225513, 35.907777013166232 ], [ -121.465829166424044, 35.894811128080804 ], [ -121.466187745838937, 35.890595951518698 ], [ -121.460846884524287, 35.883523723084657 ], [ -121.453026357326166, 35.87745097016024 ], [ -121.447120893746359, 35.870176565264252 ], [ -121.438751028439, 35.864923957182391 ], [ -121.424513875304967, 35.858260027019888 ], [ -121.41953163927522, 35.856940245933643 ], [ -121.415274224964591, 35.854456984585433 ], [ -121.412466459324904, 35.850852191314445 ], [ -121.408231910172162, 35.84278046787032 ], [ -121.40510369485321, 35.839133714734608 ], [ -121.398183480163624, 35.832854911178266 ], [ -121.387204203341099, 35.818843861772017 ], [ -121.381947297640295, 35.817680469234993 ], [ -121.378872492672954, 35.814384652047387 ], [ -121.377338895034356, 35.810360212510275 ], [ -121.368122143968989, 35.808433940176101 ], [ -121.359416574072583, 35.803524594269597 ], [ -121.337435173526046, 35.784142578143459 ], [ -121.334734225197209, 35.780324130571422 ], [ -121.330904055498564, 35.772103568985976 ], [ -121.329393311197734, 35.759042164491007 ], [ -121.322778288572778, 35.752381822570229 ], [ -121.323167368578154, 35.747979712143582 ], [ -121.320977519551477, 35.740037679619192 ], [ -121.322511042633906, 35.73592931077075 ], [ -121.321557264874642, 35.731687454350059 ], [ -121.322320181760247, 35.727491356788754 ], [ -121.320496559045267, 35.719389105373004 ], [ -121.323037211628389, 35.715482902975815 ], [ -121.320473563650495, 35.711729333430142 ], [ -121.312714031374398, 35.706144789750368 ], [ -121.309593413381705, 35.702463701886465 ], [ -121.30723570765339, 35.694205052318416 ], [ -121.299857654290207, 35.687842316483739 ], [ -121.294333701531144, 35.686709419926878 ], [ -121.292052357775489, 35.683081726894862 ], [ -121.292006521376635, 35.678813156471634 ], [ -121.289763319489666, 35.67465904362097 ], [ -121.288824801842736, 35.670314187891826 ], [ -121.289190969434586, 35.665866326127869 ], [ -121.287123260631859, 35.662341624944474 ], [ -121.282751435743904, 35.663783591324652 ], [ -121.277143579439397, 35.664298612863483 ], [ -121.266835748666921, 35.660987597680474 ], [ -121.261555955771698, 35.660316265722862 ], [ -121.246860887657746, 35.649124229444276 ], [ -121.242008306995729, 35.647071969840766 ], [ -121.23675900213405, 35.646972803478796 ], [ -121.232303175115248, 35.645168493912884 ], [ -121.221682498181295, 35.645698756459993 ], [ -121.217249556284614, 35.643471022451529 ], [ -121.211771276260109, 35.636616140774954 ], [ -121.206453314467808, 35.637329491419202 ], [ -121.201913566656273, 35.635895201305786 ], [ -121.193436806556875, 35.631332922079174 ], [ -121.186829473515644, 35.637676675436282 ], [ -121.181816691329914, 35.637348630310214 ], [ -121.172500662016461, 35.633377621376532 ], [ -121.168548398491069, 35.630844715025503 ], [ -121.162352934110643, 35.62452006849206 ], [ -121.142881434770231, 35.599408383999041 ], [ -121.130162491617455, 35.591329021780567 ], [ -121.126492478530423, 35.582761362852494 ], [ -121.119282218568699, 35.571328922443719 ], [ -121.113750560282455, 35.564634253269809 ], [ -121.108562195541154, 35.552713534047896 ], [ -121.099917551857459, 35.541674003615796 ], [ -121.089632521644901, 35.531836086640695 ], [ -121.081293126870619, 35.526320145453624 ], [ -121.064927118345793, 35.509497646296644 ], [ -121.053436609420999, 35.500556169910105 ], [ -121.043586508086463, 35.490817409196524 ], [ -121.039863160045428, 35.487723741623434 ], [ -121.035277657709273, 35.485991903756535 ], [ -121.027899635881212, 35.480311915358349 ], [ -121.011983842143735, 35.463275748089075 ], [ -121.007955309126459, 35.460140118644539 ], [ -121.003598703058742, 35.458080219544193 ], [ -120.998341786677159, 35.457511842237146 ], [ -120.993092499000596, 35.458007745023991 ], [ -120.983478955429462, 35.454181652835643 ], [ -120.978077071302906, 35.454368568997346 ], [ -120.973079569246465, 35.455482444551713 ], [ -120.968089689532533, 35.454791992071534 ], [ -120.951693257524937, 35.443969828908969 ], [ -120.936342135744241, 35.439140474326337 ], [ -120.926492099488627, 35.441143160141166 ], [ -120.910431422313749, 35.44233332268935 ], [ -120.905823036434967, 35.440708278275252 ], [ -120.890563487384227, 35.427814740207502 ], [ -120.879744483516333, 35.413097793946676 ], [ -120.872603047013968, 35.391956967155643 ], [ -120.871313633997758, 35.378434012362206 ], [ -120.871748544926319, 35.365292526063591 ], [ -120.870176833331072, 35.352223513615769 ], [ -120.871992726317657, 35.339314724924897 ], [ -120.88020996954495, 35.314408867628096 ], [ -120.894149478785408, 35.281919509151507 ], [ -120.896911434366018, 35.27785691420469 ], [ -120.90059658406409, 35.274809021142779 ], [ -120.900726287742728, 35.270773118914057 ], [ -120.899612348993969, 35.266371004809741 ], [ -120.903007564912301, 35.258283955341625 ], [ -120.902038590730655, 35.253919988342432 ], [ -120.899337675113529, 35.250200689629629 ], [ -120.899276651381541, 35.246286830524134 ], [ -120.896682567794272, 35.242571321385469 ], [ -120.88920548924159, 35.236174069316881 ], [ -120.887290451445907, 35.232283087168398 ], [ -120.879553963383046, 35.22688146306848 ], [ -120.876341878849729, 35.223127802035684 ], [ -120.865400938343853, 35.214834631540846 ], [ -120.863852129887292, 35.210993239973405 ], [ -120.860388266867815, 35.20770115226486 ], [ -120.842489063213947, 35.198995953884875 ], [ -120.833753101017649, 35.193876602737724 ], [ -120.830594430726009, 35.190573070081903 ], [ -120.815075678861234, 35.186163210055192 ], [ -120.796634798703678, 35.176725576381969 ], [ -120.791210098379736, 35.176214377460205 ], [ -120.780688840681947, 35.166593678878733 ], [ -120.771777418265685, 35.161146253890742 ], [ -120.766940220525242, 35.158895559679578 ], [ -120.756785137219637, 35.156797420411436 ], [ -120.75236757207901, 35.154710759449095 ], [ -120.749742940886762, 35.156484584106387 ], [ -120.751162033643311, 35.160432783918623 ], [ -120.746103466426092, 35.167856175881028 ], [ -120.742219913332022, 35.170873601327798 ], [ -120.737054586585373, 35.171682325175105 ], [ -120.721406035038171, 35.171438216297283 ], [ -120.712502187986757, 35.167375595940072 ], [ -120.707069835121786, 35.166551635829265 ], [ -120.691848644788948, 35.155019886613715 ], [ -120.68711823775871, 35.152826456814758 ], [ -120.681777452164596, 35.150751284303659 ], [ -120.666380706133168, 35.147569882282625 ], [ -120.657041962068561, 35.14380482068146 ], [ -120.649786150251714, 35.13781961329498 ], [ -120.641317298711883, 35.121794185835689 ], [ -120.637708585156687, 35.104956221505155 ], [ -120.637060247689902, 35.082850181162648 ], [ -120.638304113497668, 35.056906568409538 ], [ -120.643256103061901, 35.02163604864365 ], [ -120.648352925463655, 34.996970359629579 ], [ -120.656730226912671, 34.972350722385592 ], [ -120.666435044923688, 34.938194527530541 ], [ -120.670158300622248, 34.92966119511587 ], [ -120.668639963897107, 34.925404085057146 ], [ -120.669181650818629, 34.921169850985628 ], [ -120.673561016010112, 34.904293937675646 ], [ -120.672187649246695, 34.900994296648577 ], [ -120.667953144128049, 34.898575848117588 ], [ -120.652380895807241, 34.898667480133362 ], [ -120.647749649051292, 34.89684792860178 ], [ -120.645361527560283, 34.892926507368266 ], [ -120.644201788046871, 34.888577841684594 ], [ -120.643888925617574, 34.880178040721859 ], [ -120.626485491986941, 34.869409438224857 ], [ -120.623067363607191, 34.866159393229061 ], [ -120.618916760858852, 34.858575936196225 ], [ -120.616887213858575, 34.850038812279891 ], [ -120.618550425515878, 34.837107223191175 ], [ -120.62453959538631, 34.807021247029809 ], [ -120.63000238279308, 34.790477198081234 ], [ -120.640157416677667, 34.769489100639596 ], [ -120.642194505447037, 34.761203730583546 ], [ -120.644048503567205, 34.757213628471632 ], [ -120.643590699527053, 34.753105279421746 ], [ -120.639653755819865, 34.750332057839245 ], [ -120.637570825287639, 34.746998080080317 ], [ -120.635258974080571, 34.738922521605403 ], [ -120.632016324676272, 34.734982019442761 ], [ -120.620068161074371, 34.727627442133304 ], [ -120.613468398514982, 34.716153051215471 ], [ -120.610111257723645, 34.703984389200563 ], [ -120.611667643831495, 34.691472403739461 ], [ -120.619327719485, 34.667196102603164 ], [ -120.630039648147431, 34.639559127446844 ], [ -120.645451415739714, 34.604949041020831 ], [ -120.64709941521231, 34.602721302603683 ], [ -120.646405089471202, 34.598967710169248 ], [ -120.650227457872688, 34.582160480027049 ], [ -120.652043297682454, 34.578033060334207 ], [ -120.650250305185537, 34.575618398501923 ], [ -120.645542777028524, 34.57407727819934 ], [ -120.643436959139976, 34.570319866681295 ], [ -120.640964890840493, 34.562473174773196 ], [ -120.625178994405402, 34.550602008464075 ], [ -120.620791915940188, 34.549182952742029 ], [ -120.590494444260486, 34.551769174462756 ], [ -120.58526047660888, 34.551341919063262 ], [ -120.576181132992673, 34.548343588567022 ], [ -120.559052437421357, 34.538806945104213 ], [ -120.544037202639089, 34.536098499777772 ], [ -120.526176070118737, 34.527782522796144 ], [ -120.522757959047411, 34.525108447628888 ], [ -120.516890698840456, 34.5178758676917 ], [ -120.507155179159909, 34.508056941960298 ], [ -120.504782332305993, 34.504509315291394 ], [ -120.503882012509393, 34.500564972317598 ], [ -120.49911335064678, 34.492657286955144 ], [ -120.495321306866771, 34.489598013625944 ], [ -120.493459592634281, 34.48578342390482 ], [ -120.485471126641556, 34.480343881860598 ], [ -120.48246494228394, 34.476868805537379 ], [ -120.479237440016149, 34.469121365537944 ], [ -120.477451910749124, 34.456632344690583 ], [ -120.474102326844175, 34.449041304083458 ], [ -120.470623089465988, 34.445890473820718 ], [ -120.461940297445523, 34.441606762706463 ], [ -120.457362386807773, 34.440321290254687 ], [ -120.452280922796774, 34.440164949071765 ], [ -120.447367329203828, 34.441023293251881 ], [ -120.438295527358633, 34.444868528001869 ], [ -120.433595572285256, 34.445818420853207 ], [ -120.423463158635329, 34.445006024097069 ], [ -120.418099408747082, 34.445868188582459 ], [ -120.409638005624458, 34.449927036462554 ], [ -120.385184464899325, 34.451365428434116 ], [ -120.380743934675209, 34.452643376212436 ], [ -120.370817562374853, 34.453658178940877 ], [ -120.360448642483917, 34.453677371832221 ], [ -120.350705406017099, 34.455600051837706 ], [ -120.341030799097851, 34.455546759171966 ], [ -120.331562249640868, 34.45794626392756 ], [ -120.327915234507785, 34.459613294689987 ] ] } },
{ "type": "Feature", "properties": { "year": 2004 }, "geometry": { "type": "LineString", "coordinates": [ [ -122.370095955388237, 37.169536283357758 ], [ -122.367646846422616, 37.165740740903232 ], [ -122.365068068565463, 37.157474484770077 ], [ -122.365480143158834, 37.148582649707791 ], [ -122.362222279170567, 37.145931485514701 ], [ -122.34774877447127, 37.140220958467623 ], [ -122.340615060809185, 37.133484341772395 ], [ -122.340172576737785, 37.129196729776851 ], [ -122.342331857027972, 37.120816063572434 ], [ -122.342156411069396, 37.116661963637881 ], [ -122.339531828377019, 37.113003751753268 ], [ -122.335503370507325, 37.110669200660368 ], [ -122.330162597500333, 37.109238704745948 ], [ -122.315536425492496, 37.113930601356948 ], [ -122.310226156719693, 37.113953467246525 ], [ -122.300979009098228, 37.109852738719717 ], [ -122.292784781605064, 37.104039262859089 ], [ -122.282408510460485, 37.094460776631706 ], [ -122.277105971954356, 37.086370003966806 ], [ -122.265341170282696, 37.072175864177773 ], [ -122.254453805137885, 37.057298922913439 ], [ -122.250455889666526, 37.054613440007984 ], [ -122.236905767533543, 37.041201302880296 ], [ -122.233998912356526, 37.037443921908498 ], [ -122.227712216982596, 37.025897132516405 ], [ -122.223737201338906, 37.022723379796588 ], [ -122.218655867379908, 37.020785551770409 ], [ -122.214467216258029, 37.018012329857918 ], [ -122.207943941382908, 37.011210888712938 ], [ -122.198612924060711, 37.006301476157979 ], [ -122.190502661695021, 37.000888539174525 ], [ -122.183101851937835, 36.994953003180086 ], [ -122.174671020919533, 36.989746053086044 ], [ -122.17103926502412, 36.986114546885112 ], [ -122.162249849992264, 36.982246520949793 ], [ -122.155955303200088, 36.974933924484766 ], [ -122.146181666642121, 36.971939440534825 ], [ -122.133508701507424, 36.963596890131186 ], [ -122.118417161145942, 36.958653138923573 ], [ -122.109627732293944, 36.954109937960318 ], [ -122.08976000740968, 36.948693170638954 ], [ -122.079665934223598, 36.947262675515141 ], [ -122.069709179378236, 36.944416968707344 ], [ -122.06424632961982, 36.944119418183313 ], [ -122.048285063031045, 36.945126432526472 ], [ -122.032499258910249, 36.944336776496691 ], [ -122.022069531458399, 36.947510487807428 ], [ -122.014554370915633, 36.953308639700722 ], [ -122.009228866208488, 36.953896072668499 ], [ -121.97813765745984, 36.947644054285995 ], [ -121.973315655362754, 36.947361797151935 ], [ -121.968882793366035, 36.949177560420054 ], [ -121.9503121012431, 36.959587653324085 ], [ -121.940591838993939, 36.963192484295746 ], [ -121.935441765706997, 36.963902022196201 ], [ -121.925027149880748, 36.963005644009975 ], [ -121.92016698547161, 36.961483646636601 ], [ -121.911041762270429, 36.956711639992044 ], [ -121.899825955376429, 36.947934323664796 ], [ -121.870535161128615, 36.922906931876938 ], [ -121.852429628491635, 36.901648293876988 ], [ -121.839733616569021, 36.883101800848998 ], [ -121.807398471063962, 36.82740123664302 ], [ -121.797105898136394, 36.813382638094659 ], [ -121.793382550233915, 36.805307154423431 ], [ -121.794008163267677, 36.801282756228957 ], [ -121.796655650916932, 36.797468155004168 ], [ -121.80945813553339, 36.770209037032181 ], [ -121.816561241908232, 36.747062041591867 ], [ -121.816309411961768, 36.738978838942586 ], [ -121.813005650220518, 36.722369940980961 ], [ -121.813081898242146, 36.7143744736332 ], [ -121.814737435912562, 36.697021713836392 ], [ -121.818781075724701, 36.68105747880017 ], [ -121.822992594245292, 36.669434295839444 ], [ -121.834719283523356, 36.646161232932975 ], [ -121.847132671694993, 36.628053188531396 ], [ -121.856433196582671, 36.618161860109787 ], [ -121.867213888369577, 36.60972772386242 ], [ -121.880314019249681, 36.603689178215824 ], [ -121.885456439327882, 36.605287509937327 ], [ -121.893025128454212, 36.610860682238531 ], [ -121.894711318453275, 36.614919444147823 ], [ -121.900723561955147, 36.621762883330938 ], [ -121.909627428436522, 36.624494156893178 ], [ -121.913144737469523, 36.627542042069102 ], [ -121.918134571061032, 36.629819373143114 ], [ -121.918806012633738, 36.633691215720376 ], [ -121.926176340799657, 36.640038748251825 ], [ -121.931334024892934, 36.641808732708633 ], [ -121.936819771466602, 36.641705737478041 ], [ -121.941206832953412, 36.64035536115513 ], [ -121.943167629071155, 36.635949473520405 ], [ -121.943938163774163, 36.627740408798346 ], [ -121.945486959642409, 36.62376938858803 ], [ -121.951430439328902, 36.617715587400809 ], [ -121.951727965872053, 36.613748382139541 ], [ -121.955275762136409, 36.612680290188109 ], [ -121.959517893083159, 36.615766319901851 ], [ -121.963126722852721, 36.614202327453654 ], [ -121.965636791057904, 36.60192306851404 ], [ -121.968429231160698, 36.598817970446213 ], [ -121.969153959016452, 36.58743514726924 ], [ -121.973777539886555, 36.586420463383114 ], [ -121.982948390719741, 36.582735551815858 ], [ -121.981269832109163, 36.57934816890652 ], [ -121.974891365126297, 36.573130332720417 ], [ -121.972953398239426, 36.569792538617655 ], [ -121.963996120188597, 36.56609615983718 ], [ -121.95618328858248, 36.561541491910496 ], [ -121.951773320355016, 36.560057597681499 ], [ -121.948210272324886, 36.561800873784236 ], [ -121.943258605563926, 36.561446106365956 ], [ -121.938581597497759, 36.559809626460584 ], [ -121.936468147436244, 36.556166659338651 ], [ -121.93456829576715, 36.548236057257782 ], [ -121.937902444921207, 36.545439945661712 ], [ -121.93494207387667, 36.538298967968693 ], [ -121.930471059733904, 36.535479953110013 ], [ -121.928189757802912, 36.531844613230831 ], [ -121.928067649152112, 36.527392948628659 ], [ -121.930173422106364, 36.524963038985184 ], [ -121.935338714754565, 36.524955421578149 ], [ -121.93936716692842, 36.52258273621068 ], [ -121.944318830449333, 36.5228345127951 ], [ -121.948507537460131, 36.52453584346231 ], [ -121.952795415545651, 36.524345122294562 ], [ -121.956106679154018, 36.522197498731288 ], [ -121.955404719309271, 36.518493500797092 ], [ -121.951299930682708, 36.515746964019115 ], [ -121.948278550548096, 36.512229876110631 ], [ -121.944242437199946, 36.5104598816094 ], [ -121.940923469118871, 36.502937439606917 ], [ -121.940801381128622, 36.499305912262322 ], [ -121.944654406886812, 36.496685248623216 ], [ -121.94727148984272, 36.489673903118508 ], [ -121.942213132479964, 36.481930119197195 ], [ -121.940641474308833, 36.478336700316461 ], [ -121.940458424961676, 36.474178715281468 ], [ -121.938512913877545, 36.47057003627917 ], [ -121.93118090135178, 36.464134672625391 ], [ -121.929647399215639, 36.460194118387207 ], [ -121.930372276517161, 36.456371826297328 ], [ -121.932485753743322, 36.452469431140031 ], [ -121.932142486503011, 36.448071121095062 ], [ -121.927976733812187, 36.445286400718359 ], [ -121.923399051906941, 36.437931709187701 ], [ -121.918386545132066, 36.426583059931637 ], [ -121.919042822643803, 36.418564634950343 ], [ -121.91795191344886, 36.410282991072414 ], [ -121.915624927810043, 36.40661708762029 ], [ -121.915823360619299, 36.402737573145956 ], [ -121.908735505215901, 36.397164316071475 ], [ -121.906591634281966, 36.393441192486918 ], [ -121.907080000972698, 36.389184026853052 ], [ -121.905638062747286, 36.385190064729613 ], [ -121.905592350179148, 36.381184664683822 ], [ -121.908331449247441, 36.377701886530815 ], [ -121.908621442077092, 36.373604936181266 ], [ -121.906126604239901, 36.370198427582032 ], [ -121.906958296387117, 36.366437170317141 ], [ -121.909766059304886, 36.363038315783228 ], [ -121.908827681466448, 36.358842178375006 ], [ -121.904433125339963, 36.351739248156989 ], [ -121.901434728904633, 36.348634094789389 ], [ -121.897475073482866, 36.341039073360768 ], [ -121.896643517861946, 36.336553020780443 ], [ -121.896880101532318, 36.332635359004975 ], [ -121.899031716451375, 36.329091544562822 ], [ -121.898719095664973, 36.31735762759385 ], [ -121.904296548506721, 36.305455897797586 ], [ -121.901023483901184, 36.302747466268414 ], [ -121.89159332785907, 36.299188329132711 ], [ -121.887778561282218, 36.296518040437924 ], [ -121.879256446935827, 36.286393863481031 ], [ -121.870390890193718, 36.28286524373771 ], [ -121.863608260563325, 36.277131756855077 ], [ -121.855063166393236, 36.272832573892565 ], [ -121.846701288979034, 36.262895309240974 ], [ -121.842329655345324, 36.255590189525236 ], [ -121.839644134828717, 36.248574993461169 ], [ -121.831236298139558, 36.243730305041105 ], [ -121.827925043415988, 36.240701433108121 ], [ -121.810735519506167, 36.231710135325201 ], [ -121.805730494172522, 36.231126457410497 ], [ -121.795567853175768, 36.231469711649552 ], [ -121.787762754948687, 36.226422845153962 ], [ -121.778248627256929, 36.224046239378495 ], [ -121.765766574053416, 36.216466394787091 ], [ -121.761303249229741, 36.214593358628647 ], [ -121.754314517867698, 36.208745411919544 ], [ -121.748851635645067, 36.208176984460003 ], [ -121.744472078576777, 36.206605300693624 ], [ -121.740741059575498, 36.202943178279142 ], [ -121.723680626742222, 36.195744731379932 ], [ -121.719354479398419, 36.193295668487401 ], [ -121.716302522504705, 36.190072235935979 ], [ -121.712220531987455, 36.187546880211471 ], [ -121.705765644825917, 36.180985568180972 ], [ -121.700501020254009, 36.173806285970841 ], [ -121.69693786311241, 36.171029162665768 ], [ -121.693069510972933, 36.168278738597962 ], [ -121.683547415833502, 36.164467776477899 ], [ -121.67959513591903, 36.161934786658989 ], [ -121.674338145300908, 36.155064484879929 ], [ -121.663854687233069, 36.146157083972497 ], [ -121.646511971400642, 36.125816979029175 ], [ -121.638416671825496, 36.120430546806247 ], [ -121.634761962615755, 36.112389136990451 ], [ -121.626941343059855, 36.101498101647628 ], [ -121.623492642631263, 36.09367412659163 ], [ -121.621562288106531, 36.085346628979543 ], [ -121.612429334892155, 36.075245207337964 ], [ -121.610262453119716, 36.071792881774492 ], [ -121.597436643542224, 36.064106106807756 ], [ -121.596086159802127, 36.059719188982321 ], [ -121.596017497353657, 36.051818952780266 ], [ -121.594407597746724, 36.048179711165602 ], [ -121.588006142748071, 36.041736601865864 ], [ -121.583115403768915, 36.034412315744397 ], [ -121.579979536311171, 36.02615726585806 ], [ -121.577888956134217, 36.022811745944367 ], [ -121.574302922057413, 36.019599718533641 ], [ -121.569931011153727, 36.017162062912078 ], [ -121.554633128781347, 36.016890997967657 ], [ -121.549574528541868, 36.015952508177918 ], [ -121.540571291490608, 36.012469554075736 ], [ -121.535650028302157, 36.01214904710929 ], [ -121.53099581271988, 36.01052772990549 ], [ -121.522892903847321, 36.005682935828673 ], [ -121.513294536978762, 36.003683887552569 ], [ -121.505702819134683, 35.997988459505088 ], [ -121.495562739014076, 35.983710391913384 ], [ -121.48977932491762, 35.971351148238035 ], [ -121.486315335982866, 35.954273144802819 ], [ -121.479623963827109, 35.938011536893711 ], [ -121.47934927269101, 35.933678123748741 ], [ -121.47532072594737, 35.9260413227871 ], [ -121.476846657601357, 35.921719313425093 ], [ -121.474626382874106, 35.918339598144875 ], [ -121.475244375605158, 35.914490622600269 ], [ -121.468400453225513, 35.907777013166232 ], [ -121.465829166424044, 35.894811128080804 ], [ -121.466187745838937, 35.890595951518698 ], [ -121.460846884524287, 35.883523723084657 ], [ -121.453026357326166, 35.87745097016024 ], [ -121.447120893746359, 35.870176565264252 ], [ -121.438751028439, 35.864923957182391 ], [ -121.424513875304967, 35.858260027019888 ], [ -121.41953163927522, 35.856940245933643 ], [ -121.415274224964591, 35.854456984585433 ], [ -121.412466459324904, 35.850852191314445 ], [ -121.408231910172162, 35.84278046787032 ], [ -121.40510369485321, 35.839133714734608 ], [ -121.398183480163624, 35.832854911178266 ], [ -121.387204203341099, 35.818843861772017 ], [ -121.381947297640295, 35.817680469234993 ], [ -121.378872492672954, 35.814384652047387 ], [ -121.377338895034356, 35.810360212510275 ], [ -121.368122143968989, 35.808433940176101 ], [ -121.359416574072583, 35.803524594269597 ], [ -121.337435173526046, 35.784142578143459 ], [ -121.334734225197209, 35.780324130571422 ], [ -121.330904055498564, 35.772103568985976 ], [ -121.329393311197734, 35.759042164491007 ], [ -121.322778288572778, 35.752381822570229 ], [ -121.323167368578154, 35.747979712143582 ], [ -121.320977519551477, 35.740037679619192 ], [ -121.322511042633906, 35.73592931077075 ], [ -121.321557264874642, 35.731687454350059 ], [ -121.322320181760247, 35.727491356788754 ], [ -121.320496559045267, 35.719389105373004 ], [ -121.323037211628389, 35.715482902975815 ], [ -121.320473563650495, 35.711729333430142 ], [ -121.312714031374398, 35.706144789750368 ], [ -121.309593413381705, 35.702463701886465 ], [ -121.30723570765339, 35.694205052318416 ], [ -121.299857654290207, 35.687842316483739 ], [ -121.294333701531144, 35.686709419926878 ], [ -121.292052357775489, 35.683081726894862 ], [ -121.292006521376635, 35.678813156471634 ], [ -121.289763319489666, 35.67465904362097 ], [ -121.288824801842736, 35.670314187891826 ], [ -121.289190969434586, 35.665866326127869 ], [ -121.287123260631859, 35.662341624944474 ], [ -121.282751435743904, 35.663783591324652 ], [ -121.277143579439397, 35.664298612863483 ], [ -121.266835748666921, 35.660987597680474 ], [ -121.261555955771698, 35.660316265722862 ], [ -121.246860887657746, 35.649124229444276 ], [ -121.242008306995729, 35.647071969840766 ], [ -121.23675900213405, 35.646972803478796 ], [ -121.232303175115248, 35.645168493912884 ], [ -121.221682498181295, 35.645698756459993 ], [ -121.217249556284614, 35.643471022451529 ], [ -121.211771276260109, 35.636616140774954 ], [ -121.206453314467808, 35.637329491419202 ], [ -121.201913566656273, 35.635895201305786 ], [ -121.193436806556875, 35.631332922079174 ], [ -121.186829473515644, 35.637676675436282 ], [ -121.181816691329914, 35.637348630310214 ], [ -121.172500662016461, 35.633377621376532 ], [ -121.168548398491069, 35.630844715025503 ], [ -121.162352934110643, 35.62452006849206 ], [ -121.142881434770231, 35.599408383999041 ], [ -121.130162491617455, 35.591329021780567 ], [ -121.126492478530423, 35.582761362852494 ], [ -121.119282218568699, 35.571328922443719 ], [ -121.113750560282455, 35.564634253269809 ], [ -121.108562195541154, 35.552713534047896 ], [ -121.099917551857459, 35.541674003615796 ], [ -121.089632521644901, 35.531836086640695 ], [ -121.081293126870619, 35.526320145453624 ], [ -121.064927118345793, 35.509497646296644 ], [ -121.053436609420999, 35.500556169910105 ], [ -121.043586508086463, 35.490817409196524 ], [ -121.039863160045428, 35.487723741623434 ], [ -121.035277657709273, 35.485991903756535 ], [ -121.027899635881212, 35.480311915358349 ], [ -121.011983842143735, 35.463275748089075 ], [ -121.007955309126459, 35.460140118644539 ], [ -121.003598703058742, 35.458080219544193 ], [ -120.998341786677159, 35.457511842237146 ], [ -120.993092499000596, 35.458007745023991 ], [ -120.983478955429462, 35.454181652835643 ], [ -120.978077071302906, 35.454368568997346 ], [ -120.973079569246465, 35.455482444551713 ], [ -120.968089689532533, 35.454791992071534 ], [ -120.951693257524937, 35.443969828908969 ], [ -120.936342135744241, 35.439140474326337 ], [ -120.926492099488627, 35.441143160141166 ], [ -120.910431422313749, 35.44233332268935 ], [ -120.905823036434967, 35.440708278275252 ], [ -120.890563487384227, 35.427814740207502 ], [ -120.879744483516333, 35.413097793946676 ], [ -120.872603047013968, 35.391956967155643 ], [ -120.871313633997758, 35.378434012362206 ], [ -120.871748544926319, 35.365292526063591 ], [ -120.870176833331072, 35.352223513615769 ], [ -120.871992726317657, 35.339314724924897 ], [ -120.88020996954495, 35.314408867628096 ], [ -120.894149478785408, 35.281919509151507 ], [ -120.896911434366018, 35.27785691420469 ], [ -120.90059658406409, 35.274809021142779 ], [ -120.900726287742728, 35.270773118914057 ], [ -120.899612348993969, 35.266371004809741 ], [ -120.903007564912301, 35.258283955341625 ], [ -120.902038590730655, 35.253919988342432 ], [ -120.899337675113529, 35.250200689629629 ], [ -120.899276651381541, 35.246286830524134 ], [ -120.896682567794272, 35.242571321385469 ], [ -120.88920548924159, 35.236174069316881 ], [ -120.887290451445907, 35.232283087168398 ], [ -120.879553963383046, 35.22688146306848 ], [ -120.876341878849729, 35.223127802035684 ], [ -120.865400938343853, 35.214834631540846 ], [ -120.863852129887292, 35.210993239973405 ], [ -120.860388266867815, 35.20770115226486 ], [ -120.842489063213947, 35.198995953884875 ], [ -120.833753101017649, 35.193876602737724 ], [ -120.830594430726009, 35.190573070081903 ], [ -120.815075678861234, 35.186163210055192 ], [ -120.796634798703678, 35.176725576381969 ], [ -120.791210098379736, 35.176214377460205 ], [ -120.780688840681947, 35.166593678878733 ], [ -120.771777418265685, 35.161146253890742 ], [ -120.766940220525242, 35.158895559679578 ], [ -120.756785137219637, 35.156797420411436 ], [ -120.75236757207901, 35.154710759449095 ], [ -120.749742940886762, 35.156484584106387 ], [ -120.751162033643311, 35.160432783918623 ], [ -120.746103466426092, 35.167856175881028 ], [ -120.742219913332022, 35.170873601327798 ], [ -120.737054586585373, 35.171682325175105 ], [ -120.721406035038171, 35.171438216297283 ], [ -120.712502187986757, 35.167375595940072 ], [ -120.707069835121786, 35.166551635829265 ], [ -120.691848644788948, 35.155019886613715 ], [ -120.68711823775871, 35.152826456814758 ], [ -120.681777452164596, 35.150751284303659 ], [ -120.666380706133168, 35.147569882282625 ], [ -120.657041962068561, 35.14380482068146 ], [ -120.649786150251714, 35.13781961329498 ], [ -120.641317298711883, 35.121794185835689 ], [ -120.637708585156687, 35.104956221505155 ], [ -120.637060247689902, 35.082850181162648 ], [ -120.638304113497668, 35.056906568409538 ], [ -120.643256103061901, 35.02163604864365 ], [ -120.648352925463655, 34.996970359629579 ], [ -120.656730226912671, 34.972350722385592 ], [ -120.666435044923688, 34.938194527530541 ], [ -120.670158300622248, 34.92966119511587 ], [ -120.668639963897107, 34.925404085057146 ], [ -120.669181650818629, 34.921169850985628 ], [ -120.673561016010112, 34.904293937675646 ], [ -120.672187649246695, 34.900994296648577 ], [ -120.667953144128049, 34.898575848117588 ], [ -120.652380895807241, 34.898667480133362 ], [ -120.647749649051292, 34.89684792860178 ], [ -120.645361527560283, 34.892926507368266 ], [ -120.644201788046871, 34.888577841684594 ], [ -120.643888925617574, 34.880178040721859 ], [ -120.626485491986941, 34.869409438224857 ], [ -120.623067363607191, 34.866159393229061 ], [ -120.618916760858852, 34.858575936196225 ], [ -120.616887213858575, 34.850038812279891 ], [ -120.618550425515878, 34.837107223191175 ], [ -120.62453959538631, 34.807021247029809 ], [ -120.63000238279308, 34.790477198081234 ], [ -120.640157416677667, 34.769489100639596 ], [ -120.642194505447037, 34.761203730583546 ], [ -120.644048503567205, 34.757213628471632 ], [ -120.643590699527053, 34.753105279421746 ], [ -120.639653755819865, 34.750332057839245 ], [ -120.637570825287639, 34.746998080080317 ], [ -120.635258974080571, 34.738922521605403 ], [ -120.632016324676272, 34.734982019442761 ], [ -120.620068161074371, 34.727627442133304 ], [ -120.613468398514982, 34.716153051215471 ], [ -120.610111257723645, 34.703984389200563 ], [ -120.611667643831495, 34.691472403739461 ], [ -120.619327719485, 34.667196102603164 ], [ -120.630039648147431, 34.639559127446844 ], [ -120.645451415739714, 34.604949041020831 ], [ -120.64709941521231, 34.602721302603683 ], [ -120.646405089471202, 34.598967710169248 ], [ -120.650227457872688, 34.582160480027049 ], [ -120.652043297682454, 34.578033060334207 ], [ -120.650250305185537, 34.575618398501923 ], [ -120.645542777028524, 34.57407727819934 ], [ -120.643436959139976, 34.570319866681295 ], [ -120.640964890840493, 34.562473174773196 ], [ -120.625178994405402, 34.550602008464075 ], [ -120.620791915940188, 34.549182952742029 ], [ -120.590494444260486, 34.551769174462756 ], [ -120.58526047660888, 34.551341919063262 ], [ -120.576181132992673, 34.548343588567022 ], [ -120.559052437421357, 34.538806945104213 ], [ -120.544037202639089, 34.536098499777772 ], [ -120.526176070118737, 34.527782522796144 ], [ -120.522757959047411, 34.525108447628888 ], [ -120.516890698840456, 34.5178758676917 ], [ -120.507155179159909, 34.508056941960298 ], [ -120.504782332305993, 34.504509315291394 ], [ -120.503882012509393, 34.500564972317598 ], [ -120.49911335064678, 34.492657286955144 ], [ -120.495321306866771, 34.489598013625944 ], [ -120.493459592634281, 34.48578342390482 ], [ -120.485471126641556, 34.480343881860598 ], [ -120.48246494228394, 34.476868805537379 ], [ -120.479237440016149, 34.469121365537944 ], [ -120.477451910749124, 34.456632344690583 ], [ -120.474102326844175, 34.449041304083458 ], [ -120.470623089465988, 34.445890473820718 ], [ -120.461940297445523, 34.441606762706463 ], [ -120.457362386807773, 34.440321290254687 ], [ -120.452280922796774, 34.440164949071765 ], [ -120.447367329203828, 34.441023293251881 ], [ -120.438295527358633, 34.444868528001869 ], [ -120.433595572285256, 34.445818420853207 ], [ -120.423463158635329, 34.445006024097069 ], [ -120.418099408747082, 34.445868188582459 ], [ -120.409638005624458, 34.449927036462554 ], [ -120.385184464899325, 34.451365428434116 ], [ -120.380743934675209, 34.452643376212436 ], [ -120.370817562374853, 34.453658178940877 ], [ -120.360448642483917, 34.453677371832221 ], [ -120.350705406017099, 34.455600051837706 ], [ -120.341030799097851, 34.455546759171966 ], [ -120.331562249640868, 34.45794626392756 ], [ -120.327915234507785, 34.459613294689987 ] ] } },
{ "type": "Feature", "properties": { "year": 2005 }, "geometry": { "type": "LineString", "coordinates": [ [ -122.370095955388237, 37.169536283357758 ], [ -122.367646846422616, 37.165740740903232 ], [ -122.365068068565463, 37.157474484770077 ], [ -122.365480143158834, 37.148582649707791 ], [ -122.362222279170567, 37.145931485514701 ], [ -122.34774877447127, 37.140220958467623 ], [ -122.340615060809185, 37.133484341772395 ], [ -122.340172576737785, 37.129196729776851 ], [ -122.342331857027972, 37.120816063572434 ], [ -122.342156411069396, 37.116661963637881 ], [ -122.339531828377019, 37.113003751753268 ], [ -122.335503370507325, 37.110669200660368 ], [ -122.330162597500333, 37.109238704745948 ], [ -122.315536425492496, 37.113930601356948 ], [ -122.310226156719693, 37.113953467246525 ], [ -122.300979009098228, 37.109852738719717 ], [ -122.292784781605064, 37.104039262859089 ], [ -122.282408510460485, 37.094460776631706 ], [ -122.277105971954356, 37.086370003966806 ], [ -122.265341170282696, 37.072175864177773 ], [ -122.254453805137885, 37.057298922913439 ], [ -122.250455889666526, 37.054613440007984 ], [ -122.236905767533543, 37.041201302880296 ], [ -122.233998912356526, 37.037443921908498 ], [ -122.227712216982596, 37.025897132516405 ], [ -122.223737201338906, 37.022723379796588 ], [ -122.218655867379908, 37.020785551770409 ], [ -122.214467216258029, 37.018012329857918 ], [ -122.207943941382908, 37.011210888712938 ], [ -122.198612924060711, 37.006301476157979 ], [ -122.190502661695021, 37.000888539174525 ], [ -122.183101851937835, 36.994953003180086 ], [ -122.174671020919533, 36.989746053086044 ], [ -122.17103926502412, 36.986114546885112 ], [ -122.162249849992264, 36.982246520949793 ], [ -122.155955303200088, 36.974933924484766 ], [ -122.146181666642121, 36.971939440534825 ], [ -122.133508701507424, 36.963596890131186 ], [ -122.118417161145942, 36.958653138923573 ], [ -122.109627732293944, 36.954109937960318 ], [ -122.08976000740968, 36.948693170638954 ], [ -122.079665934223598, 36.947262675515141 ], [ -122.069709179378236, 36.944416968707344 ], [ -122.06424632961982, 36.944119418183313 ], [ -122.048285063031045, 36.945126432526472 ], [ -122.032499258910249, 36.944336776496691 ], [ -122.022069531458399, 36.947510487807428 ], [ -122.014554370915633, 36.953308639700722 ], [ -122.009228866208488, 36.953896072668499 ], [ -121.97813765745984, 36.947644054285995 ], [ -121.973315655362754, 36.947361797151935 ], [ -121.968882793366035, 36.949177560420054 ], [ -121.9503121012431, 36.959587653324085 ], [ -121.940591838993939, 36.963192484295746 ], [ -121.935441765706997, 36.963902022196201 ], [ -121.925027149880748, 36.963005644009975 ], [ -121.92016698547161, 36.961483646636601 ], [ -121.911041762270429, 36.956711639992044 ], [ -121.899825955376429, 36.947934323664796 ], [ -121.870535161128615, 36.922906931876938 ], [ -121.852429628491635, 36.901648293876988 ], [ -121.839733616569021, 36.883101800848998 ], [ -121.807398471063962, 36.82740123664302 ], [ -121.797105898136394, 36.813382638094659 ], [ -121.793382550233915, 36.805307154423431 ], [ -121.794008163267677, 36.801282756228957 ], [ -121.796655650916932, 36.797468155004168 ], [ -121.80945813553339, 36.770209037032181 ], [ -121.816561241908232, 36.747062041591867 ], [ -121.816309411961768, 36.738978838942586 ], [ -121.813005650220518, 36.722369940980961 ], [ -121.813081898242146, 36.7143744736332 ], [ -121.814737435912562, 36.697021713836392 ], [ -121.818781075724701, 36.68105747880017 ], [ -121.822992594245292, 36.669434295839444 ], [ -121.834719283523356, 36.646161232932975 ], [ -121.847132671694993, 36.628053188531396 ], [ -121.856433196582671, 36.618161860109787 ], [ -121.867213888369577, 36.60972772386242 ], [ -121.880314019249681, 36.603689178215824 ], [ -121.885456439327882, 36.605287509937327 ], [ -121.893025128454212, 36.610860682238531 ], [ -121.894711318453275, 36.614919444147823 ], [ -121.900723561955147, 36.621762883330938 ], [ -121.909627428436522, 36.624494156893178 ], [ -121.913144737469523, 36.627542042069102 ], [ -121.918134571061032, 36.629819373143114 ], [ -121.918806012633738, 36.633691215720376 ], [ -121.926176340799657, 36.640038748251825 ], [ -121.931334024892934, 36.641808732708633 ], [ -121.936819771466602, 36.641705737478041 ], [ -121.941206832953412, 36.64035536115513 ], [ -121.943167629071155, 36.635949473520405 ], [ -121.943938163774163, 36.627740408798346 ], [ -121.945486959642409, 36.62376938858803 ], [ -121.951430439328902, 36.617715587400809 ], [ -121.951727965872053, 36.613748382139541 ], [ -121.955275762136409, 36.612680290188109 ], [ -121.959517893083159, 36.615766319901851 ], [ -121.963126722852721, 36.614202327453654 ], [ -121.965636791057904, 36.60192306851404 ], [ -121.968429231160698, 36.598817970446213 ], [ -121.969153959016452, 36.58743514726924 ], [ -121.973777539886555, 36.586420463383114 ], [ -121.982948390719741, 36.582735551815858 ], [ -121.981269832109163, 36.57934816890652 ], [ -121.974891365126297, 36.573130332720417 ], [ -121.972953398239426, 36.569792538617655 ], [ -121.963996120188597, 36.56609615983718 ], [ -121.95618328858248, 36.561541491910496 ], [ -121.951773320355016, 36.560057597681499 ], [ -121.948210272324886, 36.561800873784236 ], [ -121.943258605563926, 36.561446106365956 ], [ -121.938581597497759, 36.559809626460584 ], [ -121.936468147436244, 36.556166659338651 ], [ -121.93456829576715, 36.548236057257782 ], [ -121.937902444921207, 36.545439945661712 ], [ -121.93494207387667, 36.538298967968693 ], [ -121.930471059733904, 36.535479953110013 ], [ -121.928189757802912, 36.531844613230831 ], [ -121.928067649152112, 36.527392948628659 ], [ -121.930173422106364, 36.524963038985184 ], [ -121.935338714754565, 36.524955421578149 ], [ -121.93936716692842, 36.52258273621068 ], [ -121.944318830449333, 36.5228345127951 ], [ -121.948507537460131, 36.52453584346231 ], [ -121.952795415545651, 36.524345122294562 ], [ -121.956106679154018, 36.522197498731288 ], [ -121.955404719309271, 36.518493500797092 ], [ -121.951299930682708, 36.515746964019115 ], [ -121.948278550548096, 36.512229876110631 ], [ -121.944242437199946, 36.5104598816094 ], [ -121.940923469118871, 36.502937439606917 ], [ -121.940801381128622, 36.499305912262322 ], [ -121.944654406886812, 36.496685248623216 ], [ -121.94727148984272, 36.489673903118508 ], [ -121.942213132479964, 36.481930119197195 ], [ -121.940641474308833, 36.478336700316461 ], [ -121.940458424961676, 36.474178715281468 ], [ -121.938512913877545, 36.47057003627917 ], [ -121.93118090135178, 36.464134672625391 ], [ -121.929647399215639, 36.460194118387207 ], [ -121.930372276517161, 36.456371826297328 ], [ -121.932485753743322, 36.452469431140031 ], [ -121.932142486503011, 36.448071121095062 ], [ -121.927976733812187, 36.445286400718359 ], [ -121.923399051906941, 36.437931709187701 ], [ -121.918386545132066, 36.426583059931637 ], [ -121.919042822643803, 36.418564634950343 ], [ -121.91795191344886, 36.410282991072414 ], [ -121.915624927810043, 36.40661708762029 ], [ -121.915823360619299, 36.402737573145956 ], [ -121.908735505215901, 36.397164316071475 ], [ -121.906591634281966, 36.393441192486918 ], [ -121.907080000972698, 36.389184026853052 ], [ -121.905638062747286, 36.385190064729613 ], [ -121.905592350179148, 36.381184664683822 ], [ -121.908331449247441, 36.377701886530815 ], [ -121.908621442077092, 36.373604936181266 ], [ -121.906126604239901, 36.370198427582032 ], [ -121.906958296387117, 36.366437170317141 ], [ -121.909766059304886, 36.363038315783228 ], [ -121.908827681466448, 36.358842178375006 ], [ -121.904433125339963, 36.351739248156989 ], [ -121.901434728904633, 36.348634094789389 ], [ -121.897475073482866, 36.341039073360768 ], [ -121.896643517861946, 36.336553020780443 ], [ -121.896880101532318, 36.332635359004975 ], [ -121.899031716451375, 36.329091544562822 ], [ -121.898719095664973, 36.31735762759385 ], [ -121.904296548506721, 36.305455897797586 ], [ -121.901023483901184, 36.302747466268414 ], [ -121.89159332785907, 36.299188329132711 ], [ -121.887778561282218, 36.296518040437924 ], [ -121.879256446935827, 36.286393863481031 ], [ -121.870390890193718, 36.28286524373771 ], [ -121.863608260563325, 36.277131756855077 ], [ -121.855063166393236, 36.272832573892565 ], [ -121.846701288979034, 36.262895309240974 ], [ -121.842329655345324, 36.255590189525236 ], [ -121.839644134828717, 36.248574993461169 ], [ -121.831236298139558, 36.243730305041105 ], [ -121.827925043415988, 36.240701433108121 ], [ -121.810735519506167, 36.231710135325201 ], [ -121.805730494172522, 36.231126457410497 ], [ -121.795567853175768, 36.231469711649552 ], [ -121.787762754948687, 36.226422845153962 ], [ -121.778248627256929, 36.224046239378495 ], [ -121.765766574053416, 36.216466394787091 ], [ -121.761303249229741, 36.214593358628647 ], [ -121.754314517867698, 36.208745411919544 ], [ -121.748851635645067, 36.208176984460003 ], [ -121.744472078576777, 36.206605300693624 ], [ -121.740741059575498, 36.202943178279142 ], [ -121.723680626742222, 36.195744731379932 ], [ -121.719354479398419, 36.193295668487401 ], [ -121.716302522504705, 36.190072235935979 ], [ -121.712220531987455, 36.187546880211471 ], [ -121.705765644825917, 36.180985568180972 ], [ -121.700501020254009, 36.173806285970841 ], [ -121.69693786311241, 36.171029162665768 ], [ -121.693069510972933, 36.168278738597962 ], [ -121.683547415833502, 36.164467776477899 ], [ -121.67959513591903, 36.161934786658989 ], [ -121.674338145300908, 36.155064484879929 ], [ -121.663854687233069, 36.146157083972497 ], [ -121.646511971400642, 36.125816979029175 ], [ -121.638416671825496, 36.120430546806247 ], [ -121.634761962615755, 36.112389136990451 ], [ -121.626941343059855, 36.101498101647628 ], [ -121.623492642631263, 36.09367412659163 ], [ -121.621562288106531, 36.085346628979543 ], [ -121.612429334892155, 36.075245207337964 ], [ -121.610262453119716, 36.071792881774492 ], [ -121.597436643542224, 36.064106106807756 ], [ -121.596086159802127, 36.059719188982321 ], [ -121.596017497353657, 36.051818952780266 ], [ -121.594407597746724, 36.048179711165602 ], [ -121.588006142748071, 36.041736601865864 ], [ -121.583115403768915, 36.034412315744397 ], [ -121.579979536311171, 36.02615726585806 ], [ -121.577888956134217, 36.022811745944367 ], [ -121.574302922057413, 36.019599718533641 ], [ -121.569931011153727, 36.017162062912078 ], [ -121.554633128781347, 36.016890997967657 ], [ -121.549574528541868, 36.015952508177918 ], [ -121.540571291490608, 36.012469554075736 ], [ -121.535650028302157, 36.01214904710929 ], [ -121.53099581271988, 36.01052772990549 ], [ -121.522892903847321, 36.005682935828673 ], [ -121.513294536978762, 36.003683887552569 ], [ -121.505702819134683, 35.997988459505088 ], [ -121.495562739014076, 35.983710391913384 ], [ -121.48977932491762, 35.971351148238035 ], [ -121.486315335982866, 35.954273144802819 ], [ -121.479623963827109, 35.938011536893711 ], [ -121.47934927269101, 35.933678123748741 ], [ -121.47532072594737, 35.9260413227871 ], [ -121.476846657601357, 35.921719313425093 ], [ -121.474626382874106, 35.918339598144875 ], [ -121.475244375605158, 35.914490622600269 ], [ -121.468400453225513, 35.907777013166232 ], [ -121.465829166424044, 35.894811128080804 ], [ -121.466187745838937, 35.890595951518698 ], [ -121.460846884524287, 35.883523723084657 ], [ -121.453026357326166, 35.87745097016024 ], [ -121.447120893746359, 35.870176565264252 ], [ -121.438751028439, 35.864923957182391 ], [ -121.424513875304967, 35.858260027019888 ], [ -121.41953163927522, 35.856940245933643 ], [ -121.415274224964591, 35.854456984585433 ], [ -121.412466459324904, 35.850852191314445 ], [ -121.408231910172162, 35.84278046787032 ], [ -121.40510369485321, 35.839133714734608 ], [ -121.398183480163624, 35.832854911178266 ], [ -121.387204203341099, 35.818843861772017 ], [ -121.381947297640295, 35.817680469234993 ], [ -121.378872492672954, 35.814384652047387 ], [ -121.377338895034356, 35.810360212510275 ], [ -121.368122143968989, 35.808433940176101 ], [ -121.359416574072583, 35.803524594269597 ], [ -121.337435173526046, 35.784142578143459 ], [ -121.334734225197209, 35.780324130571422 ], [ -121.330904055498564, 35.772103568985976 ], [ -121.329393311197734, 35.759042164491007 ], [ -121.322778288572778, 35.752381822570229 ], [ -121.323167368578154, 35.747979712143582 ], [ -121.320977519551477, 35.740037679619192 ], [ -121.322511042633906, 35.73592931077075 ], [ -121.321557264874642, 35.731687454350059 ], [ -121.322320181760247, 35.727491356788754 ], [ -121.320496559045267, 35.719389105373004 ], [ -121.323037211628389, 35.715482902975815 ], [ -121.320473563650495, 35.711729333430142 ], [ -121.312714031374398, 35.706144789750368 ], [ -121.309593413381705, 35.702463701886465 ], [ -121.30723570765339, 35.694205052318416 ], [ -121.299857654290207, 35.687842316483739 ], [ -121.294333701531144, 35.686709419926878 ], [ -121.292052357775489, 35.683081726894862 ], [ -121.292006521376635, 35.678813156471634 ], [ -121.289763319489666, 35.67465904362097 ], [ -121.288824801842736, 35.670314187891826 ], [ -121.289190969434586, 35.665866326127869 ], [ -121.287123260631859, 35.662341624944474 ], [ -121.282751435743904, 35.663783591324652 ], [ -121.277143579439397, 35.664298612863483 ], [ -121.266835748666921, 35.660987597680474 ], [ -121.261555955771698, 35.660316265722862 ], [ -121.246860887657746, 35.649124229444276 ], [ -121.242008306995729, 35.647071969840766 ], [ -121.23675900213405, 35.646972803478796 ], [ -121.232303175115248, 35.645168493912884 ], [ -121.221682498181295, 35.645698756459993 ], [ -121.217249556284614, 35.643471022451529 ], [ -121.211771276260109, 35.636616140774954 ], [ -121.206453314467808, 35.637329491419202 ], [ -121.201913566656273, 35.635895201305786 ], [ -121.193436806556875, 35.631332922079174 ], [ -121.186829473515644, 35.637676675436282 ], [ -121.181816691329914, 35.637348630310214 ], [ -121.172500662016461, 35.633377621376532 ], [ -121.168548398491069, 35.630844715025503 ], [ -121.162352934110643, 35.62452006849206 ], [ -121.142881434770231, 35.599408383999041 ], [ -121.130162491617455, 35.591329021780567 ], [ -121.126492478530423, 35.582761362852494 ], [ -121.119282218568699, 35.571328922443719 ], [ -121.113750560282455, 35.564634253269809 ], [ -121.108562195541154, 35.552713534047896 ], [ -121.099917551857459, 35.541674003615796 ], [ -121.089632521644901, 35.531836086640695 ], [ -121.081293126870619, 35.526320145453624 ], [ -121.064927118345793, 35.509497646296644 ], [ -121.053436609420999, 35.500556169910105 ], [ -121.043586508086463, 35.490817409196524 ], [ -121.039863160045428, 35.487723741623434 ], [ -121.035277657709273, 35.485991903756535 ], [ -121.027899635881212, 35.480311915358349 ], [ -121.011983842143735, 35.463275748089075 ], [ -121.007955309126459, 35.460140118644539 ], [ -121.003598703058742, 35.458080219544193 ], [ -120.998341786677159, 35.457511842237146 ], [ -120.993092499000596, 35.458007745023991 ], [ -120.983478955429462, 35.454181652835643 ], [ -120.978077071302906, 35.454368568997346 ], [ -120.973079569246465, 35.455482444551713 ], [ -120.968089689532533, 35.454791992071534 ], [ -120.951693257524937, 35.443969828908969 ], [ -120.936342135744241, 35.439140474326337 ], [ -120.926492099488627, 35.441143160141166 ], [ -120.910431422313749, 35.44233332268935 ], [ -120.905823036434967, 35.440708278275252 ], [ -120.890563487384227, 35.427814740207502 ], [ -120.879744483516333, 35.413097793946676 ], [ -120.872603047013968, 35.391956967155643 ], [ -120.871313633997758, 35.378434012362206 ], [ -120.871748544926319, 35.365292526063591 ], [ -120.870176833331072, 35.352223513615769 ], [ -120.871992726317657, 35.339314724924897 ], [ -120.88020996954495, 35.314408867628096 ], [ -120.894149478785408, 35.281919509151507 ], [ -120.896911434366018, 35.27785691420469 ], [ -120.90059658406409, 35.274809021142779 ], [ -120.900726287742728, 35.270773118914057 ], [ -120.899612348993969, 35.266371004809741 ], [ -120.903007564912301, 35.258283955341625 ], [ -120.902038590730655, 35.253919988342432 ], [ -120.899337675113529, 35.250200689629629 ], [ -120.899276651381541, 35.246286830524134 ], [ -120.896682567794272, 35.242571321385469 ], [ -120.88920548924159, 35.236174069316881 ], [ -120.887290451445907, 35.232283087168398 ], [ -120.879553963383046, 35.22688146306848 ], [ -120.876341878849729, 35.223127802035684 ], [ -120.865400938343853, 35.214834631540846 ], [ -120.863852129887292, 35.210993239973405 ], [ -120.860388266867815, 35.20770115226486 ], [ -120.842489063213947, 35.198995953884875 ], [ -120.833753101017649, 35.193876602737724 ], [ -120.830594430726009, 35.190573070081903 ], [ -120.815075678861234, 35.186163210055192 ], [ -120.796634798703678, 35.176725576381969 ], [ -120.791210098379736, 35.176214377460205 ], [ -120.780688840681947, 35.166593678878733 ], [ -120.771777418265685, 35.161146253890742 ], [ -120.766940220525242, 35.158895559679578 ], [ -120.756785137219637, 35.156797420411436 ], [ -120.75236757207901, 35.154710759449095 ], [ -120.749742940886762, 35.156484584106387 ], [ -120.751162033643311, 35.160432783918623 ], [ -120.746103466426092, 35.167856175881028 ], [ -120.742219913332022, 35.170873601327798 ], [ -120.737054586585373, 35.171682325175105 ], [ -120.721406035038171, 35.171438216297283 ], [ -120.712502187986757, 35.167375595940072 ], [ -120.707069835121786, 35.166551635829265 ], [ -120.691848644788948, 35.155019886613715 ], [ -120.68711823775871, 35.152826456814758 ], [ -120.681777452164596, 35.150751284303659 ], [ -120.666380706133168, 35.147569882282625 ], [ -120.657041962068561, 35.14380482068146 ], [ -120.649786150251714, 35.13781961329498 ], [ -120.641317298711883, 35.121794185835689 ], [ -120.637708585156687, 35.104956221505155 ], [ -120.637060247689902, 35.082850181162648 ], [ -120.638304113497668, 35.056906568409538 ], [ -120.643256103061901, 35.02163604864365 ], [ -120.648352925463655, 34.996970359629579 ], [ -120.656730226912671, 34.972350722385592 ], [ -120.666435044923688, 34.938194527530541 ], [ -120.670158300622248, 34.92966119511587 ], [ -120.668639963897107, 34.925404085057146 ], [ -120.669181650818629, 34.921169850985628 ], [ -120.673561016010112, 34.904293937675646 ], [ -120.672187649246695, 34.900994296648577 ], [ -120.667953144128049, 34.898575848117588 ], [ -120.652380895807241, 34.898667480133362 ], [ -120.647749649051292, 34.89684792860178 ], [ -120.645361527560283, 34.892926507368266 ], [ -120.644201788046871, 34.888577841684594 ], [ -120.643888925617574, 34.880178040721859 ], [ -120.626485491986941, 34.869409438224857 ], [ -120.623067363607191, 34.866159393229061 ], [ -120.618916760858852, 34.858575936196225 ], [ -120.616887213858575, 34.850038812279891 ], [ -120.618550425515878, 34.837107223191175 ], [ -120.62453959538631, 34.807021247029809 ], [ -120.63000238279308, 34.790477198081234 ], [ -120.640157416677667, 34.769489100639596 ], [ -120.642194505447037, 34.761203730583546 ], [ -120.644048503567205, 34.757213628471632 ], [ -120.643590699527053, 34.753105279421746 ], [ -120.639653755819865, 34.750332057839245 ], [ -120.637570825287639, 34.746998080080317 ], [ -120.635258974080571, 34.738922521605403 ], [ -120.632016324676272, 34.734982019442761 ], [ -120.620068161074371, 34.727627442133304 ], [ -120.613468398514982, 34.716153051215471 ], [ -120.610111257723645, 34.703984389200563 ], [ -120.611667643831495, 34.691472403739461 ], [ -120.619327719485, 34.667196102603164 ], [ -120.630039648147431, 34.639559127446844 ], [ -120.645451415739714, 34.604949041020831 ], [ -120.64709941521231, 34.602721302603683 ], [ -120.646405089471202, 34.598967710169248 ], [ -120.650227457872688, 34.582160480027049 ], [ -120.652043297682454, 34.578033060334207 ], [ -120.650250305185537, 34.575618398501923 ], [ -120.645542777028524, 34.57407727819934 ], [ -120.643436959139976, 34.570319866681295 ], [ -120.640964890840493, 34.562473174773196 ], [ -120.625178994405402, 34.550602008464075 ], [ -120.620791915940188, 34.549182952742029 ], [ -120.590494444260486, 34.551769174462756 ], [ -120.58526047660888, 34.551341919063262 ], [ -120.576181132992673, 34.548343588567022 ], [ -120.559052437421357, 34.538806945104213 ], [ -120.544037202639089, 34.536098499777772 ], [ -120.526176070118737, 34.527782522796144 ], [ -120.522757959047411, 34.525108447628888 ], [ -120.516890698840456, 34.5178758676917 ], [ -120.507155179159909, 34.508056941960298 ], [ -120.504782332305993, 34.504509315291394 ], [ -120.503882012509393, 34.500564972317598 ], [ -120.49911335064678, 34.492657286955144 ], [ -120.495321306866771, 34.489598013625944 ], [ -120.493459592634281, 34.48578342390482 ], [ -120.485471126641556, 34.480343881860598 ], [ -120.48246494228394, 34.476868805537379 ], [ -120.479237440016149, 34.469121365537944 ], [ -120.477451910749124, 34.456632344690583 ], [ -120.474102326844175, 34.449041304083458 ], [ -120.470623089465988, 34.445890473820718 ], [ -120.461940297445523, 34.441606762706463 ], [ -120.457362386807773, 34.440321290254687 ], [ -120.452280922796774, 34.440164949071765 ], [ -120.447367329203828, 34.441023293251881 ], [ -120.438295527358633, 34.444868528001869 ], [ -120.433595572285256, 34.445818420853207 ], [ -120.423463158635329, 34.445006024097069 ], [ -120.418099408747082, 34.445868188582459 ], [ -120.409638005624458, 34.449927036462554 ], [ -120.385184464899325, 34.451365428434116 ], [ -120.380743934675209, 34.452643376212436 ], [ -120.370817562374853, 34.453658178940877 ], [ -120.360448642483917, 34.453677371832221 ], [ -120.350705406017099, 34.455600051837706 ], [ -120.341030799097851, 34.455546759171966 ], [ -120.336071443561465, 34.456702645985054 ] ] } },
{ "type": "Feature", "properties": { "year": 2006 }, "geometry": { "type": "LineString", "coordinates": [ [ -122.365068068565463, 37.157474484770077 ], [ -122.365480143158834, 37.148582649707791 ], [ -122.362222279170567, 37.145931485514701 ], [ -122.34774877447127, 37.140220958467623 ], [ -122.340615060809185, 37.133484341772395 ], [ -122.340172576737785, 37.129196729776851 ], [ -122.342331857027972, 37.120816063572434 ], [ -122.342156411069396, 37.116661963637881 ], [ -122.339531828377019, 37.113003751753268 ], [ -122.335503370507325, 37.110669200660368 ], [ -122.330162597500333, 37.109238704745948 ], [ -122.315536425492496, 37.113930601356948 ], [ -122.310226156719693, 37.113953467246525 ], [ -122.300979009098228, 37.109852738719717 ], [ -122.292784781605064, 37.104039262859089 ], [ -122.282408510460485, 37.094460776631706 ], [ -122.277105971954356, 37.086370003966806 ], [ -122.265341170282696, 37.072175864177773 ], [ -122.254453805137885, 37.057298922913439 ], [ -122.250455889666526, 37.054613440007984 ], [ -122.236905767533543, 37.041201302880296 ], [ -122.233998912356526, 37.037443921908498 ], [ -122.227712216982596, 37.025897132516405 ], [ -122.223737201338906, 37.022723379796588 ], [ -122.218655867379908, 37.020785551770409 ], [ -122.214467216258029, 37.018012329857918 ], [ -122.207943941382908, 37.011210888712938 ], [ -122.198612924060711, 37.006301476157979 ], [ -122.190502661695021, 37.000888539174525 ], [ -122.183101851937835, 36.994953003180086 ], [ -122.174671020919533, 36.989746053086044 ], [ -122.17103926502412, 36.986114546885112 ], [ -122.162249849992264, 36.982246520949793 ], [ -122.155955303200088, 36.974933924484766 ], [ -122.146181666642121, 36.971939440534825 ], [ -122.133508701507424, 36.963596890131186 ], [ -122.118417161145942, 36.958653138923573 ], [ -122.109627732293944, 36.954109937960318 ], [ -122.08976000740968, 36.948693170638954 ], [ -122.079665934223598, 36.947262675515141 ], [ -122.069709179378236, 36.944416968707344 ], [ -122.058905556815901, 36.944024041183255 ], [ -122.048285063031045, 36.945126432526472 ], [ -122.032499258910249, 36.944336776496691 ], [ -122.022069531458399, 36.947510487807428 ], [ -122.014554370915633, 36.953308639700722 ], [ -122.009228866208488, 36.953896072668499 ], [ -121.97813765745984, 36.947644054285995 ], [ -121.973315655362754, 36.947361797151935 ], [ -121.968882793366035, 36.949177560420054 ], [ -121.9503121012431, 36.959587653324085 ], [ -121.940591838993939, 36.963192484295746 ], [ -121.935441765706997, 36.963902022196201 ], [ -121.925027149880748, 36.963005644009975 ], [ -121.92016698547161, 36.961483646636601 ], [ -121.911041762270429, 36.956711639992044 ], [ -121.899825955376429, 36.947934323664796 ], [ -121.870535161128615, 36.922906931876938 ], [ -121.85521450881339, 36.905199666749553 ], [ -121.839733616569021, 36.883101800848998 ], [ -121.807398471063962, 36.82740123664302 ], [ -121.797105898136394, 36.813382638094659 ], [ -121.793382550233915, 36.805307154423431 ], [ -121.794008163267677, 36.801282756228957 ], [ -121.796655650916932, 36.797468155004168 ], [ -121.80945813553339, 36.770209037032181 ], [ -121.816561241908232, 36.747062041591867 ], [ -121.816309411961768, 36.738978838942586 ], [ -121.813005650220518, 36.722369940980961 ], [ -121.813081898242146, 36.7143744736332 ], [ -121.814737435912562, 36.697021713836392 ], [ -121.818781075724701, 36.68105747880017 ], [ -121.822992594245292, 36.669434295839444 ], [ -121.834719283523356, 36.646161232932975 ], [ -121.847132671694993, 36.628053188531396 ], [ -121.856433196582671, 36.618161860109787 ], [ -121.867213888369577, 36.60972772386242 ], [ -121.880314019249681, 36.603689178215824 ], [ -121.885456439327882, 36.605287509937327 ], [ -121.893025128454212, 36.610860682238531 ], [ -121.894711318453275, 36.614919444147823 ], [ -121.900723561955147, 36.621762883330938 ], [ -121.909627428436522, 36.624494156893178 ], [ -121.913144737469523, 36.627542042069102 ], [ -121.918134571061032, 36.629819373143114 ], [ -121.918806012633738, 36.633691215720376 ], [ -121.926176340799657, 36.640038748251825 ], [ -121.931334024892934, 36.641808732708633 ], [ -121.936819771466602, 36.641705737478041 ], [ -121.941206832953412, 36.64035536115513 ], [ -121.943167629071155, 36.635949473520405 ], [ -121.943938163774163, 36.627740408798346 ], [ -121.945486959642409, 36.62376938858803 ], [ -121.951430439328902, 36.617715587400809 ], [ -121.951727965872053, 36.613748382139541 ], [ -121.955275762136409, 36.612680290188109 ], [ -121.959517893083159, 36.615766319901851 ], [ -121.963126722852721, 36.614202327453654 ], [ -121.965636791057904, 36.60192306851404 ], [ -121.968429231160698, 36.598817970446213 ], [ -121.969153959016452, 36.58743514726924 ], [ -121.973777539886555, 36.586420463383114 ], [ -121.982948390719741, 36.582735551815858 ], [ -121.981269832109163, 36.57934816890652 ], [ -121.974891365126297, 36.573130332720417 ], [ -121.972953398239426, 36.569792538617655 ], [ -121.963996120188597, 36.56609615983718 ], [ -121.95618328858248, 36.561541491910496 ], [ -121.951773320355016, 36.560057597681499 ], [ -121.948210272324886, 36.561800873784236 ], [ -121.943258605563926, 36.561446106365956 ], [ -121.938581597497759, 36.559809626460584 ], [ -121.936468147436244, 36.556166659338651 ], [ -121.93456829576715, 36.548236057257782 ], [ -121.937902444921207, 36.545439945661712 ], [ -121.93494207387667, 36.538298967968693 ], [ -121.930471059733904, 36.535479953110013 ], [ -121.928189757802912, 36.531844613230831 ], [ -121.928067649152112, 36.527392948628659 ], [ -121.930173422106364, 36.524963038985184 ], [ -121.935338714754565, 36.524955421578149 ], [ -121.93936716692842, 36.52258273621068 ], [ -121.944318830449333, 36.5228345127951 ], [ -121.948507537460131, 36.52453584346231 ], [ -121.952795415545651, 36.524345122294562 ], [ -121.956106679154018, 36.522197498731288 ], [ -121.955404719309271, 36.518493500797092 ], [ -121.951299930682708, 36.515746964019115 ], [ -121.948278550548096, 36.512229876110631 ], [ -121.944242437199946, 36.5104598816094 ], [ -121.940923469118871, 36.502937439606917 ], [ -121.940801381128622, 36.499305912262322 ], [ -121.944654406886812, 36.496685248623216 ], [ -121.94727148984272, 36.489673903118508 ], [ -121.942213132479964, 36.481930119197195 ], [ -121.940641474308833, 36.478336700316461 ], [ -121.940458424961676, 36.474178715281468 ], [ -121.938512913877545, 36.47057003627917 ], [ -121.93118090135178, 36.464134672625391 ], [ -121.929647399215639, 36.460194118387207 ], [ -121.930372276517161, 36.456371826297328 ], [ -121.932485753743322, 36.452469431140031 ], [ -121.932142486503011, 36.448071121095062 ], [ -121.927976733812187, 36.445286400718359 ], [ -121.923399051906941, 36.437931709187701 ], [ -121.918386545132066, 36.426583059931637 ], [ -121.919042822643803, 36.418564634950343 ], [ -121.91795191344886, 36.410282991072414 ], [ -121.915624927810043, 36.40661708762029 ], [ -121.915823360619299, 36.402737573145956 ], [ -121.908735505215901, 36.397164316071475 ], [ -121.906591634281966, 36.393441192486918 ], [ -121.907080000972698, 36.389184026853052 ], [ -121.905638062747286, 36.385190064729613 ], [ -121.905592350179148, 36.381184664683822 ], [ -121.908331449247441, 36.377701886530815 ], [ -121.908621442077092, 36.373604936181266 ], [ -121.906126604239901, 36.370198427582032 ], [ -121.906958296387117, 36.366437170317141 ], [ -121.909766059304886, 36.363038315783228 ], [ -121.908827681466448, 36.358842178375006 ], [ -121.904433125339963, 36.351739248156989 ], [ -121.901434728904633, 36.348634094789389 ], [ -121.897475073482866, 36.341039073360768 ], [ -121.896643517861946, 36.336553020780443 ], [ -121.896880101532318, 36.332635359004975 ], [ -121.899031716451375, 36.329091544562822 ], [ -121.898719095664973, 36.31735762759385 ], [ -121.904296548506721, 36.305455897797586 ], [ -121.901023483901184, 36.302747466268414 ], [ -121.89159332785907, 36.299188329132711 ], [ -121.887778561282218, 36.296518040437924 ], [ -121.879256446935827, 36.286393863481031 ], [ -121.870390890193718, 36.28286524373771 ], [ -121.863608260563325, 36.277131756855077 ], [ -121.855063166393236, 36.272832573892565 ], [ -121.846701288979034, 36.262895309240974 ], [ -121.842329655345324, 36.255590189525236 ], [ -121.839644134828717, 36.248574993461169 ], [ -121.831236298139558, 36.243730305041105 ], [ -121.827925043415988, 36.240701433108121 ], [ -121.810735519506167, 36.231710135325201 ], [ -121.805730494172522, 36.231126457410497 ], [ -121.795567853175768, 36.231469711649552 ], [ -121.787762754948687, 36.226422845153962 ], [ -121.778248627256929, 36.224046239378495 ], [ -121.765766574053416, 36.216466394787091 ], [ -121.761303249229741, 36.214593358628647 ], [ -121.754314517867698, 36.208745411919544 ], [ -121.748851635645067, 36.208176984460003 ], [ -121.744472078576777, 36.206605300693624 ], [ -121.740741059575498, 36.202943178279142 ], [ -121.723680626742222, 36.195744731379932 ], [ -121.719354479398419, 36.193295668487401 ], [ -121.716302522504705, 36.190072235935979 ], [ -121.712220531987455, 36.187546880211471 ], [ -121.705765644825917, 36.180985568180972 ], [ -121.700501020254009, 36.173806285970841 ], [ -121.69693786311241, 36.171029162665768 ], [ -121.693069510972933, 36.168278738597962 ], [ -121.683547415833502, 36.164467776477899 ], [ -121.67959513591903, 36.161934786658989 ], [ -121.674338145300908, 36.155064484879929 ], [ -121.663854687233069, 36.146157083972497 ], [ -121.646511971400642, 36.125816979029175 ], [ -121.638416671825496, 36.120430546806247 ], [ -121.634761962615755, 36.112389136990451 ], [ -121.626941343059855, 36.101498101647628 ], [ -121.623492642631263, 36.09367412659163 ], [ -121.621562288106531, 36.085346628979543 ], [ -121.612429334892155, 36.075245207337964 ], [ -121.610262453119716, 36.071792881774492 ], [ -121.597436643542224, 36.064106106807756 ], [ -121.596086159802127, 36.059719188982321 ], [ -121.596017497353657, 36.051818952780266 ], [ -121.594407597746724, 36.048179711165602 ], [ -121.588006142748071, 36.041736601865864 ], [ -121.583115403768915, 36.034412315744397 ], [ -121.579979536311171, 36.02615726585806 ], [ -121.577888956134217, 36.022811745944367 ], [ -121.574302922057413, 36.019599718533641 ], [ -121.569931011153727, 36.017162062912078 ], [ -121.554633128781347, 36.016890997967657 ], [ -121.549574528541868, 36.015952508177918 ], [ -121.540571291490608, 36.012469554075736 ], [ -121.535650028302157, 36.01214904710929 ], [ -121.53099581271988, 36.01052772990549 ], [ -121.522892903847321, 36.005682935828673 ], [ -121.513294536978762, 36.003683887552569 ], [ -121.505702819134683, 35.997988459505088 ], [ -121.495562739014076, 35.983710391913384 ], [ -121.48977932491762, 35.971351148238035 ], [ -121.486315335982866, 35.954273144802819 ], [ -121.479623963827109, 35.938011536893711 ], [ -121.47934927269101, 35.933678123748741 ], [ -121.47532072594737, 35.9260413227871 ], [ -121.476846657601357, 35.921719313425093 ], [ -121.474626382874106, 35.918339598144875 ], [ -121.475244375605158, 35.914490622600269 ], [ -121.468400453225513, 35.907777013166232 ], [ -121.465829166424044, 35.894811128080804 ], [ -121.466187745838937, 35.890595951518698 ], [ -121.460846884524287, 35.883523723084657 ], [ -121.453026357326166, 35.87745097016024 ], [ -121.447120893746359, 35.870176565264252 ], [ -121.438751028439, 35.864923957182391 ], [ -121.424513875304967, 35.858260027019888 ], [ -121.41953163927522, 35.856940245933643 ], [ -121.415274224964591, 35.854456984585433 ], [ -121.412466459324904, 35.850852191314445 ], [ -121.408231910172162, 35.84278046787032 ], [ -121.40510369485321, 35.839133714734608 ], [ -121.398183480163624, 35.832854911178266 ], [ -121.387204203341099, 35.818843861772017 ], [ -121.381947297640295, 35.817680469234993 ], [ -121.378872492672954, 35.814384652047387 ], [ -121.377338895034356, 35.810360212510275 ], [ -121.368122143968989, 35.808433940176101 ], [ -121.359416574072583, 35.803524594269597 ], [ -121.337435173526046, 35.784142578143459 ], [ -121.334734225197209, 35.780324130571422 ], [ -121.330904055498564, 35.772103568985976 ], [ -121.329393311197734, 35.759042164491007 ], [ -121.322778288572778, 35.752381822570229 ], [ -121.323167368578154, 35.747979712143582 ], [ -121.320977519551477, 35.740037679619192 ], [ -121.322511042633906, 35.73592931077075 ], [ -121.321557264874642, 35.731687454350059 ], [ -121.322320181760247, 35.727491356788754 ], [ -121.320496559045267, 35.719389105373004 ], [ -121.323037211628389, 35.715482902975815 ], [ -121.320473563650495, 35.711729333430142 ], [ -121.312714031374398, 35.706144789750368 ], [ -121.309593413381705, 35.702463701886465 ], [ -121.30723570765339, 35.694205052318416 ], [ -121.299857654290207, 35.687842316483739 ], [ -121.294333701531144, 35.686709419926878 ], [ -121.292052357775489, 35.683081726894862 ], [ -121.292006521376635, 35.678813156471634 ], [ -121.289763319489666, 35.67465904362097 ], [ -121.288824801842736, 35.670314187891826 ], [ -121.289190969434586, 35.665866326127869 ], [ -121.287123260631859, 35.662341624944474 ], [ -121.282751435743904, 35.663783591324652 ], [ -121.277143579439397, 35.664298612863483 ], [ -121.266835748666921, 35.660987597680474 ], [ -121.261555955771698, 35.660316265722862 ], [ -121.246860887657746, 35.649124229444276 ], [ -121.242008306995729, 35.647071969840766 ], [ -121.23675900213405, 35.646972803478796 ], [ -121.232303175115248, 35.645168493912884 ], [ -121.221682498181295, 35.645698756459993 ], [ -121.217249556284614, 35.643471022451529 ], [ -121.211771276260109, 35.636616140774954 ], [ -121.206453314467808, 35.637329491419202 ], [ -121.201913566656273, 35.635895201305786 ], [ -121.193436806556875, 35.631332922079174 ], [ -121.186829473515644, 35.637676675436282 ], [ -121.181816691329914, 35.637348630310214 ], [ -121.172500662016461, 35.633377621376532 ], [ -121.168548398491069, 35.630844715025503 ], [ -121.162352934110643, 35.62452006849206 ], [ -121.142881434770231, 35.599408383999041 ], [ -121.130162491617455, 35.591329021780567 ], [ -121.126492478530423, 35.582761362852494 ], [ -121.119282218568699, 35.571328922443719 ], [ -121.113750560282455, 35.564634253269809 ], [ -121.108562195541154, 35.552713534047896 ], [ -121.099917551857459, 35.541674003615796 ], [ -121.089632521644901, 35.531836086640695 ], [ -121.081293126870619, 35.526320145453624 ], [ -121.064927118345793, 35.509497646296644 ], [ -121.053436609420999, 35.500556169910105 ], [ -121.043586508086463, 35.490817409196524 ], [ -121.039863160045428, 35.487723741623434 ], [ -121.035277657709273, 35.485991903756535 ], [ -121.027899635881212, 35.480311915358349 ], [ -121.011983842143735, 35.463275748089075 ], [ -121.007955309126459, 35.460140118644539 ], [ -121.003598703058742, 35.458080219544193 ], [ -120.998341786677159, 35.457511842237146 ], [ -120.993092499000596, 35.458007745023991 ], [ -120.983478955429462, 35.454181652835643 ], [ -120.978077071302906, 35.454368568997346 ], [ -120.973079569246465, 35.455482444551713 ], [ -120.968089689532533, 35.454791992071534 ], [ -120.951693257524937, 35.443969828908969 ], [ -120.936342135744241, 35.439140474326337 ], [ -120.926492099488627, 35.441143160141166 ], [ -120.910431422313749, 35.44233332268935 ], [ -120.905823036434967, 35.440708278275252 ], [ -120.890563487384227, 35.427814740207502 ], [ -120.879744483516333, 35.413097793946676 ], [ -120.872603047013968, 35.391956967155643 ], [ -120.871313633997758, 35.378434012362206 ], [ -120.871748544926319, 35.365292526063591 ], [ -120.870176833331072, 35.352223513615769 ], [ -120.871992726317657, 35.339314724924897 ], [ -120.88020996954495, 35.314408867628096 ], [ -120.894149478785408, 35.281919509151507 ], [ -120.896911434366018, 35.27785691420469 ], [ -120.90059658406409, 35.274809021142779 ], [ -120.900726287742728, 35.270773118914057 ], [ -120.899612348993969, 35.266371004809741 ], [ -120.903007564912301, 35.258283955341625 ], [ -120.902038590730655, 35.253919988342432 ], [ -120.899337675113529, 35.250200689629629 ], [ -120.899276651381541, 35.246286830524134 ], [ -120.896682567794272, 35.242571321385469 ], [ -120.88920548924159, 35.236174069316881 ], [ -120.887290451445907, 35.232283087168398 ], [ -120.879553963383046, 35.22688146306848 ], [ -120.876341878849729, 35.223127802035684 ], [ -120.865400938343853, 35.214834631540846 ], [ -120.863852129887292, 35.210993239973405 ], [ -120.860388266867815, 35.20770115226486 ], [ -120.842489063213947, 35.198995953884875 ], [ -120.833753101017649, 35.193876602737724 ], [ -120.830594430726009, 35.190573070081903 ], [ -120.815075678861234, 35.186163210055192 ], [ -120.796634798703678, 35.176725576381969 ], [ -120.791210098379736, 35.176214377460205 ], [ -120.780688840681947, 35.166593678878733 ], [ -120.766940220525242, 35.158895559679578 ], [ -120.756785137219637, 35.156797420411436 ], [ -120.75236757207901, 35.154710759449095 ], [ -120.749742940886762, 35.156484584106387 ], [ -120.751162033643311, 35.160432783918623 ], [ -120.746103466426092, 35.167856175881028 ], [ -120.742219913332022, 35.170873601327798 ], [ -120.737054586585373, 35.171682325175105 ], [ -120.721406035038171, 35.171438216297283 ], [ -120.712502187986757, 35.167375595940072 ], [ -120.707069835121786, 35.166551635829265 ], [ -120.691848644788948, 35.155019886613715 ], [ -120.68711823775871, 35.152826456814758 ], [ -120.681777452164596, 35.150751284303659 ], [ -120.661642662924081, 35.146120317366744 ], [ -120.652967715775162, 35.141023932526082 ], [ -120.649786150251714, 35.13781961329498 ], [ -120.641317298711883, 35.121794185835689 ], [ -120.637708585156687, 35.104956221505155 ], [ -120.637060247689902, 35.082850181162648 ], [ -120.638304113497668, 35.056906568409538 ], [ -120.643904666524108, 35.017275869885701 ], [ -120.647414478103883, 35.000868924100729 ], [ -120.654777041098399, 34.976531562421158 ], [ -120.656730226912671, 34.972350722385592 ], [ -120.666435044923688, 34.938194527530541 ], [ -120.670158300622248, 34.92966119511587 ], [ -120.668639963897107, 34.925404085057146 ], [ -120.669181650818629, 34.921169850985628 ], [ -120.673561016010112, 34.904293937675646 ], [ -120.672187649246695, 34.900994296648577 ], [ -120.667953144128049, 34.898575848117588 ], [ -120.652380895807241, 34.898667480133362 ], [ -120.647749649051292, 34.89684792860178 ], [ -120.645361527560283, 34.892926507368266 ], [ -120.644201788046871, 34.888577841684594 ], [ -120.643888925617574, 34.880178040721859 ], [ -120.626485491986941, 34.869409438224857 ], [ -120.623067363607191, 34.866159393229061 ], [ -120.618916760858852, 34.858575936196225 ], [ -120.616887213858575, 34.850038812279891 ], [ -120.618550425515878, 34.837107223191175 ], [ -120.62453959538631, 34.807021247029809 ], [ -120.63000238279308, 34.790477198081234 ], [ -120.640157416677667, 34.769489100639596 ], [ -120.642194505447037, 34.761203730583546 ], [ -120.644048503567205, 34.757213628471632 ], [ -120.643590699527053, 34.753105279421746 ], [ -120.639653755819865, 34.750332057839245 ], [ -120.637570825287639, 34.746998080080317 ], [ -120.635258974080571, 34.738922521605403 ], [ -120.632016324676272, 34.734982019442761 ], [ -120.620068161074371, 34.727627442133304 ], [ -120.613468398514982, 34.716153051215471 ], [ -120.610111257723645, 34.703984389200563 ], [ -120.611667643831495, 34.691472403739461 ], [ -120.619327719485, 34.667196102603164 ], [ -120.630039648147431, 34.639559127446844 ], [ -120.645451415739714, 34.604949041020831 ], [ -120.64709941521231, 34.602721302603683 ], [ -120.646405089471202, 34.598967710169248 ], [ -120.650227457872688, 34.582160480027049 ], [ -120.652043297682454, 34.578033060334207 ], [ -120.650250305185537, 34.575618398501923 ], [ -120.645542777028524, 34.57407727819934 ], [ -120.643436959139976, 34.570319866681295 ], [ -120.640964890840493, 34.562473174773196 ], [ -120.625178994405402, 34.550602008464075 ], [ -120.620791915940188, 34.549182952742029 ], [ -120.590494444260486, 34.551769174462756 ], [ -120.58526047660888, 34.551341919063262 ], [ -120.576181132992673, 34.548343588567022 ], [ -120.559052437421357, 34.538806945104213 ], [ -120.544037202639089, 34.536098499777772 ], [ -120.526176070118737, 34.527782522796144 ], [ -120.522757959047411, 34.525108447628888 ], [ -120.516890698840456, 34.5178758676917 ], [ -120.507155179159909, 34.508056941960298 ], [ -120.504782332305993, 34.504509315291394 ], [ -120.503882012509393, 34.500564972317598 ], [ -120.49911335064678, 34.492657286955144 ], [ -120.495321306866771, 34.489598013625944 ], [ -120.493459592634281, 34.48578342390482 ], [ -120.485471126641556, 34.480343881860598 ], [ -120.48246494228394, 34.476868805537379 ], [ -120.479237440016149, 34.469121365537944 ], [ -120.477451910749124, 34.456632344690583 ], [ -120.474102326844175, 34.449041304083458 ], [ -120.470623089465988, 34.445890473820718 ], [ -120.466312209763217, 34.443475873181093 ], [ -120.457362386807773, 34.440321290254687 ], [ -120.452280922796774, 34.440164949071765 ], [ -120.447367329203828, 34.441023293251881 ], [ -120.438295527358633, 34.444868528001869 ], [ -120.433595572285256, 34.445818420853207 ], [ -120.423463158635329, 34.445006024097069 ], [ -120.418099408747082, 34.445868188582459 ], [ -120.409638005624458, 34.449927036462554 ], [ -120.385184464899325, 34.451365428434116 ], [ -120.380743934675209, 34.452643376212436 ], [ -120.370817562374853, 34.453658178940877 ], [ -120.360448642483917, 34.453677371832221 ], [ -120.350705406017099, 34.455600051837706 ], [ -120.341030799097851, 34.455546759171966 ], [ -120.331562249640868, 34.45794626392756 ], [ -120.327915234507785, 34.459613294689987 ], [ -120.307917573446204, 34.463103904055266 ], [ -120.30245463026607, 34.463191704002007 ], [ -120.294077201803361, 34.467605317302933 ], [ -120.289270408082203, 34.467036995132965 ], [ -120.283929497643925, 34.465251815143354 ] ] } },
{ "type": "Feature", "properties": { "year": 2007 }, "geometry": { "type": "LineString", "coordinates": [ [ -122.370095955388237, 37.169536283357758 ], [ -122.367646846422616, 37.165740740903232 ], [ -122.365068068565463, 37.157474484770077 ], [ -122.365480143158834, 37.148582649707791 ], [ -122.362222279170567, 37.145931485514701 ], [ -122.34774877447127, 37.140220958467623 ], [ -122.340615060809185, 37.133484341772395 ], [ -122.340172576737785, 37.129196729776851 ], [ -122.342331857027972, 37.120816063572434 ], [ -122.342156411069396, 37.116661963637881 ], [ -122.339531828377019, 37.113003751753268 ], [ -122.335503370507325, 37.110669200660368 ], [ -122.330162597500333, 37.109238704745948 ], [ -122.315536425492496, 37.113930601356948 ], [ -122.310226156719693, 37.113953467246525 ], [ -122.300979009098228, 37.109852738719717 ], [ -122.292784781605064, 37.104039262859089 ], [ -122.282408510460485, 37.094460776631706 ], [ -122.277105971954356, 37.086370003966806 ], [ -122.265341170282696, 37.072175864177773 ], [ -122.254453805137885, 37.057298922913439 ], [ -122.250455889666526, 37.054613440007984 ], [ -122.236905767533543, 37.041201302880296 ], [ -122.233998912356526, 37.037443921908498 ], [ -122.227712216982596, 37.025897132516405 ], [ -122.223737201338906, 37.022723379796588 ], [ -122.218655867379908, 37.020785551770409 ], [ -122.214467216258029, 37.018012329857918 ], [ -122.207943941382908, 37.011210888712938 ], [ -122.198612924060711, 37.006301476157979 ], [ -122.190502661695021, 37.000888539174525 ], [ -122.183101851937835, 36.994953003180086 ], [ -122.174671020919533, 36.989746053086044 ], [ -122.17103926502412, 36.986114546885112 ], [ -122.162249849992264, 36.982246520949793 ], [ -122.155955303200088, 36.974933924484766 ], [ -122.146181666642121, 36.971939440534825 ], [ -122.133508701507424, 36.963596890131186 ], [ -122.118417161145942, 36.958653138923573 ], [ -122.109627732293944, 36.954109937960318 ], [ -122.08976000740968, 36.948693170638954 ], [ -122.079665934223598, 36.947262675515141 ], [ -122.069709179378236, 36.944416968707344 ], [ -122.058905556815901, 36.944024041183255 ], [ -122.048285063031045, 36.945126432526472 ], [ -122.032499258910249, 36.944336776496691 ], [ -122.022069531458399, 36.947510487807428 ], [ -122.014554370915633, 36.953308639700722 ], [ -122.009228866208488, 36.953896072668499 ], [ -121.97813765745984, 36.947644054285995 ], [ -121.973315655362754, 36.947361797151935 ], [ -121.968882793366035, 36.949177560420054 ], [ -121.9503121012431, 36.959587653324085 ], [ -121.940591838993939, 36.963192484295746 ], [ -121.935441765706997, 36.963902022196201 ], [ -121.925027149880748, 36.963005644009975 ], [ -121.92016698547161, 36.961483646636601 ], [ -121.911041762270429, 36.956711639992044 ], [ -121.874144054330387, 36.926126430371852 ], [ -121.867368792815014, 36.919607324835376 ], [ -121.85521450881339, 36.905199666749553 ], [ -121.844677738265517, 36.89077673979147 ], [ -121.832607366789361, 36.871429176801897 ], [ -121.824061962202705, 36.855179045053141 ], [ -121.805216349686106, 36.823834598951308 ], [ -121.797105898136394, 36.813382638094659 ], [ -121.793382550233915, 36.805307154423431 ], [ -121.794008163267677, 36.801282756228957 ], [ -121.796655650916932, 36.797468155004168 ], [ -121.80945813553339, 36.770209037032181 ], [ -121.816561241908232, 36.747062041591867 ], [ -121.816309411961768, 36.738978838942586 ], [ -121.813005650220518, 36.722369940980961 ], [ -121.813081898242146, 36.7143744736332 ], [ -121.814737435912562, 36.697021713836392 ], [ -121.818781075724701, 36.68105747880017 ], [ -121.826486943454199, 36.661457901701219 ], [ -121.839396238225532, 36.639077465596337 ], [ -121.847132671694993, 36.628053188531396 ], [ -121.852809118546489, 36.621751423813791 ], [ -121.862864985521185, 36.612523843291392 ], [ -121.867213888369577, 36.60972772386242 ], [ -121.880314019249681, 36.603689178215824 ], [ -121.885456439327882, 36.605287509937327 ], [ -121.893025128454212, 36.610860682238531 ], [ -121.894711318453275, 36.614919444147823 ], [ -121.900723561955147, 36.621762883330938 ], [ -121.909627428436522, 36.624494156893178 ], [ -121.913144737469523, 36.627542042069102 ], [ -121.918134571061032, 36.629819373143114 ], [ -121.918806012633738, 36.633691215720376 ], [ -121.926176340799657, 36.640038748251825 ], [ -121.931334024892934, 36.641808732708633 ], [ -121.936819771466602, 36.641705737478041 ], [ -121.941206832953412, 36.64035536115513 ], [ -121.943167629071155, 36.635949473520405 ], [ -121.943938163774163, 36.627740408798346 ], [ -121.945486959642409, 36.62376938858803 ], [ -121.951430439328902, 36.617715587400809 ], [ -121.951727965872053, 36.613748382139541 ], [ -121.955275762136409, 36.612680290188109 ], [ -121.959517893083159, 36.615766319901851 ], [ -121.963126722852721, 36.614202327453654 ], [ -121.965636791057904, 36.60192306851404 ], [ -121.968429231160698, 36.598817970446213 ], [ -121.969153959016452, 36.58743514726924 ], [ -121.973777539886555, 36.586420463383114 ], [ -121.982948390719741, 36.582735551815858 ], [ -121.981269832109163, 36.57934816890652 ], [ -121.974891365126297, 36.573130332720417 ], [ -121.972953398239426, 36.569792538617655 ], [ -121.963996120188597, 36.56609615983718 ], [ -121.95618328858248, 36.561541491910496 ], [ -121.951773320355016, 36.560057597681499 ], [ -121.948210272324886, 36.561800873784236 ], [ -121.943258605563926, 36.561446106365956 ], [ -121.938581597497759, 36.559809626460584 ], [ -121.936468147436244, 36.556166659338651 ], [ -121.93456829576715, 36.548236057257782 ], [ -121.937902444921207, 36.545439945661712 ], [ -121.93494207387667, 36.538298967968693 ], [ -121.930471059733904, 36.535479953110013 ], [ -121.928189757802912, 36.531844613230831 ], [ -121.928067649152112, 36.527392948628659 ], [ -121.930173422106364, 36.524963038985184 ], [ -121.935338714754565, 36.524955421578149 ], [ -121.93936716692842, 36.52258273621068 ], [ -121.944318830449333, 36.5228345127951 ], [ -121.948507537460131, 36.52453584346231 ], [ -121.952795415545651, 36.524345122294562 ], [ -121.956106679154018, 36.522197498731288 ], [ -121.955404719309271, 36.518493500797092 ], [ -121.951299930682708, 36.515746964019115 ], [ -121.948278550548096, 36.512229876110631 ], [ -121.944242437199946, 36.5104598816094 ], [ -121.940923469118871, 36.502937439606917 ], [ -121.940801381128622, 36.499305912262322 ], [ -121.944654406886812, 36.496685248623216 ], [ -121.94727148984272, 36.489673903118508 ], [ -121.942213132479964, 36.481930119197195 ], [ -121.940641474308833, 36.478336700316461 ], [ -121.940458424961676, 36.474178715281468 ], [ -121.938512913877545, 36.47057003627917 ], [ -121.93118090135178, 36.464134672625391 ], [ -121.929647399215639, 36.460194118387207 ], [ -121.930372276517161, 36.456371826297328 ], [ -121.932485753743322, 36.452469431140031 ], [ -121.932142486503011, 36.448071121095062 ], [ -121.927976733812187, 36.445286400718359 ], [ -121.923399051906941, 36.437931709187701 ], [ -121.918386545132066, 36.426583059931637 ], [ -121.919042822643803, 36.418564634950343 ], [ -121.91795191344886, 36.410282991072414 ], [ -121.915624927810043, 36.40661708762029 ], [ -121.915823360619299, 36.402737573145956 ], [ -121.908735505215901, 36.397164316071475 ], [ -121.906591634281966, 36.393441192486918 ], [ -121.907080000972698, 36.389184026853052 ], [ -121.905638062747286, 36.385190064729613 ], [ -121.905592350179148, 36.381184664683822 ], [ -121.908331449247441, 36.377701886530815 ], [ -121.908621442077092, 36.373604936181266 ], [ -121.906126604239901, 36.370198427582032 ], [ -121.906958296387117, 36.366437170317141 ], [ -121.909766059304886, 36.363038315783228 ], [ -121.908827681466448, 36.358842178375006 ], [ -121.904433125339963, 36.351739248156989 ], [ -121.901434728904633, 36.348634094789389 ], [ -121.897475073482866, 36.341039073360768 ], [ -121.896643517861946, 36.336553020780443 ], [ -121.896880101532318, 36.332635359004975 ], [ -121.899031716451375, 36.329091544562822 ], [ -121.898719095664973, 36.31735762759385 ], [ -121.904296548506721, 36.305455897797586 ], [ -121.901023483901184, 36.302747466268414 ], [ -121.89159332785907, 36.299188329132711 ], [ -121.887778561282218, 36.296518040437924 ], [ -121.879256446935827, 36.286393863481031 ], [ -121.870390890193718, 36.28286524373771 ], [ -121.863608260563325, 36.277131756855077 ], [ -121.855063166393236, 36.272832573892565 ], [ -121.846701288979034, 36.262895309240974 ], [ -121.842329655345324, 36.255590189525236 ], [ -121.839644134828717, 36.248574993461169 ], [ -121.831236298139558, 36.243730305041105 ], [ -121.827925043415988, 36.240701433108121 ], [ -121.810735519506167, 36.231710135325201 ], [ -121.805730494172522, 36.231126457410497 ], [ -121.795567853175768, 36.231469711649552 ], [ -121.787762754948687, 36.226422845153962 ], [ -121.778248627256929, 36.224046239378495 ], [ -121.765766574053416, 36.216466394787091 ], [ -121.761303249229741, 36.214593358628647 ], [ -121.754314517867698, 36.208745411919544 ], [ -121.748851635645067, 36.208176984460003 ], [ -121.744472078576777, 36.206605300693624 ], [ -121.740741059575498, 36.202943178279142 ], [ -121.723680626742222, 36.195744731379932 ], [ -121.719354479398419, 36.193295668487401 ], [ -121.716302522504705, 36.190072235935979 ], [ -121.712220531987455, 36.187546880211471 ], [ -121.705765644825917, 36.180985568180972 ], [ -121.700501020254009, 36.173806285970841 ], [ -121.69693786311241, 36.171029162665768 ], [ -121.693069510972933, 36.168278738597962 ], [ -121.683547415833502, 36.164467776477899 ], [ -121.67959513591903, 36.161934786658989 ], [ -121.674338145300908, 36.155064484879929 ], [ -121.663854687233069, 36.146157083972497 ], [ -121.646511971400642, 36.125816979029175 ], [ -121.638416671825496, 36.120430546806247 ], [ -121.634761962615755, 36.112389136990451 ], [ -121.626941343059855, 36.101498101647628 ], [ -121.623492642631263, 36.09367412659163 ], [ -121.621562288106531, 36.085346628979543 ], [ -121.612429334892155, 36.075245207337964 ], [ -121.610262453119716, 36.071792881774492 ], [ -121.597436643542224, 36.064106106807756 ], [ -121.596086159802127, 36.059719188982321 ], [ -121.596017497353657, 36.051818952780266 ], [ -121.594407597746724, 36.048179711165602 ], [ -121.588006142748071, 36.041736601865864 ], [ -121.583115403768915, 36.034412315744397 ], [ -121.579979536311171, 36.02615726585806 ], [ -121.577888956134217, 36.022811745944367 ], [ -121.574302922057413, 36.019599718533641 ], [ -121.569931011153727, 36.017162062912078 ], [ -121.554633128781347, 36.016890997967657 ], [ -121.549574528541868, 36.015952508177918 ], [ -121.540571291490608, 36.012469554075736 ], [ -121.535650028302157, 36.01214904710929 ], [ -121.53099581271988, 36.01052772990549 ], [ -121.522892903847321, 36.005682935828673 ], [ -121.513294536978762, 36.003683887552569 ], [ -121.505702819134683, 35.997988459505088 ], [ -121.495562739014076, 35.983710391913384 ], [ -121.48977932491762, 35.971351148238035 ], [ -121.486315335982866, 35.954273144802819 ], [ -121.479623963827109, 35.938011536893711 ], [ -121.47934927269101, 35.933678123748741 ], [ -121.47532072594737, 35.9260413227871 ], [ -121.476846657601357, 35.921719313425093 ], [ -121.474626382874106, 35.918339598144875 ], [ -121.475244375605158, 35.914490622600269 ], [ -121.468400453225513, 35.907777013166232 ], [ -121.465829166424044, 35.894811128080804 ], [ -121.466187745838937, 35.890595951518698 ], [ -121.460846884524287, 35.883523723084657 ], [ -121.453026357326166, 35.87745097016024 ], [ -121.447120893746359, 35.870176565264252 ], [ -121.438751028439, 35.864923957182391 ], [ -121.424513875304967, 35.858260027019888 ], [ -121.41953163927522, 35.856940245933643 ], [ -121.415274224964591, 35.854456984585433 ], [ -121.412466459324904, 35.850852191314445 ], [ -121.408231910172162, 35.84278046787032 ], [ -121.40510369485321, 35.839133714734608 ], [ -121.398183480163624, 35.832854911178266 ], [ -121.387204203341099, 35.818843861772017 ], [ -121.381947297640295, 35.817680469234993 ], [ -121.378872492672954, 35.814384652047387 ], [ -121.377338895034356, 35.810360212510275 ], [ -121.368122143968989, 35.808433940176101 ], [ -121.359416574072583, 35.803524594269597 ], [ -121.337435173526046, 35.784142578143459 ], [ -121.334734225197209, 35.780324130571422 ], [ -121.330904055498564, 35.772103568985976 ], [ -121.329393311197734, 35.759042164491007 ], [ -121.322778288572778, 35.752381822570229 ], [ -121.323167368578154, 35.747979712143582 ], [ -121.320977519551477, 35.740037679619192 ], [ -121.322511042633906, 35.73592931077075 ], [ -121.321557264874642, 35.731687454350059 ], [ -121.322320181760247, 35.727491356788754 ], [ -121.320496559045267, 35.719389105373004 ], [ -121.323037211628389, 35.715482902975815 ], [ -121.320473563650495, 35.711729333430142 ], [ -121.312714031374398, 35.706144789750368 ], [ -121.309593413381705, 35.702463701886465 ], [ -121.30723570765339, 35.694205052318416 ], [ -121.299857654290207, 35.687842316483739 ], [ -121.294333701531144, 35.686709419926878 ], [ -121.292052357775489, 35.683081726894862 ], [ -121.292006521376635, 35.678813156471634 ], [ -121.289763319489666, 35.67465904362097 ], [ -121.288824801842736, 35.670314187891826 ], [ -121.289190969434586, 35.665866326127869 ], [ -121.287123260631859, 35.662341624944474 ], [ -121.282751435743904, 35.663783591324652 ], [ -121.277143579439397, 35.664298612863483 ], [ -121.266835748666921, 35.660987597680474 ], [ -121.261555955771698, 35.660316265722862 ], [ -121.246860887657746, 35.649124229444276 ], [ -121.242008306995729, 35.647071969840766 ], [ -121.23675900213405, 35.646972803478796 ], [ -121.232303175115248, 35.645168493912884 ], [ -121.221682498181295, 35.645698756459993 ], [ -121.217249556284614, 35.643471022451529 ], [ -121.211771276260109, 35.636616140774954 ], [ -121.206453314467808, 35.637329491419202 ], [ -121.201913566656273, 35.635895201305786 ], [ -121.193436806556875, 35.631332922079174 ], [ -121.186829473515644, 35.637676675436282 ], [ -121.181816691329914, 35.637348630310214 ], [ -121.172500662016461, 35.633377621376532 ], [ -121.168548398491069, 35.630844715025503 ], [ -121.162352934110643, 35.62452006849206 ], [ -121.142881434770231, 35.599408383999041 ], [ -121.130162491617455, 35.591329021780567 ], [ -121.126492478530423, 35.582761362852494 ], [ -121.119282218568699, 35.571328922443719 ], [ -121.113750560282455, 35.564634253269809 ], [ -121.108562195541154, 35.552713534047896 ], [ -121.099917551857459, 35.541674003615796 ], [ -121.089632521644901, 35.531836086640695 ], [ -121.081293126870619, 35.526320145453624 ], [ -121.064927118345793, 35.509497646296644 ], [ -121.053436609420999, 35.500556169910105 ], [ -121.043586508086463, 35.490817409196524 ], [ -121.039863160045428, 35.487723741623434 ], [ -121.035277657709273, 35.485991903756535 ], [ -121.027899635881212, 35.480311915358349 ], [ -121.011983842143735, 35.463275748089075 ], [ -121.007955309126459, 35.460140118644539 ], [ -121.003598703058742, 35.458080219544193 ], [ -120.998341786677159, 35.457511842237146 ], [ -120.993092499000596, 35.458007745023991 ], [ -120.983478955429462, 35.454181652835643 ], [ -120.978077071302906, 35.454368568997346 ], [ -120.973079569246465, 35.455482444551713 ], [ -120.968089689532533, 35.454791992071534 ], [ -120.951693257524937, 35.443969828908969 ], [ -120.936342135744241, 35.439140474326337 ], [ -120.926492099488627, 35.441143160141166 ], [ -120.910431422313749, 35.44233332268935 ], [ -120.905823036434967, 35.440708278275252 ], [ -120.890563487384227, 35.427814740207502 ], [ -120.879744483516333, 35.413097793946676 ], [ -120.872603047013968, 35.391956967155643 ], [ -120.871313633997758, 35.378434012362206 ], [ -120.871748544926319, 35.365292526063591 ], [ -120.870176833331072, 35.352223513615769 ], [ -120.871992726317657, 35.339314724924897 ], [ -120.88020996954495, 35.314408867628096 ], [ -120.894149478785408, 35.281919509151507 ], [ -120.896911434366018, 35.27785691420469 ], [ -120.90059658406409, 35.274809021142779 ], [ -120.900726287742728, 35.270773118914057 ], [ -120.899612348993969, 35.266371004809741 ], [ -120.903007564912301, 35.258283955341625 ], [ -120.902038590730655, 35.253919988342432 ], [ -120.899337675113529, 35.250200689629629 ], [ -120.899276651381541, 35.246286830524134 ], [ -120.896682567794272, 35.242571321385469 ], [ -120.88920548924159, 35.236174069316881 ], [ -120.887290451445907, 35.232283087168398 ], [ -120.879553963383046, 35.22688146306848 ], [ -120.876341878849729, 35.223127802035684 ], [ -120.865400938343853, 35.214834631540846 ], [ -120.863852129887292, 35.210993239973405 ], [ -120.860388266867815, 35.20770115226486 ], [ -120.842489063213947, 35.198995953884875 ], [ -120.833753101017649, 35.193876602737724 ], [ -120.830594430726009, 35.190573070081903 ], [ -120.815075678861234, 35.186163210055192 ], [ -120.796634798703678, 35.176725576381969 ], [ -120.791210098379736, 35.176214377460205 ], [ -120.780688840681947, 35.166593678878733 ], [ -120.766940220525242, 35.158895559679578 ], [ -120.756785137219637, 35.156797420411436 ], [ -120.75236757207901, 35.154710759449095 ], [ -120.749742940886762, 35.156484584106387 ], [ -120.751162033643311, 35.160432783918623 ], [ -120.746103466426092, 35.167856175881028 ], [ -120.742219913332022, 35.170873601327798 ], [ -120.737054586585373, 35.171682325175105 ], [ -120.721406035038171, 35.171438216297283 ], [ -120.712502187986757, 35.167375595940072 ], [ -120.707069835121786, 35.166551635829265 ], [ -120.691848644788948, 35.155019886613715 ], [ -120.68711823775871, 35.152826456814758 ], [ -120.681777452164596, 35.150751284303659 ], [ -120.661642662924081, 35.146120317366744 ], [ -120.652967715775162, 35.141023932526082 ], [ -120.649786150251714, 35.13781961329498 ], [ -120.641317298711883, 35.121794185835689 ], [ -120.637708585156687, 35.104956221505155 ], [ -120.637060247689902, 35.082850181162648 ], [ -120.638304113497668, 35.056906568409538 ], [ -120.643904666524108, 35.017275869885701 ], [ -120.647414478103883, 35.000868924100729 ], [ -120.654777041098399, 34.976531562421158 ], [ -120.656730226912671, 34.972350722385592 ], [ -120.666435044923688, 34.938194527530541 ], [ -120.670158300622248, 34.92966119511587 ], [ -120.668639963897107, 34.925404085057146 ], [ -120.669181650818629, 34.921169850985628 ], [ -120.673561016010112, 34.904293937675646 ], [ -120.672187649246695, 34.900994296648577 ], [ -120.667953144128049, 34.898575848117588 ], [ -120.652380895807241, 34.898667480133362 ], [ -120.647749649051292, 34.89684792860178 ], [ -120.645361527560283, 34.892926507368266 ], [ -120.644201788046871, 34.888577841684594 ], [ -120.643888925617574, 34.880178040721859 ], [ -120.626485491986941, 34.869409438224857 ], [ -120.623067363607191, 34.866159393229061 ], [ -120.618916760858852, 34.858575936196225 ], [ -120.616887213858575, 34.850038812279891 ], [ -120.618550425515878, 34.837107223191175 ], [ -120.62453959538631, 34.807021247029809 ], [ -120.63000238279308, 34.790477198081234 ], [ -120.640157416677667, 34.769489100639596 ], [ -120.642194505447037, 34.761203730583546 ], [ -120.644048503567205, 34.757213628471632 ], [ -120.643590699527053, 34.753105279421746 ], [ -120.639653755819865, 34.750332057839245 ], [ -120.637570825287639, 34.746998080080317 ], [ -120.635258974080571, 34.738922521605403 ], [ -120.632016324676272, 34.734982019442761 ], [ -120.620068161074371, 34.727627442133304 ], [ -120.613468398514982, 34.716153051215471 ], [ -120.610111257723645, 34.703984389200563 ], [ -120.611667643831495, 34.691472403739461 ], [ -120.619327719485, 34.667196102603164 ], [ -120.630039648147431, 34.639559127446844 ], [ -120.645451415739714, 34.604949041020831 ], [ -120.64709941521231, 34.602721302603683 ], [ -120.646405089471202, 34.598967710169248 ], [ -120.650227457872688, 34.582160480027049 ], [ -120.652043297682454, 34.578033060334207 ], [ -120.650250305185537, 34.575618398501923 ], [ -120.645542777028524, 34.57407727819934 ], [ -120.643436959139976, 34.570319866681295 ], [ -120.640964890840493, 34.562473174773196 ], [ -120.625178994405402, 34.550602008464075 ], [ -120.620791915940188, 34.549182952742029 ], [ -120.590494444260486, 34.551769174462756 ], [ -120.58526047660888, 34.551341919063262 ], [ -120.576181132992673, 34.548343588567022 ], [ -120.559052437421357, 34.538806945104213 ], [ -120.544037202639089, 34.536098499777772 ], [ -120.526176070118737, 34.527782522796144 ], [ -120.522757959047411, 34.525108447628888 ], [ -120.516890698840456, 34.5178758676917 ], [ -120.507155179159909, 34.508056941960298 ], [ -120.504782332305993, 34.504509315291394 ], [ -120.503882012509393, 34.500564972317598 ], [ -120.49911335064678, 34.492657286955144 ], [ -120.495321306866771, 34.489598013625944 ], [ -120.493459592634281, 34.48578342390482 ], [ -120.485471126641556, 34.480343881860598 ], [ -120.48246494228394, 34.476868805537379 ], [ -120.479237440016149, 34.469121365537944 ], [ -120.477451910749124, 34.456632344690583 ], [ -120.474102326844175, 34.449041304083458 ], [ -120.470623089465988, 34.445890473820718 ], [ -120.466312209763217, 34.443475873181093 ], [ -120.457362386807773, 34.440321290254687 ], [ -120.452280922796774, 34.440164949071765 ], [ -120.447367329203828, 34.441023293251881 ], [ -120.438295527358633, 34.444868528001869 ], [ -120.433595572285256, 34.445818420853207 ], [ -120.423463158635329, 34.445006024097069 ], [ -120.418099408747082, 34.445868188582459 ], [ -120.409638005624458, 34.449927036462554 ], [ -120.385184464899325, 34.451365428434116 ], [ -120.380743934675209, 34.452643376212436 ], [ -120.370817562374853, 34.453658178940877 ], [ -120.360448642483917, 34.453677371832221 ], [ -120.350705406017099, 34.455600051837706 ], [ -120.341030799097851, 34.455546759171966 ], [ -120.331562249640868, 34.45794626392756 ], [ -120.327915234507785, 34.459613294689987 ], [ -120.307917573446204, 34.463103904055266 ], [ -120.30245463026607, 34.463191704002007 ], [ -120.294077201803361, 34.467605317302933 ], [ -120.289270408082203, 34.467036995132965 ], [ -120.278786971118436, 34.46387098244805 ], [ -120.273545315984819, 34.464881918180573 ], [ -120.268860597891603, 34.464321223546698 ], [ -120.263634131281464, 34.462528412425897 ], [ -120.257919390180234, 34.462070724408996 ], [ -120.247588727801755, 34.464004857933823 ], [ -120.237410715226645, 34.464012605190277 ], [ -120.223082225519931, 34.466946213697703 ], [ -120.203077150701361, 34.466378066212592 ] ] } },
{ "type": "Feature", "properties": { "year": 2008 }, "geometry": { "type": "LineString", "coordinates": [ [ -122.421664219149463, 37.385073965957162 ], [ -122.414003987337935, 37.373645251623572 ], [ -122.40942623870599, 37.348602189734223 ], [ -122.409113455061274, 37.340091760786663 ], [ -122.411196506441158, 37.309761708710269 ], [ -122.415988135078138, 37.274728242375588 ], [ -122.419696259482023, 37.258085063247506 ], [ -122.423022841781162, 37.254575633107414 ], [ -122.424136801222474, 37.250341406648111 ], [ -122.424136824797074, 37.245782948911071 ], [ -122.423587506800146, 37.241377073455752 ], [ -122.420451726747118, 37.23349988746898 ], [ -122.413623178154282, 37.222040762206497 ], [ -122.412524521936831, 37.21767303064847 ], [ -122.412974700059976, 37.213522741921025 ], [ -122.410022044493729, 37.205065741090323 ], [ -122.41064010507894, 37.196109049797634 ], [ -122.407626385675357, 37.192515672792446 ], [ -122.403338496866979, 37.190024709760003 ], [ -122.400103543343491, 37.182364963459477 ], [ -122.396845674482819, 37.179080569976172 ], [ -122.391329392429157, 37.17844349981781 ], [ -122.386202215605692, 37.179339902777407 ], [ -122.381715950985296, 37.177970434705053 ], [ -122.373376707782072, 37.1728626347155 ], [ -122.370095955388237, 37.169536283357758 ], [ -122.367646846422616, 37.165740740903232 ], [ -122.365068068565463, 37.157474484770077 ], [ -122.365480143158834, 37.148582649707791 ], [ -122.362222279170567, 37.145931485514701 ], [ -122.34774877447127, 37.140220958467623 ], [ -122.340615060809185, 37.133484341772395 ], [ -122.340172576737785, 37.129196729776851 ], [ -122.342331857027972, 37.120816063572434 ], [ -122.342156411069396, 37.116661963637881 ], [ -122.339531828377019, 37.113003751753268 ], [ -122.335503370507325, 37.110669200660368 ], [ -122.330162597500333, 37.109238704745948 ], [ -122.315536425492496, 37.113930601356948 ], [ -122.310226156719693, 37.113953467246525 ], [ -122.300979009098228, 37.109852738719717 ], [ -122.288870784745669, 37.100896021594515 ], [ -122.282408510460485, 37.094460776631706 ], [ -122.277105971954356, 37.086370003966806 ], [ -122.265341170282696, 37.072175864177773 ], [ -122.254453805137885, 37.057298922913439 ], [ -122.250455889666526, 37.054613440007984 ], [ -122.236905767533543, 37.041201302880296 ], [ -122.233998912356526, 37.037443921908498 ], [ -122.227712216982596, 37.025897132516405 ], [ -122.223737201338906, 37.022723379796588 ], [ -122.218655867379908, 37.020785551770409 ], [ -122.214467216258029, 37.018012329857918 ], [ -122.207943941382908, 37.011210888712938 ], [ -122.198612924060711, 37.006301476157979 ], [ -122.190502661695021, 37.000888539174525 ], [ -122.183101851937835, 36.994953003180086 ], [ -122.174671020919533, 36.989746053086044 ], [ -122.17103926502412, 36.986114546885112 ], [ -122.162249849992264, 36.982246520949793 ], [ -122.155955303200088, 36.974933924484766 ], [ -122.146181666642121, 36.971939440534825 ], [ -122.133508701507424, 36.963596890131186 ], [ -122.118417161145942, 36.958653138923573 ], [ -122.109627732293944, 36.954109937960318 ], [ -122.08976000740968, 36.948693170638954 ], [ -122.079665934223598, 36.947262675515141 ], [ -122.069709179378236, 36.944416968707344 ], [ -122.058905556815901, 36.944024041183255 ], [ -122.043203700196145, 36.945118791555288 ], [ -122.032499258910249, 36.944336776496691 ], [ -122.022069531458399, 36.947510487807428 ], [ -122.014554370915633, 36.953308639700722 ], [ -122.009228866208488, 36.953896072668499 ], [ -121.97813765745984, 36.947644054285995 ], [ -121.973315655362754, 36.947361797151935 ], [ -121.968882793366035, 36.949177560420054 ], [ -121.9503121012431, 36.959587653324085 ], [ -121.940591838993939, 36.963192484295746 ], [ -121.935441765706997, 36.963902022196201 ], [ -121.925027149880748, 36.963005644009975 ], [ -121.915344963335983, 36.959225433378677 ], [ -121.911041762270429, 36.956711639992044 ], [ -121.899825955376429, 36.947934323664796 ], [ -121.870535161128615, 36.922906931876938 ], [ -121.85521450881339, 36.905199666749553 ], [ -121.839733616569021, 36.883101800848998 ], [ -121.807398471063962, 36.82740123664302 ], [ -121.794969555805295, 36.809610011426003 ], [ -121.793382550233915, 36.805307154423431 ], [ -121.794008163267677, 36.801282756228957 ], [ -121.796655650916932, 36.797468155004168 ], [ -121.80945813553339, 36.770209037032181 ], [ -121.816561241908232, 36.747062041591867 ], [ -121.816309411961768, 36.738978838942586 ], [ -121.813005650220518, 36.722369940980961 ], [ -121.813081898242146, 36.7143744736332 ], [ -121.814737435912562, 36.697021713836392 ], [ -121.817606127564389, 36.685059027692283 ], [ -121.822992594245292, 36.669434295839444 ], [ -121.830317001440136, 36.653965966609618 ], [ -121.834719283523356, 36.646161232932975 ], [ -121.847132671694993, 36.628053188531396 ], [ -121.862864985521185, 36.612523843291392 ], [ -121.867213888369577, 36.60972772386242 ], [ -121.880314019249681, 36.603689178215824 ], [ -121.885456439327882, 36.605287509937327 ], [ -121.893025128454212, 36.610860682238531 ], [ -121.894711318453275, 36.614919444147823 ], [ -121.900723561955147, 36.621762883330938 ], [ -121.909627428436522, 36.624494156893178 ], [ -121.913144737469523, 36.627542042069102 ], [ -121.918134571061032, 36.629819373143114 ], [ -121.918806012633738, 36.633691215720376 ], [ -121.926176340799657, 36.640038748251825 ], [ -121.931334024892934, 36.641808732708633 ], [ -121.936819771466602, 36.641705737478041 ], [ -121.941206832953412, 36.64035536115513 ], [ -121.943167629071155, 36.635949473520405 ], [ -121.943938163774163, 36.627740408798346 ], [ -121.945486959642409, 36.62376938858803 ], [ -121.951430439328902, 36.617715587400809 ], [ -121.951727965872053, 36.613748382139541 ], [ -121.955275762136409, 36.612680290188109 ], [ -121.959517893083159, 36.615766319901851 ], [ -121.963126722852721, 36.614202327453654 ], [ -121.965636791057904, 36.60192306851404 ], [ -121.968429231160698, 36.598817970446213 ], [ -121.969153959016452, 36.58743514726924 ], [ -121.973777539886555, 36.586420463383114 ], [ -121.982948390719741, 36.582735551815858 ], [ -121.981269832109163, 36.57934816890652 ], [ -121.974891365126297, 36.573130332720417 ], [ -121.972953398239426, 36.569792538617655 ], [ -121.963996120188597, 36.56609615983718 ], [ -121.95618328858248, 36.561541491910496 ], [ -121.951773320355016, 36.560057597681499 ], [ -121.948210272324886, 36.561800873784236 ], [ -121.943258605563926, 36.561446106365956 ], [ -121.938581597497759, 36.559809626460584 ], [ -121.936468147436244, 36.556166659338651 ], [ -121.93456829576715, 36.548236057257782 ], [ -121.937902444921207, 36.545439945661712 ], [ -121.93494207387667, 36.538298967968693 ], [ -121.930471059733904, 36.535479953110013 ], [ -121.928189757802912, 36.531844613230831 ], [ -121.928067649152112, 36.527392948628659 ], [ -121.930173422106364, 36.524963038985184 ], [ -121.935338714754565, 36.524955421578149 ], [ -121.93936716692842, 36.52258273621068 ], [ -121.944318830449333, 36.5228345127951 ], [ -121.948507537460131, 36.52453584346231 ], [ -121.952795415545651, 36.524345122294562 ], [ -121.956106679154018, 36.522197498731288 ], [ -121.955404719309271, 36.518493500797092 ], [ -121.951299930682708, 36.515746964019115 ], [ -121.948278550548096, 36.512229876110631 ], [ -121.944242437199946, 36.5104598816094 ], [ -121.940923469118871, 36.502937439606917 ], [ -121.940801381128622, 36.499305912262322 ], [ -121.944654406886812, 36.496685248623216 ], [ -121.94727148984272, 36.489673903118508 ], [ -121.942213132479964, 36.481930119197195 ], [ -121.940641474308833, 36.478336700316461 ], [ -121.940458424961676, 36.474178715281468 ], [ -121.938512913877545, 36.47057003627917 ], [ -121.93118090135178, 36.464134672625391 ], [ -121.929647399215639, 36.460194118387207 ], [ -121.930372276517161, 36.456371826297328 ], [ -121.932485753743322, 36.452469431140031 ], [ -121.932142486503011, 36.448071121095062 ], [ -121.927976733812187, 36.445286400718359 ], [ -121.923399051906941, 36.437931709187701 ], [ -121.918386545132066, 36.426583059931637 ], [ -121.919042822643803, 36.418564634950343 ], [ -121.91795191344886, 36.410282991072414 ], [ -121.915624927810043, 36.40661708762029 ], [ -121.915823360619299, 36.402737573145956 ], [ -121.908735505215901, 36.397164316071475 ], [ -121.906591634281966, 36.393441192486918 ], [ -121.907080000972698, 36.389184026853052 ], [ -121.905638062747286, 36.385190064729613 ], [ -121.905592350179148, 36.381184664683822 ], [ -121.908331449247441, 36.377701886530815 ], [ -121.908621442077092, 36.373604936181266 ], [ -121.906126604239901, 36.370198427582032 ], [ -121.906958296387117, 36.366437170317141 ], [ -121.909766059304886, 36.363038315783228 ], [ -121.908827681466448, 36.358842178375006 ], [ -121.904433125339963, 36.351739248156989 ], [ -121.901434728904633, 36.348634094789389 ], [ -121.897475073482866, 36.341039073360768 ], [ -121.896643517861946, 36.336553020780443 ], [ -121.896880101532318, 36.332635359004975 ], [ -121.899031716451375, 36.329091544562822 ], [ -121.898719095664973, 36.31735762759385 ], [ -121.904296548506721, 36.305455897797586 ], [ -121.901023483901184, 36.302747466268414 ], [ -121.89159332785907, 36.299188329132711 ], [ -121.887778561282218, 36.296518040437924 ], [ -121.879256446935827, 36.286393863481031 ], [ -121.870390890193718, 36.28286524373771 ], [ -121.863608260563325, 36.277131756855077 ], [ -121.855063166393236, 36.272832573892565 ], [ -121.846701288979034, 36.262895309240974 ], [ -121.842329655345324, 36.255590189525236 ], [ -121.839644134828717, 36.248574993461169 ], [ -121.831236298139558, 36.243730305041105 ], [ -121.827925043415988, 36.240701433108121 ], [ -121.810735519506167, 36.231710135325201 ], [ -121.805730494172522, 36.231126457410497 ], [ -121.795567853175768, 36.231469711649552 ], [ -121.787762754948687, 36.226422845153962 ], [ -121.778248627256929, 36.224046239378495 ], [ -121.765766574053416, 36.216466394787091 ], [ -121.761303249229741, 36.214593358628647 ], [ -121.754314517867698, 36.208745411919544 ], [ -121.748851635645067, 36.208176984460003 ], [ -121.744472078576777, 36.206605300693624 ], [ -121.740741059575498, 36.202943178279142 ], [ -121.723680626742222, 36.195744731379932 ], [ -121.719354479398419, 36.193295668487401 ], [ -121.716302522504705, 36.190072235935979 ], [ -121.712220531987455, 36.187546880211471 ], [ -121.705765644825917, 36.180985568180972 ], [ -121.700501020254009, 36.173806285970841 ], [ -121.69693786311241, 36.171029162665768 ], [ -121.693069510972933, 36.168278738597962 ], [ -121.683547415833502, 36.164467776477899 ], [ -121.67959513591903, 36.161934786658989 ], [ -121.674338145300908, 36.155064484879929 ], [ -121.663854687233069, 36.146157083972497 ], [ -121.646511971400642, 36.125816979029175 ], [ -121.638416671825496, 36.120430546806247 ], [ -121.634761962615755, 36.112389136990451 ], [ -121.626941343059855, 36.101498101647628 ], [ -121.623492642631263, 36.09367412659163 ], [ -121.621562288106531, 36.085346628979543 ], [ -121.612429334892155, 36.075245207337964 ], [ -121.610262453119716, 36.071792881774492 ], [ -121.597436643542224, 36.064106106807756 ], [ -121.596086159802127, 36.059719188982321 ], [ -121.596017497353657, 36.051818952780266 ], [ -121.594407597746724, 36.048179711165602 ], [ -121.588006142748071, 36.041736601865864 ], [ -121.583115403768915, 36.034412315744397 ], [ -121.579979536311171, 36.02615726585806 ], [ -121.577888956134217, 36.022811745944367 ], [ -121.574302922057413, 36.019599718533641 ], [ -121.569931011153727, 36.017162062912078 ], [ -121.554633128781347, 36.016890997967657 ], [ -121.549574528541868, 36.015952508177918 ], [ -121.540571291490608, 36.012469554075736 ], [ -121.535650028302157, 36.01214904710929 ], [ -121.53099581271988, 36.01052772990549 ], [ -121.522892903847321, 36.005682935828673 ], [ -121.513294536978762, 36.003683887552569 ], [ -121.505702819134683, 35.997988459505088 ], [ -121.495562739014076, 35.983710391913384 ], [ -121.48977932491762, 35.971351148238035 ], [ -121.486315335982866, 35.954273144802819 ], [ -121.479623963827109, 35.938011536893711 ], [ -121.47934927269101, 35.933678123748741 ], [ -121.47532072594737, 35.9260413227871 ], [ -121.476846657601357, 35.921719313425093 ], [ -121.474626382874106, 35.918339598144875 ], [ -121.475244375605158, 35.914490622600269 ], [ -121.468400453225513, 35.907777013166232 ], [ -121.465829166424044, 35.894811128080804 ], [ -121.466187745838937, 35.890595951518698 ], [ -121.460846884524287, 35.883523723084657 ], [ -121.453026357326166, 35.87745097016024 ], [ -121.447120893746359, 35.870176565264252 ], [ -121.438751028439, 35.864923957182391 ], [ -121.424513875304967, 35.858260027019888 ], [ -121.41953163927522, 35.856940245933643 ], [ -121.415274224964591, 35.854456984585433 ], [ -121.412466459324904, 35.850852191314445 ], [ -121.408231910172162, 35.84278046787032 ], [ -121.40510369485321, 35.839133714734608 ], [ -121.398183480163624, 35.832854911178266 ], [ -121.387204203341099, 35.818843861772017 ], [ -121.381947297640295, 35.817680469234993 ], [ -121.378872492672954, 35.814384652047387 ], [ -121.377338895034356, 35.810360212510275 ], [ -121.368122143968989, 35.808433940176101 ], [ -121.359416574072583, 35.803524594269597 ], [ -121.337435173526046, 35.784142578143459 ], [ -121.334734225197209, 35.780324130571422 ], [ -121.330904055498564, 35.772103568985976 ], [ -121.329393311197734, 35.759042164491007 ], [ -121.322778288572778, 35.752381822570229 ], [ -121.323167368578154, 35.747979712143582 ], [ -121.320977519551477, 35.740037679619192 ], [ -121.322511042633906, 35.73592931077075 ], [ -121.321557264874642, 35.731687454350059 ], [ -121.322320181760247, 35.727491356788754 ], [ -121.320496559045267, 35.719389105373004 ], [ -121.323037211628389, 35.715482902975815 ], [ -121.320473563650495, 35.711729333430142 ], [ -121.312714031374398, 35.706144789750368 ], [ -121.309593413381705, 35.702463701886465 ], [ -121.30723570765339, 35.694205052318416 ], [ -121.299857654290207, 35.687842316483739 ], [ -121.294333701531144, 35.686709419926878 ], [ -121.292052357775489, 35.683081726894862 ], [ -121.292006521376635, 35.678813156471634 ], [ -121.289763319489666, 35.67465904362097 ], [ -121.288824801842736, 35.670314187891826 ], [ -121.289190969434586, 35.665866326127869 ], [ -121.287123260631859, 35.662341624944474 ], [ -121.282751435743904, 35.663783591324652 ], [ -121.277143579439397, 35.664298612863483 ], [ -121.266835748666921, 35.660987597680474 ], [ -121.261555955771698, 35.660316265722862 ], [ -121.246860887657746, 35.649124229444276 ], [ -121.242008306995729, 35.647071969840766 ], [ -121.23675900213405, 35.646972803478796 ], [ -121.232303175115248, 35.645168493912884 ], [ -121.221682498181295, 35.645698756459993 ], [ -121.217249556284614, 35.643471022451529 ], [ -121.211771276260109, 35.636616140774954 ], [ -121.206453314467808, 35.637329491419202 ], [ -121.201913566656273, 35.635895201305786 ], [ -121.193436806556875, 35.631332922079174 ], [ -121.186829473515644, 35.637676675436282 ], [ -121.181816691329914, 35.637348630310214 ], [ -121.172500662016461, 35.633377621376532 ], [ -121.168548398491069, 35.630844715025503 ], [ -121.162352934110643, 35.62452006849206 ], [ -121.142881434770231, 35.599408383999041 ], [ -121.130162491617455, 35.591329021780567 ], [ -121.126492478530423, 35.582761362852494 ], [ -121.119282218568699, 35.571328922443719 ], [ -121.113750560282455, 35.564634253269809 ], [ -121.108562195541154, 35.552713534047896 ], [ -121.099917551857459, 35.541674003615796 ], [ -121.089632521644901, 35.531836086640695 ], [ -121.081293126870619, 35.526320145453624 ], [ -121.064927118345793, 35.509497646296644 ], [ -121.053436609420999, 35.500556169910105 ], [ -121.043586508086463, 35.490817409196524 ], [ -121.039863160045428, 35.487723741623434 ], [ -121.035277657709273, 35.485991903756535 ], [ -121.027899635881212, 35.480311915358349 ], [ -121.011983842143735, 35.463275748089075 ], [ -121.007955309126459, 35.460140118644539 ], [ -121.003598703058742, 35.458080219544193 ], [ -120.998341786677159, 35.457511842237146 ], [ -120.993092499000596, 35.458007745023991 ], [ -120.983478955429462, 35.454181652835643 ], [ -120.978077071302906, 35.454368568997346 ], [ -120.973079569246465, 35.455482444551713 ], [ -120.968089689532533, 35.454791992071534 ], [ -120.951693257524937, 35.443969828908969 ], [ -120.936342135744241, 35.439140474326337 ], [ -120.926492099488627, 35.441143160141166 ], [ -120.910431422313749, 35.44233332268935 ], [ -120.905823036434967, 35.440708278275252 ], [ -120.890563487384227, 35.427814740207502 ], [ -120.879744483516333, 35.413097793946676 ], [ -120.872603047013968, 35.391956967155643 ], [ -120.871313633997758, 35.378434012362206 ], [ -120.871748544926319, 35.365292526063591 ], [ -120.870176833331072, 35.352223513615769 ], [ -120.871992726317657, 35.339314724924897 ], [ -120.88020996954495, 35.314408867628096 ], [ -120.894149478785408, 35.281919509151507 ], [ -120.896911434366018, 35.27785691420469 ], [ -120.90059658406409, 35.274809021142779 ], [ -120.900726287742728, 35.270773118914057 ], [ -120.899612348993969, 35.266371004809741 ], [ -120.903007564912301, 35.258283955341625 ], [ -120.902038590730655, 35.253919988342432 ], [ -120.899337675113529, 35.250200689629629 ], [ -120.899276651381541, 35.246286830524134 ], [ -120.896682567794272, 35.242571321385469 ], [ -120.88920548924159, 35.236174069316881 ], [ -120.887290451445907, 35.232283087168398 ], [ -120.879553963383046, 35.22688146306848 ], [ -120.876341878849729, 35.223127802035684 ], [ -120.865400938343853, 35.214834631540846 ], [ -120.863852129887292, 35.210993239973405 ], [ -120.860388266867815, 35.20770115226486 ], [ -120.842489063213947, 35.198995953884875 ], [ -120.833753101017649, 35.193876602737724 ], [ -120.830594430726009, 35.190573070081903 ], [ -120.815075678861234, 35.186163210055192 ], [ -120.796634798703678, 35.176725576381969 ], [ -120.791210098379736, 35.176214377460205 ], [ -120.780688840681947, 35.166593678878733 ], [ -120.766940220525242, 35.158895559679578 ], [ -120.756785137219637, 35.156797420411436 ], [ -120.75236757207901, 35.154710759449095 ], [ -120.749742940886762, 35.156484584106387 ], [ -120.751162033643311, 35.160432783918623 ], [ -120.746103466426092, 35.167856175881028 ], [ -120.742219913332022, 35.170873601327798 ], [ -120.737054586585373, 35.171682325175105 ], [ -120.721406035038171, 35.171438216297283 ], [ -120.712502187986757, 35.167375595940072 ], [ -120.707069835121786, 35.166551635829265 ], [ -120.691848644788948, 35.155019886613715 ], [ -120.68711823775871, 35.152826456814758 ], [ -120.681777452164596, 35.150751284303659 ], [ -120.666380706133168, 35.147569882282625 ], [ -120.657041962068561, 35.14380482068146 ], [ -120.652967715775162, 35.141023932526082 ], [ -120.647420968789319, 35.1341308282543 ], [ -120.641317298711883, 35.121794185835689 ], [ -120.637708585156687, 35.104956221505155 ], [ -120.637060247689902, 35.082850181162648 ], [ -120.638304113497668, 35.056906568409538 ], [ -120.643904666524108, 35.017275869885701 ], [ -120.647414478103883, 35.000868924100729 ], [ -120.654777041098399, 34.976531562421158 ], [ -120.656730226912671, 34.972350722385592 ], [ -120.666435044923688, 34.938194527530541 ], [ -120.670158300622248, 34.92966119511587 ], [ -120.668639963897107, 34.925404085057146 ], [ -120.669181650818629, 34.921169850985628 ], [ -120.673561016010112, 34.904293937675646 ], [ -120.672187649246695, 34.900994296648577 ], [ -120.667953144128049, 34.898575848117588 ], [ -120.652380895807241, 34.898667480133362 ], [ -120.647749649051292, 34.89684792860178 ], [ -120.645361527560283, 34.892926507368266 ], [ -120.644201788046871, 34.888577841684594 ], [ -120.643888925617574, 34.880178040721859 ], [ -120.626485491986941, 34.869409438224857 ], [ -120.623067363607191, 34.866159393229061 ], [ -120.618916760858852, 34.858575936196225 ], [ -120.616887213858575, 34.850038812279891 ], [ -120.618550425515878, 34.837107223191175 ], [ -120.62453959538631, 34.807021247029809 ], [ -120.63000238279308, 34.790477198081234 ], [ -120.640157416677667, 34.769489100639596 ], [ -120.642194505447037, 34.761203730583546 ], [ -120.644048503567205, 34.757213628471632 ], [ -120.643590699527053, 34.753105279421746 ], [ -120.639653755819865, 34.750332057839245 ], [ -120.637570825287639, 34.746998080080317 ], [ -120.635258974080571, 34.738922521605403 ], [ -120.632016324676272, 34.734982019442761 ], [ -120.620068161074371, 34.727627442133304 ], [ -120.613468398514982, 34.716153051215471 ], [ -120.610111257723645, 34.703984389200563 ], [ -120.611667643831495, 34.691472403739461 ], [ -120.619327719485, 34.667196102603164 ], [ -120.630039648147431, 34.639559127446844 ], [ -120.645451415739714, 34.604949041020831 ], [ -120.64709941521231, 34.602721302603683 ], [ -120.646405089471202, 34.598967710169248 ], [ -120.650227457872688, 34.582160480027049 ], [ -120.652043297682454, 34.578033060334207 ], [ -120.650250305185537, 34.575618398501923 ], [ -120.645542777028524, 34.57407727819934 ], [ -120.643436959139976, 34.570319866681295 ], [ -120.640964890840493, 34.562473174773196 ], [ -120.625178994405402, 34.550602008464075 ], [ -120.620791915940188, 34.549182952742029 ], [ -120.590494444260486, 34.551769174462756 ], [ -120.58526047660888, 34.551341919063262 ], [ -120.576181132992673, 34.548343588567022 ], [ -120.559052437421357, 34.538806945104213 ], [ -120.544037202639089, 34.536098499777772 ], [ -120.526176070118737, 34.527782522796144 ], [ -120.522757959047411, 34.525108447628888 ], [ -120.516890698840456, 34.5178758676917 ], [ -120.507155179159909, 34.508056941960298 ], [ -120.504782332305993, 34.504509315291394 ], [ -120.503882012509393, 34.500564972317598 ], [ -120.49911335064678, 34.492657286955144 ], [ -120.495321306866771, 34.489598013625944 ], [ -120.493459592634281, 34.48578342390482 ], [ -120.485471126641556, 34.480343881860598 ], [ -120.48246494228394, 34.476868805537379 ], [ -120.479237440016149, 34.469121365537944 ], [ -120.477451910749124, 34.456632344690583 ], [ -120.474102326844175, 34.449041304083458 ], [ -120.470623089465988, 34.445890473820718 ], [ -120.466312209763217, 34.443475873181093 ], [ -120.457362386807773, 34.440321290254687 ], [ -120.452280922796774, 34.440164949071765 ], [ -120.447367329203828, 34.441023293251881 ], [ -120.438295527358633, 34.444868528001869 ], [ -120.433595572285256, 34.445818420853207 ], [ -120.423463158635329, 34.445006024097069 ], [ -120.418099408747082, 34.445868188582459 ], [ -120.409638005624458, 34.449927036462554 ], [ -120.385184464899325, 34.451365428434116 ], [ -120.380743934675209, 34.452643376212436 ], [ -120.370817562374853, 34.453658178940877 ], [ -120.360448642483917, 34.453677371832221 ], [ -120.350705406017099, 34.455600051837706 ], [ -120.341030799097851, 34.455546759171966 ], [ -120.331562249640868, 34.45794626392756 ], [ -120.327915234507785, 34.459613294689987 ], [ -120.307917573446204, 34.463103904055266 ], [ -120.30245463026607, 34.463191704002007 ], [ -120.294077201803361, 34.467605317302933 ], [ -120.289270408082203, 34.467036995132965 ], [ -120.278786971118436, 34.46387098244805 ], [ -120.273545315984819, 34.464881918180573 ], [ -120.268860597891603, 34.464321223546698 ], [ -120.263634131281464, 34.462528412425897 ], [ -120.257919390180234, 34.462070724408996 ], [ -120.247588727801755, 34.464004857933823 ], [ -120.237410715226645, 34.464012605190277 ], [ -120.223082225519931, 34.466946213697703 ], [ -120.193303516976101, 34.466584168285237 ], [ -120.188496788764922, 34.46579841278713 ], [ -120.178776585206535, 34.466862802740977 ], [ -120.168331513060792, 34.466096185655807 ], [ -120.14770090941289, 34.4696325695338 ], [ -120.131510679678456, 34.468972827346505 ], [ -120.120424702007583, 34.467767537847969 ], [ -120.09056943672033, 34.457186161279843 ], [ -120.074203743377907, 34.457232129055441 ], [ -120.069046101111539, 34.458464307154706 ], [ -120.063430651383058, 34.458677990887324 ], [ -120.037031894500799, 34.458121368541491 ], [ -120.026869074340652, 34.455439823273856 ], [ -120.012097994785634, 34.45578712622244 ], [ -120.001607124519978, 34.454158416313859 ], [ -119.997723628561573, 34.450656693612515 ], [ -119.989651542996114, 34.445427053051979 ], [ -119.980282529674298, 34.443359741632115 ], [ -119.957851684515106, 34.432820466112204 ], [ -119.953457085908383, 34.431412968204015 ], [ -119.948215639941736, 34.430848515960804 ], [ -119.937534422834986, 34.431295049163893 ], [ -119.923137554417536, 34.427537956067333 ], [ -119.900485460848515, 34.417795890552355 ], [ -119.895091427152877, 34.417342060108275 ], [ -119.890322963013759, 34.415186895965697 ], [ -119.879656711679431, 34.404796078252879 ], [ -119.869288295434103, 34.405143412193631 ] ] } },
{ "type": "Feature", "properties": { "year": 2009 }, "geometry": { "type": "LineString", "coordinates": [ [ -122.421664219149463, 37.385073965957162 ], [ -122.414003987337935, 37.373645251623572 ], [ -122.40942623870599, 37.348602189734223 ], [ -122.409113455061274, 37.340091760786663 ], [ -122.411196506441158, 37.309761708710269 ], [ -122.415988135078138, 37.274728242375588 ], [ -122.419696259482023, 37.258085063247506 ], [ -122.423022841781162, 37.254575633107414 ], [ -122.424136801222474, 37.250341406648111 ], [ -122.424136824797074, 37.245782948911071 ], [ -122.423587506800146, 37.241377073455752 ], [ -122.420451726747118, 37.23349988746898 ], [ -122.413623178154282, 37.222040762206497 ], [ -122.412524521936831, 37.21767303064847 ], [ -122.412974700059976, 37.213522741921025 ], [ -122.410022044493729, 37.205065741090323 ], [ -122.41064010507894, 37.196109049797634 ], [ -122.407626385675357, 37.192515672792446 ], [ -122.403338496866979, 37.190024709760003 ], [ -122.400103543343491, 37.182364963459477 ], [ -122.396845674482819, 37.179080569976172 ], [ -122.391329392429157, 37.17844349981781 ], [ -122.386202215605692, 37.179339902777407 ], [ -122.381715950985296, 37.177970434705053 ], [ -122.373376707782072, 37.1728626347155 ], [ -122.370095955388237, 37.169536283357758 ], [ -122.367646846422616, 37.165740740903232 ], [ -122.365068068565463, 37.157474484770077 ], [ -122.365480143158834, 37.148582649707791 ], [ -122.362222279170567, 37.145931485514701 ], [ -122.34774877447127, 37.140220958467623 ], [ -122.340615060809185, 37.133484341772395 ], [ -122.340172576737785, 37.129196729776851 ], [ -122.342331857027972, 37.120816063572434 ], [ -122.342156411069396, 37.116661963637881 ], [ -122.339531828377019, 37.113003751753268 ], [ -122.335503370507325, 37.110669200660368 ], [ -122.330162597500333, 37.109238704745948 ], [ -122.315536425492496, 37.113930601356948 ], [ -122.310226156719693, 37.113953467246525 ], [ -122.300979009098228, 37.109852738719717 ], [ -122.288870784745669, 37.100896021594515 ], [ -122.282408510460485, 37.094460776631706 ], [ -122.277105971954356, 37.086370003966806 ], [ -122.265341170282696, 37.072175864177773 ], [ -122.254453805137885, 37.057298922913439 ], [ -122.250455889666526, 37.054613440007984 ], [ -122.236905767533543, 37.041201302880296 ], [ -122.233998912356526, 37.037443921908498 ], [ -122.227712216982596, 37.025897132516405 ], [ -122.223737201338906, 37.022723379796588 ], [ -122.218655867379908, 37.020785551770409 ], [ -122.214467216258029, 37.018012329857918 ], [ -122.207943941382908, 37.011210888712938 ], [ -122.198612924060711, 37.006301476157979 ], [ -122.190502661695021, 37.000888539174525 ], [ -122.183101851937835, 36.994953003180086 ], [ -122.174671020919533, 36.989746053086044 ], [ -122.17103926502412, 36.986114546885112 ], [ -122.162249849992264, 36.982246520949793 ], [ -122.155955303200088, 36.974933924484766 ], [ -122.146181666642121, 36.971939440534825 ], [ -122.133508701507424, 36.963596890131186 ], [ -122.118417161145942, 36.958653138923573 ], [ -122.109627732293944, 36.954109937960318 ], [ -122.08976000740968, 36.948693170638954 ], [ -122.079665934223598, 36.947262675515141 ], [ -122.069709179378236, 36.944416968707344 ], [ -122.058905556815901, 36.944024041183255 ], [ -122.043203700196145, 36.945118791555288 ], [ -122.032499258910249, 36.944336776496691 ], [ -122.022069531458399, 36.947510487807428 ], [ -122.014554370915633, 36.953308639700722 ], [ -122.009228866208488, 36.953896072668499 ], [ -121.97813765745984, 36.947644054285995 ], [ -121.973315655362754, 36.947361797151935 ], [ -121.968882793366035, 36.949177560420054 ], [ -121.9503121012431, 36.959587653324085 ], [ -121.940591838993939, 36.963192484295746 ], [ -121.935441765706997, 36.963902022196201 ], [ -121.925027149880748, 36.963005644009975 ], [ -121.915344963335983, 36.959225433378677 ], [ -121.911041762270429, 36.956711639992044 ], [ -121.899825955376429, 36.947934323664796 ], [ -121.870535161128615, 36.922906931876938 ], [ -121.85521450881339, 36.905199666749553 ], [ -121.839733616569021, 36.883101800848998 ], [ -121.807398471063962, 36.82740123664302 ], [ -121.794969555805295, 36.809610011426003 ], [ -121.793382550233915, 36.805307154423431 ], [ -121.794008163267677, 36.801282756228957 ], [ -121.796655650916932, 36.797468155004168 ], [ -121.80945813553339, 36.770209037032181 ], [ -121.816561241908232, 36.747062041591867 ], [ -121.816309411961768, 36.738978838942586 ], [ -121.813005650220518, 36.722369940980961 ], [ -121.813081898242146, 36.7143744736332 ], [ -121.814737435912562, 36.697021713836392 ], [ -121.817606127564389, 36.685059027692283 ], [ -121.822992594245292, 36.669434295839444 ], [ -121.830317001440136, 36.653965966609618 ], [ -121.834719283523356, 36.646161232932975 ], [ -121.847132671694993, 36.628053188531396 ], [ -121.862864985521185, 36.612523843291392 ], [ -121.867213888369577, 36.60972772386242 ], [ -121.880314019249681, 36.603689178215824 ], [ -121.885456439327882, 36.605287509937327 ], [ -121.893025128454212, 36.610860682238531 ], [ -121.894711318453275, 36.614919444147823 ], [ -121.900723561955147, 36.621762883330938 ], [ -121.909627428436522, 36.624494156893178 ], [ -121.913144737469523, 36.627542042069102 ], [ -121.918134571061032, 36.629819373143114 ], [ -121.918806012633738, 36.633691215720376 ], [ -121.926176340799657, 36.640038748251825 ], [ -121.931334024892934, 36.641808732708633 ], [ -121.936819771466602, 36.641705737478041 ], [ -121.941206832953412, 36.64035536115513 ], [ -121.943167629071155, 36.635949473520405 ], [ -121.943938163774163, 36.627740408798346 ], [ -121.945486959642409, 36.62376938858803 ], [ -121.951430439328902, 36.617715587400809 ], [ -121.951727965872053, 36.613748382139541 ], [ -121.955275762136409, 36.612680290188109 ], [ -121.959517893083159, 36.615766319901851 ], [ -121.963126722852721, 36.614202327453654 ], [ -121.965636791057904, 36.60192306851404 ], [ -121.968429231160698, 36.598817970446213 ], [ -121.969153959016452, 36.58743514726924 ], [ -121.973777539886555, 36.586420463383114 ], [ -121.982948390719741, 36.582735551815858 ], [ -121.981269832109163, 36.57934816890652 ], [ -121.974891365126297, 36.573130332720417 ], [ -121.972953398239426, 36.569792538617655 ], [ -121.963996120188597, 36.56609615983718 ], [ -121.95618328858248, 36.561541491910496 ], [ -121.951773320355016, 36.560057597681499 ], [ -121.948210272324886, 36.561800873784236 ], [ -121.943258605563926, 36.561446106365956 ], [ -121.938581597497759, 36.559809626460584 ], [ -121.936468147436244, 36.556166659338651 ], [ -121.93456829576715, 36.548236057257782 ], [ -121.937902444921207, 36.545439945661712 ], [ -121.93494207387667, 36.538298967968693 ], [ -121.930471059733904, 36.535479953110013 ], [ -121.928189757802912, 36.531844613230831 ], [ -121.928067649152112, 36.527392948628659 ], [ -121.930173422106364, 36.524963038985184 ], [ -121.935338714754565, 36.524955421578149 ], [ -121.93936716692842, 36.52258273621068 ], [ -121.944318830449333, 36.5228345127951 ], [ -121.948507537460131, 36.52453584346231 ], [ -121.952795415545651, 36.524345122294562 ], [ -121.956106679154018, 36.522197498731288 ], [ -121.955404719309271, 36.518493500797092 ], [ -121.951299930682708, 36.515746964019115 ], [ -121.948278550548096, 36.512229876110631 ], [ -121.944242437199946, 36.5104598816094 ], [ -121.940923469118871, 36.502937439606917 ], [ -121.940801381128622, 36.499305912262322 ], [ -121.944654406886812, 36.496685248623216 ], [ -121.94727148984272, 36.489673903118508 ], [ -121.942213132479964, 36.481930119197195 ], [ -121.940641474308833, 36.478336700316461 ], [ -121.940458424961676, 36.474178715281468 ], [ -121.938512913877545, 36.47057003627917 ], [ -121.93118090135178, 36.464134672625391 ], [ -121.929647399215639, 36.460194118387207 ], [ -121.930372276517161, 36.456371826297328 ], [ -121.932485753743322, 36.452469431140031 ], [ -121.932142486503011, 36.448071121095062 ], [ -121.927976733812187, 36.445286400718359 ], [ -121.923399051906941, 36.437931709187701 ], [ -121.918386545132066, 36.426583059931637 ], [ -121.919042822643803, 36.418564634950343 ], [ -121.91795191344886, 36.410282991072414 ], [ -121.915624927810043, 36.40661708762029 ], [ -121.915823360619299, 36.402737573145956 ], [ -121.908735505215901, 36.397164316071475 ], [ -121.906591634281966, 36.393441192486918 ], [ -121.907080000972698, 36.389184026853052 ], [ -121.905638062747286, 36.385190064729613 ], [ -121.905592350179148, 36.381184664683822 ], [ -121.908331449247441, 36.377701886530815 ], [ -121.908621442077092, 36.373604936181266 ], [ -121.906126604239901, 36.370198427582032 ], [ -121.906958296387117, 36.366437170317141 ], [ -121.909766059304886, 36.363038315783228 ], [ -121.908827681466448, 36.358842178375006 ], [ -121.904433125339963, 36.351739248156989 ], [ -121.901434728904633, 36.348634094789389 ], [ -121.897475073482866, 36.341039073360768 ], [ -121.896643517861946, 36.336553020780443 ], [ -121.896880101532318, 36.332635359004975 ], [ -121.899031716451375, 36.329091544562822 ], [ -121.898719095664973, 36.31735762759385 ], [ -121.904296548506721, 36.305455897797586 ], [ -121.901023483901184, 36.302747466268414 ], [ -121.89159332785907, 36.299188329132711 ], [ -121.887778561282218, 36.296518040437924 ], [ -121.879256446935827, 36.286393863481031 ], [ -121.870390890193718, 36.28286524373771 ], [ -121.863608260563325, 36.277131756855077 ], [ -121.855063166393236, 36.272832573892565 ], [ -121.846701288979034, 36.262895309240974 ], [ -121.842329655345324, 36.255590189525236 ], [ -121.839644134828717, 36.248574993461169 ], [ -121.831236298139558, 36.243730305041105 ], [ -121.827925043415988, 36.240701433108121 ], [ -121.810735519506167, 36.231710135325201 ], [ -121.805730494172522, 36.231126457410497 ], [ -121.795567853175768, 36.231469711649552 ], [ -121.787762754948687, 36.226422845153962 ], [ -121.778248627256929, 36.224046239378495 ], [ -121.765766574053416, 36.216466394787091 ], [ -121.761303249229741, 36.214593358628647 ], [ -121.754314517867698, 36.208745411919544 ], [ -121.748851635645067, 36.208176984460003 ], [ -121.744472078576777, 36.206605300693624 ], [ -121.740741059575498, 36.202943178279142 ], [ -121.723680626742222, 36.195744731379932 ], [ -121.719354479398419, 36.193295668487401 ], [ -121.716302522504705, 36.190072235935979 ], [ -121.712220531987455, 36.187546880211471 ], [ -121.705765644825917, 36.180985568180972 ], [ -121.700501020254009, 36.173806285970841 ], [ -121.69693786311241, 36.171029162665768 ], [ -121.693069510972933, 36.168278738597962 ], [ -121.683547415833502, 36.164467776477899 ], [ -121.67959513591903, 36.161934786658989 ], [ -121.674338145300908, 36.155064484879929 ], [ -121.663854687233069, 36.146157083972497 ], [ -121.646511971400642, 36.125816979029175 ], [ -121.638416671825496, 36.120430546806247 ], [ -121.634761962615755, 36.112389136990451 ], [ -121.626941343059855, 36.101498101647628 ], [ -121.623492642631263, 36.09367412659163 ], [ -121.621562288106531, 36.085346628979543 ], [ -121.612429334892155, 36.075245207337964 ], [ -121.610262453119716, 36.071792881774492 ], [ -121.597436643542224, 36.064106106807756 ], [ -121.596086159802127, 36.059719188982321 ], [ -121.596017497353657, 36.051818952780266 ], [ -121.594407597746724, 36.048179711165602 ], [ -121.588006142748071, 36.041736601865864 ], [ -121.583115403768915, 36.034412315744397 ], [ -121.579979536311171, 36.02615726585806 ], [ -121.577888956134217, 36.022811745944367 ], [ -121.574302922057413, 36.019599718533641 ], [ -121.569931011153727, 36.017162062912078 ], [ -121.554633128781347, 36.016890997967657 ], [ -121.549574528541868, 36.015952508177918 ], [ -121.540571291490608, 36.012469554075736 ], [ -121.535650028302157, 36.01214904710929 ], [ -121.53099581271988, 36.01052772990549 ], [ -121.522892903847321, 36.005682935828673 ], [ -121.513294536978762, 36.003683887552569 ], [ -121.505702819134683, 35.997988459505088 ], [ -121.495562739014076, 35.983710391913384 ], [ -121.48977932491762, 35.971351148238035 ], [ -121.486315335982866, 35.954273144802819 ], [ -121.479623963827109, 35.938011536893711 ], [ -121.47934927269101, 35.933678123748741 ], [ -121.47532072594737, 35.9260413227871 ], [ -121.476846657601357, 35.921719313425093 ], [ -121.474626382874106, 35.918339598144875 ], [ -121.475244375605158, 35.914490622600269 ], [ -121.468400453225513, 35.907777013166232 ], [ -121.465829166424044, 35.894811128080804 ], [ -121.466187745838937, 35.890595951518698 ], [ -121.460846884524287, 35.883523723084657 ], [ -121.453026357326166, 35.87745097016024 ], [ -121.447120893746359, 35.870176565264252 ], [ -121.438751028439, 35.864923957182391 ], [ -121.424513875304967, 35.858260027019888 ], [ -121.41953163927522, 35.856940245933643 ], [ -121.415274224964591, 35.854456984585433 ], [ -121.412466459324904, 35.850852191314445 ], [ -121.408231910172162, 35.84278046787032 ], [ -121.40510369485321, 35.839133714734608 ], [ -121.398183480163624, 35.832854911178266 ], [ -121.387204203341099, 35.818843861772017 ], [ -121.381947297640295, 35.817680469234993 ], [ -121.378872492672954, 35.814384652047387 ], [ -121.377338895034356, 35.810360212510275 ], [ -121.368122143968989, 35.808433940176101 ], [ -121.359416574072583, 35.803524594269597 ], [ -121.337435173526046, 35.784142578143459 ], [ -121.334734225197209, 35.780324130571422 ], [ -121.330904055498564, 35.772103568985976 ], [ -121.329393311197734, 35.759042164491007 ], [ -121.322778288572778, 35.752381822570229 ], [ -121.323167368578154, 35.747979712143582 ], [ -121.320977519551477, 35.740037679619192 ], [ -121.322511042633906, 35.73592931077075 ], [ -121.321557264874642, 35.731687454350059 ], [ -121.322320181760247, 35.727491356788754 ], [ -121.320496559045267, 35.719389105373004 ], [ -121.323037211628389, 35.715482902975815 ], [ -121.320473563650495, 35.711729333430142 ], [ -121.312714031374398, 35.706144789750368 ], [ -121.309593413381705, 35.702463701886465 ], [ -121.30723570765339, 35.694205052318416 ], [ -121.299857654290207, 35.687842316483739 ], [ -121.294333701531144, 35.686709419926878 ], [ -121.292052357775489, 35.683081726894862 ], [ -121.292006521376635, 35.678813156471634 ], [ -121.289763319489666, 35.67465904362097 ], [ -121.288824801842736, 35.670314187891826 ], [ -121.289190969434586, 35.665866326127869 ], [ -121.287123260631859, 35.662341624944474 ], [ -121.282751435743904, 35.663783591324652 ], [ -121.277143579439397, 35.664298612863483 ], [ -121.266835748666921, 35.660987597680474 ], [ -121.261555955771698, 35.660316265722862 ], [ -121.246860887657746, 35.649124229444276 ], [ -121.242008306995729, 35.647071969840766 ], [ -121.23675900213405, 35.646972803478796 ], [ -121.232303175115248, 35.645168493912884 ], [ -121.221682498181295, 35.645698756459993 ], [ -121.217249556284614, 35.643471022451529 ], [ -121.211771276260109, 35.636616140774954 ], [ -121.206453314467808, 35.637329491419202 ], [ -121.201913566656273, 35.635895201305786 ], [ -121.193436806556875, 35.631332922079174 ], [ -121.186829473515644, 35.637676675436282 ], [ -121.181816691329914, 35.637348630310214 ], [ -121.172500662016461, 35.633377621376532 ], [ -121.168548398491069, 35.630844715025503 ], [ -121.162352934110643, 35.62452006849206 ], [ -121.142881434770231, 35.599408383999041 ], [ -121.130162491617455, 35.591329021780567 ], [ -121.126492478530423, 35.582761362852494 ], [ -121.119282218568699, 35.571328922443719 ], [ -121.113750560282455, 35.564634253269809 ], [ -121.108562195541154, 35.552713534047896 ], [ -121.099917551857459, 35.541674003615796 ], [ -121.089632521644901, 35.531836086640695 ], [ -121.081293126870619, 35.526320145453624 ], [ -121.064927118345793, 35.509497646296644 ], [ -121.053436609420999, 35.500556169910105 ], [ -121.043586508086463, 35.490817409196524 ], [ -121.039863160045428, 35.487723741623434 ], [ -121.035277657709273, 35.485991903756535 ], [ -121.027899635881212, 35.480311915358349 ], [ -121.011983842143735, 35.463275748089075 ], [ -121.007955309126459, 35.460140118644539 ], [ -121.003598703058742, 35.458080219544193 ], [ -120.998341786677159, 35.457511842237146 ], [ -120.993092499000596, 35.458007745023991 ], [ -120.983478955429462, 35.454181652835643 ], [ -120.978077071302906, 35.454368568997346 ], [ -120.973079569246465, 35.455482444551713 ], [ -120.968089689532533, 35.454791992071534 ], [ -120.951693257524937, 35.443969828908969 ], [ -120.936342135744241, 35.439140474326337 ], [ -120.926492099488627, 35.441143160141166 ], [ -120.910431422313749, 35.44233332268935 ], [ -120.905823036434967, 35.440708278275252 ], [ -120.890563487384227, 35.427814740207502 ], [ -120.879744483516333, 35.413097793946676 ], [ -120.872603047013968, 35.391956967155643 ], [ -120.871313633997758, 35.378434012362206 ], [ -120.871748544926319, 35.365292526063591 ], [ -120.870176833331072, 35.352223513615769 ], [ -120.871992726317657, 35.339314724924897 ], [ -120.88020996954495, 35.314408867628096 ], [ -120.894149478785408, 35.281919509151507 ], [ -120.896911434366018, 35.27785691420469 ], [ -120.90059658406409, 35.274809021142779 ], [ -120.900726287742728, 35.270773118914057 ], [ -120.899612348993969, 35.266371004809741 ], [ -120.903007564912301, 35.258283955341625 ], [ -120.902038590730655, 35.253919988342432 ], [ -120.899337675113529, 35.250200689629629 ], [ -120.899276651381541, 35.246286830524134 ], [ -120.896682567794272, 35.242571321385469 ], [ -120.88920548924159, 35.236174069316881 ], [ -120.887290451445907, 35.232283087168398 ], [ -120.879553963383046, 35.22688146306848 ], [ -120.876341878849729, 35.223127802035684 ], [ -120.865400938343853, 35.214834631540846 ], [ -120.863852129887292, 35.210993239973405 ], [ -120.860388266867815, 35.20770115226486 ], [ -120.842489063213947, 35.198995953884875 ], [ -120.833753101017649, 35.193876602737724 ], [ -120.830594430726009, 35.190573070081903 ], [ -120.815075678861234, 35.186163210055192 ], [ -120.796634798703678, 35.176725576381969 ], [ -120.791210098379736, 35.176214377460205 ], [ -120.780688840681947, 35.166593678878733 ], [ -120.766940220525242, 35.158895559679578 ], [ -120.756785137219637, 35.156797420411436 ], [ -120.75236757207901, 35.154710759449095 ], [ -120.749742940886762, 35.156484584106387 ], [ -120.751162033643311, 35.160432783918623 ], [ -120.746103466426092, 35.167856175881028 ], [ -120.742219913332022, 35.170873601327798 ], [ -120.737054586585373, 35.171682325175105 ], [ -120.721406035038171, 35.171438216297283 ], [ -120.712502187986757, 35.167375595940072 ], [ -120.707069835121786, 35.166551635829265 ], [ -120.691848644788948, 35.155019886613715 ], [ -120.68711823775871, 35.152826456814758 ], [ -120.681777452164596, 35.150751284303659 ], [ -120.666380706133168, 35.147569882282625 ], [ -120.657041962068561, 35.14380482068146 ], [ -120.652967715775162, 35.141023932526082 ], [ -120.647420968789319, 35.1341308282543 ], [ -120.641317298711883, 35.121794185835689 ], [ -120.637708585156687, 35.104956221505155 ], [ -120.637060247689902, 35.082850181162648 ], [ -120.638304113497668, 35.056906568409538 ], [ -120.643904666524108, 35.017275869885701 ], [ -120.647414478103883, 35.000868924100729 ], [ -120.654777041098399, 34.976531562421158 ], [ -120.656730226912671, 34.972350722385592 ], [ -120.666435044923688, 34.938194527530541 ], [ -120.670158300622248, 34.92966119511587 ], [ -120.668639963897107, 34.925404085057146 ], [ -120.669181650818629, 34.921169850985628 ], [ -120.673561016010112, 34.904293937675646 ], [ -120.672187649246695, 34.900994296648577 ], [ -120.667953144128049, 34.898575848117588 ], [ -120.652380895807241, 34.898667480133362 ], [ -120.647749649051292, 34.89684792860178 ], [ -120.645361527560283, 34.892926507368266 ], [ -120.644201788046871, 34.888577841684594 ], [ -120.643888925617574, 34.880178040721859 ], [ -120.626485491986941, 34.869409438224857 ], [ -120.623067363607191, 34.866159393229061 ], [ -120.618916760858852, 34.858575936196225 ], [ -120.616887213858575, 34.850038812279891 ], [ -120.618550425515878, 34.837107223191175 ], [ -120.62453959538631, 34.807021247029809 ], [ -120.63000238279308, 34.790477198081234 ], [ -120.640157416677667, 34.769489100639596 ], [ -120.642194505447037, 34.761203730583546 ], [ -120.644048503567205, 34.757213628471632 ], [ -120.643590699527053, 34.753105279421746 ], [ -120.639653755819865, 34.750332057839245 ], [ -120.637570825287639, 34.746998080080317 ], [ -120.635258974080571, 34.738922521605403 ], [ -120.632016324676272, 34.734982019442761 ], [ -120.620068161074371, 34.727627442133304 ], [ -120.613468398514982, 34.716153051215471 ], [ -120.610111257723645, 34.703984389200563 ], [ -120.611667643831495, 34.691472403739461 ], [ -120.619327719485, 34.667196102603164 ], [ -120.630039648147431, 34.639559127446844 ], [ -120.645451415739714, 34.604949041020831 ], [ -120.64709941521231, 34.602721302603683 ], [ -120.646405089471202, 34.598967710169248 ], [ -120.650227457872688, 34.582160480027049 ], [ -120.652043297682454, 34.578033060334207 ], [ -120.650250305185537, 34.575618398501923 ], [ -120.645542777028524, 34.57407727819934 ], [ -120.643436959139976, 34.570319866681295 ], [ -120.640964890840493, 34.562473174773196 ], [ -120.625178994405402, 34.550602008464075 ], [ -120.620791915940188, 34.549182952742029 ], [ -120.590494444260486, 34.551769174462756 ], [ -120.58526047660888, 34.551341919063262 ], [ -120.576181132992673, 34.548343588567022 ], [ -120.559052437421357, 34.538806945104213 ], [ -120.544037202639089, 34.536098499777772 ], [ -120.526176070118737, 34.527782522796144 ], [ -120.522757959047411, 34.525108447628888 ], [ -120.516890698840456, 34.5178758676917 ], [ -120.507155179159909, 34.508056941960298 ], [ -120.504782332305993, 34.504509315291394 ], [ -120.503882012509393, 34.500564972317598 ], [ -120.49911335064678, 34.492657286955144 ], [ -120.495321306866771, 34.489598013625944 ], [ -120.493459592634281, 34.48578342390482 ], [ -120.485471126641556, 34.480343881860598 ], [ -120.48246494228394, 34.476868805537379 ], [ -120.479237440016149, 34.469121365537944 ], [ -120.477451910749124, 34.456632344690583 ], [ -120.474102326844175, 34.449041304083458 ], [ -120.470623089465988, 34.445890473820718 ], [ -120.466312209763217, 34.443475873181093 ], [ -120.457362386807773, 34.440321290254687 ], [ -120.452280922796774, 34.440164949071765 ], [ -120.447367329203828, 34.441023293251881 ], [ -120.438295527358633, 34.444868528001869 ], [ -120.433595572285256, 34.445818420853207 ], [ -120.423463158635329, 34.445006024097069 ], [ -120.418099408747082, 34.445868188582459 ], [ -120.409638005624458, 34.449927036462554 ], [ -120.385184464899325, 34.451365428434116 ], [ -120.380743934675209, 34.452643376212436 ], [ -120.370817562374853, 34.453658178940877 ], [ -120.360448642483917, 34.453677371832221 ], [ -120.350705406017099, 34.455600051837706 ], [ -120.341030799097851, 34.455546759171966 ], [ -120.331562249640868, 34.45794626392756 ], [ -120.327915234507785, 34.459613294689987 ], [ -120.307917573446204, 34.463103904055266 ], [ -120.30245463026607, 34.463191704002007 ], [ -120.294077201803361, 34.467605317302933 ], [ -120.289270408082203, 34.467036995132965 ], [ -120.278786971118436, 34.46387098244805 ], [ -120.273545315984819, 34.464881918180573 ], [ -120.268860597891603, 34.464321223546698 ], [ -120.263634131281464, 34.462528412425897 ], [ -120.257919390180234, 34.462070724408996 ], [ -120.247588727801755, 34.464004857933823 ], [ -120.237410715226645, 34.464012605190277 ], [ -120.223082225519931, 34.466946213697703 ], [ -120.193303516976101, 34.466584168285237 ], [ -120.188496788764922, 34.46579841278713 ], [ -120.178776585206535, 34.466862802740977 ], [ -120.168331513060792, 34.466096185655807 ], [ -120.14770090941289, 34.4696325695338 ], [ -120.131510679678456, 34.468972827346505 ], [ -120.120424702007583, 34.467767537847969 ], [ -120.09056943672033, 34.457186161279843 ], [ -120.074203743377907, 34.457232129055441 ], [ -120.069046101111539, 34.458464307154706 ], [ -120.063430651383058, 34.458677990887324 ], [ -120.037031894500799, 34.458121368541491 ], [ -120.026869074340652, 34.455439823273856 ], [ -120.012097994785634, 34.45578712622244 ], [ -120.001607124519978, 34.454158416313859 ], [ -119.997723628561573, 34.450656693612515 ], [ -119.989651542996114, 34.445427053051979 ], [ -119.980282529674298, 34.443359741632115 ], [ -119.957851684515106, 34.432820466112204 ], [ -119.953457085908383, 34.431412968204015 ], [ -119.948215639941736, 34.430848515960804 ], [ -119.937534422834986, 34.431295049163893 ], [ -119.923137554417536, 34.427537956067333 ], [ -119.900485460848515, 34.417795890552355 ], [ -119.895091427152877, 34.417342060108275 ], [ -119.890322963013759, 34.415186895965697 ], [ -119.879656711679431, 34.404796078252879 ], [ -119.869288295434103, 34.405143412193631 ] ] } },
{ "type": "Feature", "properties": { "year": 2010 }, "geometry": { "type": "LineString", "coordinates": [ [ -122.373376707782072, 37.1728626347155 ], [ -122.367646846422616, 37.165740740903232 ], [ -122.366059899727972, 37.161449305169342 ], [ -122.364709506146369, 37.153186870396269 ], [ -122.365480143158834, 37.148582649707791 ], [ -122.362222279170567, 37.145931485514701 ], [ -122.34774877447127, 37.140220958467623 ], [ -122.340615060809185, 37.133484341772395 ], [ -122.340172576737785, 37.129196729776851 ], [ -122.342331857027972, 37.120816063572434 ], [ -122.342156411069396, 37.116661963637881 ], [ -122.339531828377019, 37.113003751753268 ], [ -122.335503370507325, 37.110669200660368 ], [ -122.330162597500333, 37.109238704745948 ], [ -122.315536425492496, 37.113930601356948 ], [ -122.310226156719693, 37.113953467246525 ], [ -122.300979009098228, 37.109852738719717 ], [ -122.292784781605064, 37.104039262859089 ], [ -122.282408510460485, 37.094460776631706 ], [ -122.277105971954356, 37.086370003966806 ], [ -122.265341170282696, 37.072175864177773 ], [ -122.254453805137885, 37.057298922913439 ], [ -122.250455889666526, 37.054613440007984 ], [ -122.236905767533543, 37.041201302880296 ], [ -122.233998912356526, 37.037443921908498 ], [ -122.227712216982596, 37.025897132516405 ], [ -122.223737201338906, 37.022723379796588 ], [ -122.218655867379908, 37.020785551770409 ], [ -122.214467216258029, 37.018012329857918 ], [ -122.207943941382908, 37.011210888712938 ], [ -122.198612924060711, 37.006301476157979 ], [ -122.190502661695021, 37.000888539174525 ], [ -122.183101851937835, 36.994953003180086 ], [ -122.174671020919533, 36.989746053086044 ], [ -122.17103926502412, 36.986114546885112 ], [ -122.162249849992264, 36.982246520949793 ], [ -122.155955303200088, 36.974933924484766 ], [ -122.146181666642121, 36.971939440534825 ], [ -122.133508701507424, 36.963596890131186 ], [ -122.118417161145942, 36.958653138923573 ], [ -122.109627732293944, 36.954109937960318 ], [ -122.08976000740968, 36.948693170638954 ], [ -122.079665934223598, 36.947262675515141 ], [ -122.069709179378236, 36.944416968707344 ], [ -122.058905556815901, 36.944024041183255 ], [ -122.048285063031045, 36.945126432526472 ], [ -122.032499258910249, 36.944336776496691 ], [ -122.022069531458399, 36.947510487807428 ], [ -122.014554370915633, 36.953308639700722 ], [ -122.009228866208488, 36.953896072668499 ], [ -121.97813765745984, 36.947644054285995 ], [ -121.973315655362754, 36.947361797151935 ], [ -121.968882793366035, 36.949177560420054 ], [ -121.9503121012431, 36.959587653324085 ], [ -121.940591838993939, 36.963192484295746 ], [ -121.935441765706997, 36.963902022196201 ], [ -121.925027149880748, 36.963005644009975 ], [ -121.92016698547161, 36.961483646636601 ], [ -121.911041762270429, 36.956711639992044 ], [ -121.874144054330387, 36.926126430371852 ], [ -121.867368792815014, 36.919607324835376 ], [ -121.85521450881339, 36.905199666749553 ], [ -121.844677738265517, 36.89077673979147 ], [ -121.832607366789361, 36.871429176801897 ], [ -121.824061962202705, 36.855179045053141 ], [ -121.805216349686106, 36.823834598951308 ], [ -121.797105898136394, 36.813382638094659 ], [ -121.793382550233915, 36.805307154423431 ], [ -121.794008163267677, 36.801282756228957 ], [ -121.796655650916932, 36.797468155004168 ], [ -121.80945813553339, 36.770209037032181 ], [ -121.816561241908232, 36.747062041591867 ], [ -121.816309411961768, 36.738978838942586 ], [ -121.813005650220518, 36.722369940980961 ], [ -121.813081898242146, 36.7143744736332 ], [ -121.814737435912562, 36.697021713836392 ], [ -121.818781075724701, 36.68105747880017 ], [ -121.826486943454199, 36.661457901701219 ], [ -121.839396238225532, 36.639077465596337 ], [ -121.847132671694993, 36.628053188531396 ], [ -121.852809118546489, 36.621751423813791 ], [ -121.862864985521185, 36.612523843291392 ], [ -121.867213888369577, 36.60972772386242 ], [ -121.880314019249681, 36.603689178215824 ], [ -121.885456439327882, 36.605287509937327 ], [ -121.893025128454212, 36.610860682238531 ], [ -121.894711318453275, 36.614919444147823 ], [ -121.900723561955147, 36.621762883330938 ], [ -121.909627428436522, 36.624494156893178 ], [ -121.913144737469523, 36.627542042069102 ], [ -121.918134571061032, 36.629819373143114 ], [ -121.918806012633738, 36.633691215720376 ], [ -121.926176340799657, 36.640038748251825 ], [ -121.931334024892934, 36.641808732708633 ], [ -121.936819771466602, 36.641705737478041 ], [ -121.941206832953412, 36.64035536115513 ], [ -121.943167629071155, 36.635949473520405 ], [ -121.943938163774163, 36.627740408798346 ], [ -121.945486959642409, 36.62376938858803 ], [ -121.951430439328902, 36.617715587400809 ], [ -121.951727965872053, 36.613748382139541 ], [ -121.955275762136409, 36.612680290188109 ], [ -121.959517893083159, 36.615766319901851 ], [ -121.963126722852721, 36.614202327453654 ], [ -121.965636791057904, 36.60192306851404 ], [ -121.968429231160698, 36.598817970446213 ], [ -121.969153959016452, 36.58743514726924 ], [ -121.973777539886555, 36.586420463383114 ], [ -121.982948390719741, 36.582735551815858 ], [ -121.981269832109163, 36.57934816890652 ], [ -121.974891365126297, 36.573130332720417 ], [ -121.972953398239426, 36.569792538617655 ], [ -121.963996120188597, 36.56609615983718 ], [ -121.95618328858248, 36.561541491910496 ], [ -121.951773320355016, 36.560057597681499 ], [ -121.948210272324886, 36.561800873784236 ], [ -121.943258605563926, 36.561446106365956 ], [ -121.938581597497759, 36.559809626460584 ], [ -121.936468147436244, 36.556166659338651 ], [ -121.93456829576715, 36.548236057257782 ], [ -121.937902444921207, 36.545439945661712 ], [ -121.93494207387667, 36.538298967968693 ], [ -121.930471059733904, 36.535479953110013 ], [ -121.928189757802912, 36.531844613230831 ], [ -121.928067649152112, 36.527392948628659 ], [ -121.930173422106364, 36.524963038985184 ], [ -121.935338714754565, 36.524955421578149 ], [ -121.93936716692842, 36.52258273621068 ], [ -121.944318830449333, 36.5228345127951 ], [ -121.948507537460131, 36.52453584346231 ], [ -121.952795415545651, 36.524345122294562 ], [ -121.956106679154018, 36.522197498731288 ], [ -121.955404719309271, 36.518493500797092 ], [ -121.951299930682708, 36.515746964019115 ], [ -121.948278550548096, 36.512229876110631 ], [ -121.944242437199946, 36.5104598816094 ], [ -121.940923469118871, 36.502937439606917 ], [ -121.940801381128622, 36.499305912262322 ], [ -121.944654406886812, 36.496685248623216 ], [ -121.94727148984272, 36.489673903118508 ], [ -121.942213132479964, 36.481930119197195 ], [ -121.940641474308833, 36.478336700316461 ], [ -121.940458424961676, 36.474178715281468 ], [ -121.938512913877545, 36.47057003627917 ], [ -121.93118090135178, 36.464134672625391 ], [ -121.929647399215639, 36.460194118387207 ], [ -121.930372276517161, 36.456371826297328 ], [ -121.932485753743322, 36.452469431140031 ], [ -121.932142486503011, 36.448071121095062 ], [ -121.927976733812187, 36.445286400718359 ], [ -121.923399051906941, 36.437931709187701 ], [ -121.918386545132066, 36.426583059931637 ], [ -121.919042822643803, 36.418564634950343 ], [ -121.91795191344886, 36.410282991072414 ], [ -121.915624927810043, 36.40661708762029 ], [ -121.915823360619299, 36.402737573145956 ], [ -121.908735505215901, 36.397164316071475 ], [ -121.906591634281966, 36.393441192486918 ], [ -121.907080000972698, 36.389184026853052 ], [ -121.905638062747286, 36.385190064729613 ], [ -121.905592350179148, 36.381184664683822 ], [ -121.908331449247441, 36.377701886530815 ], [ -121.908621442077092, 36.373604936181266 ], [ -121.906126604239901, 36.370198427582032 ], [ -121.906958296387117, 36.366437170317141 ], [ -121.909766059304886, 36.363038315783228 ], [ -121.908827681466448, 36.358842178375006 ], [ -121.904433125339963, 36.351739248156989 ], [ -121.901434728904633, 36.348634094789389 ], [ -121.897475073482866, 36.341039073360768 ], [ -121.896643517861946, 36.336553020780443 ], [ -121.896880101532318, 36.332635359004975 ], [ -121.899031716451375, 36.329091544562822 ], [ -121.898719095664973, 36.31735762759385 ], [ -121.904296548506721, 36.305455897797586 ], [ -121.901023483901184, 36.302747466268414 ], [ -121.89159332785907, 36.299188329132711 ], [ -121.887778561282218, 36.296518040437924 ], [ -121.879256446935827, 36.286393863481031 ], [ -121.870390890193718, 36.28286524373771 ], [ -121.863608260563325, 36.277131756855077 ], [ -121.855063166393236, 36.272832573892565 ], [ -121.846701288979034, 36.262895309240974 ], [ -121.842329655345324, 36.255590189525236 ], [ -121.839644134828717, 36.248574993461169 ], [ -121.831236298139558, 36.243730305041105 ], [ -121.827925043415988, 36.240701433108121 ], [ -121.810735519506167, 36.231710135325201 ], [ -121.805730494172522, 36.231126457410497 ], [ -121.795567853175768, 36.231469711649552 ], [ -121.787762754948687, 36.226422845153962 ], [ -121.778248627256929, 36.224046239378495 ], [ -121.765766574053416, 36.216466394787091 ], [ -121.761303249229741, 36.214593358628647 ], [ -121.754314517867698, 36.208745411919544 ], [ -121.748851635645067, 36.208176984460003 ], [ -121.744472078576777, 36.206605300693624 ], [ -121.740741059575498, 36.202943178279142 ], [ -121.723680626742222, 36.195744731379932 ], [ -121.719354479398419, 36.193295668487401 ], [ -121.716302522504705, 36.190072235935979 ], [ -121.712220531987455, 36.187546880211471 ], [ -121.705765644825917, 36.180985568180972 ], [ -121.700501020254009, 36.173806285970841 ], [ -121.69693786311241, 36.171029162665768 ], [ -121.693069510972933, 36.168278738597962 ], [ -121.683547415833502, 36.164467776477899 ], [ -121.67959513591903, 36.161934786658989 ], [ -121.674338145300908, 36.155064484879929 ], [ -121.663854687233069, 36.146157083972497 ], [ -121.646511971400642, 36.125816979029175 ], [ -121.638416671825496, 36.120430546806247 ], [ -121.634761962615755, 36.112389136990451 ], [ -121.626941343059855, 36.101498101647628 ], [ -121.623492642631263, 36.09367412659163 ], [ -121.621562288106531, 36.085346628979543 ], [ -121.612429334892155, 36.075245207337964 ], [ -121.610262453119716, 36.071792881774492 ], [ -121.597436643542224, 36.064106106807756 ], [ -121.596086159802127, 36.059719188982321 ], [ -121.596017497353657, 36.051818952780266 ], [ -121.594407597746724, 36.048179711165602 ], [ -121.588006142748071, 36.041736601865864 ], [ -121.583115403768915, 36.034412315744397 ], [ -121.579979536311171, 36.02615726585806 ], [ -121.577888956134217, 36.022811745944367 ], [ -121.574302922057413, 36.019599718533641 ], [ -121.569931011153727, 36.017162062912078 ], [ -121.554633128781347, 36.016890997967657 ], [ -121.549574528541868, 36.015952508177918 ], [ -121.540571291490608, 36.012469554075736 ], [ -121.535650028302157, 36.01214904710929 ], [ -121.53099581271988, 36.01052772990549 ], [ -121.522892903847321, 36.005682935828673 ], [ -121.513294536978762, 36.003683887552569 ], [ -121.505702819134683, 35.997988459505088 ], [ -121.495562739014076, 35.983710391913384 ], [ -121.48977932491762, 35.971351148238035 ], [ -121.486315335982866, 35.954273144802819 ], [ -121.479623963827109, 35.938011536893711 ], [ -121.47934927269101, 35.933678123748741 ], [ -121.47532072594737, 35.9260413227871 ], [ -121.476846657601357, 35.921719313425093 ], [ -121.474626382874106, 35.918339598144875 ], [ -121.475244375605158, 35.914490622600269 ], [ -121.468400453225513, 35.907777013166232 ], [ -121.465829166424044, 35.894811128080804 ], [ -121.466187745838937, 35.890595951518698 ], [ -121.460846884524287, 35.883523723084657 ], [ -121.453026357326166, 35.87745097016024 ], [ -121.447120893746359, 35.870176565264252 ], [ -121.438751028439, 35.864923957182391 ], [ -121.424513875304967, 35.858260027019888 ], [ -121.41953163927522, 35.856940245933643 ], [ -121.415274224964591, 35.854456984585433 ], [ -121.412466459324904, 35.850852191314445 ], [ -121.408231910172162, 35.84278046787032 ], [ -121.40510369485321, 35.839133714734608 ], [ -121.398183480163624, 35.832854911178266 ], [ -121.387204203341099, 35.818843861772017 ], [ -121.381947297640295, 35.817680469234993 ], [ -121.378872492672954, 35.814384652047387 ], [ -121.377338895034356, 35.810360212510275 ], [ -121.368122143968989, 35.808433940176101 ], [ -121.359416574072583, 35.803524594269597 ], [ -121.337435173526046, 35.784142578143459 ], [ -121.334734225197209, 35.780324130571422 ], [ -121.330904055498564, 35.772103568985976 ], [ -121.329393311197734, 35.759042164491007 ], [ -121.322778288572778, 35.752381822570229 ], [ -121.323167368578154, 35.747979712143582 ], [ -121.320977519551477, 35.740037679619192 ], [ -121.322511042633906, 35.73592931077075 ], [ -121.321557264874642, 35.731687454350059 ], [ -121.322320181760247, 35.727491356788754 ], [ -121.320496559045267, 35.719389105373004 ], [ -121.323037211628389, 35.715482902975815 ], [ -121.320473563650495, 35.711729333430142 ], [ -121.312714031374398, 35.706144789750368 ], [ -121.309593413381705, 35.702463701886465 ], [ -121.30723570765339, 35.694205052318416 ], [ -121.299857654290207, 35.687842316483739 ], [ -121.294333701531144, 35.686709419926878 ], [ -121.292052357775489, 35.683081726894862 ], [ -121.292006521376635, 35.678813156471634 ], [ -121.289763319489666, 35.67465904362097 ], [ -121.288824801842736, 35.670314187891826 ], [ -121.289190969434586, 35.665866326127869 ], [ -121.287123260631859, 35.662341624944474 ], [ -121.282751435743904, 35.663783591324652 ], [ -121.277143579439397, 35.664298612863483 ], [ -121.266835748666921, 35.660987597680474 ], [ -121.261555955771698, 35.660316265722862 ], [ -121.246860887657746, 35.649124229444276 ], [ -121.242008306995729, 35.647071969840766 ], [ -121.23675900213405, 35.646972803478796 ], [ -121.232303175115248, 35.645168493912884 ], [ -121.221682498181295, 35.645698756459993 ], [ -121.217249556284614, 35.643471022451529 ], [ -121.211771276260109, 35.636616140774954 ], [ -121.206453314467808, 35.637329491419202 ], [ -121.201913566656273, 35.635895201305786 ], [ -121.193436806556875, 35.631332922079174 ], [ -121.186829473515644, 35.637676675436282 ], [ -121.181816691329914, 35.637348630310214 ], [ -121.172500662016461, 35.633377621376532 ], [ -121.168548398491069, 35.630844715025503 ], [ -121.162352934110643, 35.62452006849206 ], [ -121.142881434770231, 35.599408383999041 ], [ -121.130162491617455, 35.591329021780567 ], [ -121.126492478530423, 35.582761362852494 ], [ -121.119282218568699, 35.571328922443719 ], [ -121.113750560282455, 35.564634253269809 ], [ -121.108562195541154, 35.552713534047896 ], [ -121.099917551857459, 35.541674003615796 ], [ -121.089632521644901, 35.531836086640695 ], [ -121.081293126870619, 35.526320145453624 ], [ -121.064927118345793, 35.509497646296644 ], [ -121.053436609420999, 35.500556169910105 ], [ -121.043586508086463, 35.490817409196524 ], [ -121.039863160045428, 35.487723741623434 ], [ -121.035277657709273, 35.485991903756535 ], [ -121.027899635881212, 35.480311915358349 ], [ -121.011983842143735, 35.463275748089075 ], [ -121.007955309126459, 35.460140118644539 ], [ -121.003598703058742, 35.458080219544193 ], [ -120.998341786677159, 35.457511842237146 ], [ -120.993092499000596, 35.458007745023991 ], [ -120.983478955429462, 35.454181652835643 ], [ -120.978077071302906, 35.454368568997346 ], [ -120.973079569246465, 35.455482444551713 ], [ -120.968089689532533, 35.454791992071534 ], [ -120.951693257524937, 35.443969828908969 ], [ -120.936342135744241, 35.439140474326337 ], [ -120.926492099488627, 35.441143160141166 ], [ -120.910431422313749, 35.44233332268935 ], [ -120.905823036434967, 35.440708278275252 ], [ -120.890563487384227, 35.427814740207502 ], [ -120.879744483516333, 35.413097793946676 ], [ -120.872603047013968, 35.391956967155643 ], [ -120.871313633997758, 35.378434012362206 ], [ -120.871748544926319, 35.365292526063591 ], [ -120.870176833331072, 35.352223513615769 ], [ -120.871992726317657, 35.339314724924897 ], [ -120.88020996954495, 35.314408867628096 ], [ -120.894149478785408, 35.281919509151507 ], [ -120.896911434366018, 35.27785691420469 ], [ -120.90059658406409, 35.274809021142779 ], [ -120.900726287742728, 35.270773118914057 ], [ -120.899612348993969, 35.266371004809741 ], [ -120.903007564912301, 35.258283955341625 ], [ -120.902038590730655, 35.253919988342432 ], [ -120.899337675113529, 35.250200689629629 ], [ -120.899276651381541, 35.246286830524134 ], [ -120.896682567794272, 35.242571321385469 ], [ -120.88920548924159, 35.236174069316881 ], [ -120.887290451445907, 35.232283087168398 ], [ -120.879553963383046, 35.22688146306848 ], [ -120.876341878849729, 35.223127802035684 ], [ -120.865400938343853, 35.214834631540846 ], [ -120.863852129887292, 35.210993239973405 ], [ -120.860388266867815, 35.20770115226486 ], [ -120.842489063213947, 35.198995953884875 ], [ -120.833753101017649, 35.193876602737724 ], [ -120.830594430726009, 35.190573070081903 ], [ -120.815075678861234, 35.186163210055192 ], [ -120.796634798703678, 35.176725576381969 ], [ -120.791210098379736, 35.176214377460205 ], [ -120.780688840681947, 35.166593678878733 ], [ -120.766940220525242, 35.158895559679578 ], [ -120.756785137219637, 35.156797420411436 ], [ -120.75236757207901, 35.154710759449095 ], [ -120.749742940886762, 35.156484584106387 ], [ -120.751162033643311, 35.160432783918623 ], [ -120.746103466426092, 35.167856175881028 ], [ -120.742219913332022, 35.170873601327798 ], [ -120.737054586585373, 35.171682325175105 ], [ -120.721406035038171, 35.171438216297283 ], [ -120.712502187986757, 35.167375595940072 ], [ -120.707069835121786, 35.166551635829265 ], [ -120.691848644788948, 35.155019886613715 ], [ -120.68711823775871, 35.152826456814758 ], [ -120.681777452164596, 35.150751284303659 ], [ -120.661642662924081, 35.146120317366744 ], [ -120.652967715775162, 35.141023932526082 ], [ -120.649786150251714, 35.13781961329498 ], [ -120.641317298711883, 35.121794185835689 ], [ -120.637708585156687, 35.104956221505155 ], [ -120.637060247689902, 35.082850181162648 ], [ -120.638304113497668, 35.056906568409538 ], [ -120.643904666524108, 35.017275869885701 ], [ -120.647414478103883, 35.000868924100729 ], [ -120.654777041098399, 34.976531562421158 ], [ -120.656730226912671, 34.972350722385592 ], [ -120.666435044923688, 34.938194527530541 ], [ -120.670158300622248, 34.92966119511587 ], [ -120.668639963897107, 34.925404085057146 ], [ -120.669181650818629, 34.921169850985628 ], [ -120.673561016010112, 34.904293937675646 ], [ -120.672187649246695, 34.900994296648577 ], [ -120.667953144128049, 34.898575848117588 ], [ -120.652380895807241, 34.898667480133362 ], [ -120.647749649051292, 34.89684792860178 ], [ -120.645361527560283, 34.892926507368266 ], [ -120.644201788046871, 34.888577841684594 ], [ -120.643888925617574, 34.880178040721859 ], [ -120.626485491986941, 34.869409438224857 ], [ -120.623067363607191, 34.866159393229061 ], [ -120.618916760858852, 34.858575936196225 ], [ -120.616887213858575, 34.850038812279891 ], [ -120.618550425515878, 34.837107223191175 ], [ -120.62453959538631, 34.807021247029809 ], [ -120.63000238279308, 34.790477198081234 ], [ -120.640157416677667, 34.769489100639596 ], [ -120.642194505447037, 34.761203730583546 ], [ -120.644048503567205, 34.757213628471632 ], [ -120.643590699527053, 34.753105279421746 ], [ -120.639653755819865, 34.750332057839245 ], [ -120.637570825287639, 34.746998080080317 ], [ -120.635258974080571, 34.738922521605403 ], [ -120.632016324676272, 34.734982019442761 ], [ -120.620068161074371, 34.727627442133304 ], [ -120.613468398514982, 34.716153051215471 ], [ -120.610111257723645, 34.703984389200563 ], [ -120.611667643831495, 34.691472403739461 ], [ -120.619327719485, 34.667196102603164 ], [ -120.630039648147431, 34.639559127446844 ], [ -120.645451415739714, 34.604949041020831 ], [ -120.64709941521231, 34.602721302603683 ], [ -120.646405089471202, 34.598967710169248 ], [ -120.650227457872688, 34.582160480027049 ], [ -120.652043297682454, 34.578033060334207 ], [ -120.650250305185537, 34.575618398501923 ], [ -120.645542777028524, 34.57407727819934 ], [ -120.643436959139976, 34.570319866681295 ], [ -120.640964890840493, 34.562473174773196 ], [ -120.625178994405402, 34.550602008464075 ], [ -120.620791915940188, 34.549182952742029 ], [ -120.590494444260486, 34.551769174462756 ], [ -120.58526047660888, 34.551341919063262 ], [ -120.576181132992673, 34.548343588567022 ], [ -120.559052437421357, 34.538806945104213 ], [ -120.544037202639089, 34.536098499777772 ], [ -120.526176070118737, 34.527782522796144 ], [ -120.522757959047411, 34.525108447628888 ], [ -120.516890698840456, 34.5178758676917 ], [ -120.507155179159909, 34.508056941960298 ], [ -120.504782332305993, 34.504509315291394 ], [ -120.503882012509393, 34.500564972317598 ], [ -120.49911335064678, 34.492657286955144 ], [ -120.495321306866771, 34.489598013625944 ], [ -120.493459592634281, 34.48578342390482 ], [ -120.485471126641556, 34.480343881860598 ], [ -120.48246494228394, 34.476868805537379 ], [ -120.479237440016149, 34.469121365537944 ], [ -120.477451910749124, 34.456632344690583 ], [ -120.474102326844175, 34.449041304083458 ], [ -120.470623089465988, 34.445890473820718 ], [ -120.466312209763217, 34.443475873181093 ], [ -120.457362386807773, 34.440321290254687 ], [ -120.452280922796774, 34.440164949071765 ], [ -120.447367329203828, 34.441023293251881 ], [ -120.438295527358633, 34.444868528001869 ], [ -120.433595572285256, 34.445818420853207 ], [ -120.423463158635329, 34.445006024097069 ], [ -120.418099408747082, 34.445868188582459 ], [ -120.409638005624458, 34.449927036462554 ], [ -120.385184464899325, 34.451365428434116 ], [ -120.380743934675209, 34.452643376212436 ], [ -120.370817562374853, 34.453658178940877 ], [ -120.360448642483917, 34.453677371832221 ], [ -120.350705406017099, 34.455600051837706 ], [ -120.341030799097851, 34.455546759171966 ], [ -120.331562249640868, 34.45794626392756 ], [ -120.327915234507785, 34.459613294689987 ], [ -120.307917573446204, 34.463103904055266 ], [ -120.30245463026607, 34.463191704002007 ], [ -120.294077201803361, 34.467605317302933 ], [ -120.289270408082203, 34.467036995132965 ], [ -120.278786971118436, 34.46387098244805 ], [ -120.273545315984819, 34.464881918180573 ], [ -120.268860597891603, 34.464321223546698 ], [ -120.263634131281464, 34.462528412425897 ], [ -120.257919390180234, 34.462070724408996 ], [ -120.247588727801755, 34.464004857933823 ], [ -120.237410715226645, 34.464012605190277 ], [ -120.223082225519931, 34.466946213697703 ] ] } },
{ "type": "Feature", "properties": { "year": 2012 }, "geometry": { "type": "LineString", "coordinates": [ [ -122.373376707782072, 37.1728626347155 ], [ -122.367646846422616, 37.165740740903232 ], [ -122.366059899727972, 37.161449305169342 ], [ -122.364709506146369, 37.153186870396269 ], [ -122.365480143158834, 37.148582649707791 ], [ -122.362222279170567, 37.145931485514701 ], [ -122.34774877447127, 37.140220958467623 ], [ -122.340615060809185, 37.133484341772395 ], [ -122.340172576737785, 37.129196729776851 ], [ -122.342331857027972, 37.120816063572434 ], [ -122.342156411069396, 37.116661963637881 ], [ -122.339531828377019, 37.113003751753268 ], [ -122.335503370507325, 37.110669200660368 ], [ -122.330162597500333, 37.109238704745948 ], [ -122.315536425492496, 37.113930601356948 ], [ -122.310226156719693, 37.113953467246525 ], [ -122.300979009098228, 37.109852738719717 ], [ -122.292784781605064, 37.104039262859089 ], [ -122.282408510460485, 37.094460776631706 ], [ -122.277105971954356, 37.086370003966806 ], [ -122.265341170282696, 37.072175864177773 ], [ -122.254453805137885, 37.057298922913439 ], [ -122.250455889666526, 37.054613440007984 ], [ -122.236905767533543, 37.041201302880296 ], [ -122.233998912356526, 37.037443921908498 ], [ -122.227712216982596, 37.025897132516405 ], [ -122.223737201338906, 37.022723379796588 ], [ -122.218655867379908, 37.020785551770409 ], [ -122.214467216258029, 37.018012329857918 ], [ -122.207943941382908, 37.011210888712938 ], [ -122.198612924060711, 37.006301476157979 ], [ -122.190502661695021, 37.000888539174525 ], [ -122.183101851937835, 36.994953003180086 ], [ -122.174671020919533, 36.989746053086044 ], [ -122.17103926502412, 36.986114546885112 ], [ -122.162249849992264, 36.982246520949793 ], [ -122.155955303200088, 36.974933924484766 ], [ -122.146181666642121, 36.971939440534825 ], [ -122.133508701507424, 36.963596890131186 ], [ -122.118417161145942, 36.958653138923573 ], [ -122.109627732293944, 36.954109937960318 ], [ -122.08976000740968, 36.948693170638954 ], [ -122.079665934223598, 36.947262675515141 ], [ -122.069709179378236, 36.944416968707344 ], [ -122.058905556815901, 36.944024041183255 ], [ -122.048285063031045, 36.945126432526472 ], [ -122.032499258910249, 36.944336776496691 ], [ -122.022069531458399, 36.947510487807428 ], [ -122.014554370915633, 36.953308639700722 ], [ -122.009228866208488, 36.953896072668499 ], [ -121.97813765745984, 36.947644054285995 ], [ -121.973315655362754, 36.947361797151935 ], [ -121.968882793366035, 36.949177560420054 ], [ -121.9503121012431, 36.959587653324085 ], [ -121.940591838993939, 36.963192484295746 ], [ -121.935441765706997, 36.963902022196201 ], [ -121.925027149880748, 36.963005644009975 ], [ -121.92016698547161, 36.961483646636601 ], [ -121.911041762270429, 36.956711639992044 ], [ -121.874144054330387, 36.926126430371852 ], [ -121.867368792815014, 36.919607324835376 ], [ -121.85521450881339, 36.905199666749553 ], [ -121.844677738265517, 36.89077673979147 ], [ -121.832607366789361, 36.871429176801897 ], [ -121.824061962202705, 36.855179045053141 ], [ -121.805216349686106, 36.823834598951308 ], [ -121.797105898136394, 36.813382638094659 ], [ -121.793382550233915, 36.805307154423431 ], [ -121.794008163267677, 36.801282756228957 ], [ -121.796655650916932, 36.797468155004168 ], [ -121.80945813553339, 36.770209037032181 ], [ -121.816561241908232, 36.747062041591867 ], [ -121.816309411961768, 36.738978838942586 ], [ -121.813005650220518, 36.722369940980961 ], [ -121.813081898242146, 36.7143744736332 ], [ -121.814737435912562, 36.697021713836392 ], [ -121.818781075724701, 36.68105747880017 ], [ -121.826486943454199, 36.661457901701219 ], [ -121.839396238225532, 36.639077465596337 ], [ -121.847132671694993, 36.628053188531396 ], [ -121.852809118546489, 36.621751423813791 ], [ -121.862864985521185, 36.612523843291392 ], [ -121.867213888369577, 36.60972772386242 ], [ -121.880314019249681, 36.603689178215824 ], [ -121.885456439327882, 36.605287509937327 ], [ -121.893025128454212, 36.610860682238531 ], [ -121.894711318453275, 36.614919444147823 ], [ -121.900723561955147, 36.621762883330938 ], [ -121.909627428436522, 36.624494156893178 ], [ -121.913144737469523, 36.627542042069102 ], [ -121.918134571061032, 36.629819373143114 ], [ -121.918806012633738, 36.633691215720376 ], [ -121.926176340799657, 36.640038748251825 ], [ -121.931334024892934, 36.641808732708633 ], [ -121.936819771466602, 36.641705737478041 ], [ -121.941206832953412, 36.64035536115513 ], [ -121.943167629071155, 36.635949473520405 ], [ -121.943938163774163, 36.627740408798346 ], [ -121.945486959642409, 36.62376938858803 ], [ -121.951430439328902, 36.617715587400809 ], [ -121.951727965872053, 36.613748382139541 ], [ -121.955275762136409, 36.612680290188109 ], [ -121.959517893083159, 36.615766319901851 ], [ -121.963126722852721, 36.614202327453654 ], [ -121.965636791057904, 36.60192306851404 ], [ -121.968429231160698, 36.598817970446213 ], [ -121.969153959016452, 36.58743514726924 ], [ -121.973777539886555, 36.586420463383114 ], [ -121.982948390719741, 36.582735551815858 ], [ -121.981269832109163, 36.57934816890652 ], [ -121.974891365126297, 36.573130332720417 ], [ -121.972953398239426, 36.569792538617655 ], [ -121.963996120188597, 36.56609615983718 ], [ -121.95618328858248, 36.561541491910496 ], [ -121.951773320355016, 36.560057597681499 ], [ -121.948210272324886, 36.561800873784236 ], [ -121.943258605563926, 36.561446106365956 ], [ -121.938581597497759, 36.559809626460584 ], [ -121.936468147436244, 36.556166659338651 ], [ -121.93456829576715, 36.548236057257782 ], [ -121.937902444921207, 36.545439945661712 ], [ -121.93494207387667, 36.538298967968693 ], [ -121.930471059733904, 36.535479953110013 ], [ -121.928189757802912, 36.531844613230831 ], [ -121.928067649152112, 36.527392948628659 ], [ -121.930173422106364, 36.524963038985184 ], [ -121.935338714754565, 36.524955421578149 ], [ -121.93936716692842, 36.52258273621068 ], [ -121.944318830449333, 36.5228345127951 ], [ -121.948507537460131, 36.52453584346231 ], [ -121.952795415545651, 36.524345122294562 ], [ -121.956106679154018, 36.522197498731288 ], [ -121.955404719309271, 36.518493500797092 ], [ -121.951299930682708, 36.515746964019115 ], [ -121.948278550548096, 36.512229876110631 ], [ -121.944242437199946, 36.5104598816094 ], [ -121.940923469118871, 36.502937439606917 ], [ -121.940801381128622, 36.499305912262322 ], [ -121.944654406886812, 36.496685248623216 ], [ -121.94727148984272, 36.489673903118508 ], [ -121.942213132479964, 36.481930119197195 ], [ -121.940641474308833, 36.478336700316461 ], [ -121.940458424961676, 36.474178715281468 ], [ -121.938512913877545, 36.47057003627917 ], [ -121.93118090135178, 36.464134672625391 ], [ -121.929647399215639, 36.460194118387207 ], [ -121.930372276517161, 36.456371826297328 ], [ -121.932485753743322, 36.452469431140031 ], [ -121.932142486503011, 36.448071121095062 ], [ -121.927976733812187, 36.445286400718359 ], [ -121.923399051906941, 36.437931709187701 ], [ -121.918386545132066, 36.426583059931637 ], [ -121.919042822643803, 36.418564634950343 ], [ -121.91795191344886, 36.410282991072414 ], [ -121.915624927810043, 36.40661708762029 ], [ -121.915823360619299, 36.402737573145956 ], [ -121.908735505215901, 36.397164316071475 ], [ -121.906591634281966, 36.393441192486918 ], [ -121.907080000972698, 36.389184026853052 ], [ -121.905638062747286, 36.385190064729613 ], [ -121.905592350179148, 36.381184664683822 ], [ -121.908331449247441, 36.377701886530815 ], [ -121.908621442077092, 36.373604936181266 ], [ -121.906126604239901, 36.370198427582032 ], [ -121.906958296387117, 36.366437170317141 ], [ -121.909766059304886, 36.363038315783228 ], [ -121.908827681466448, 36.358842178375006 ], [ -121.904433125339963, 36.351739248156989 ], [ -121.901434728904633, 36.348634094789389 ], [ -121.897475073482866, 36.341039073360768 ], [ -121.896643517861946, 36.336553020780443 ], [ -121.896880101532318, 36.332635359004975 ], [ -121.899031716451375, 36.329091544562822 ], [ -121.898719095664973, 36.31735762759385 ], [ -121.904296548506721, 36.305455897797586 ], [ -121.901023483901184, 36.302747466268414 ], [ -121.89159332785907, 36.299188329132711 ], [ -121.887778561282218, 36.296518040437924 ], [ -121.879256446935827, 36.286393863481031 ], [ -121.870390890193718, 36.28286524373771 ], [ -121.863608260563325, 36.277131756855077 ], [ -121.855063166393236, 36.272832573892565 ], [ -121.846701288979034, 36.262895309240974 ], [ -121.842329655345324, 36.255590189525236 ], [ -121.839644134828717, 36.248574993461169 ], [ -121.831236298139558, 36.243730305041105 ], [ -121.827925043415988, 36.240701433108121 ], [ -121.810735519506167, 36.231710135325201 ], [ -121.805730494172522, 36.231126457410497 ], [ -121.795567853175768, 36.231469711649552 ], [ -121.787762754948687, 36.226422845153962 ], [ -121.778248627256929, 36.224046239378495 ], [ -121.765766574053416, 36.216466394787091 ], [ -121.761303249229741, 36.214593358628647 ], [ -121.754314517867698, 36.208745411919544 ], [ -121.748851635645067, 36.208176984460003 ], [ -121.744472078576777, 36.206605300693624 ], [ -121.740741059575498, 36.202943178279142 ], [ -121.723680626742222, 36.195744731379932 ], [ -121.719354479398419, 36.193295668487401 ], [ -121.716302522504705, 36.190072235935979 ], [ -121.712220531987455, 36.187546880211471 ], [ -121.705765644825917, 36.180985568180972 ], [ -121.700501020254009, 36.173806285970841 ], [ -121.69693786311241, 36.171029162665768 ], [ -121.693069510972933, 36.168278738597962 ], [ -121.683547415833502, 36.164467776477899 ], [ -121.67959513591903, 36.161934786658989 ], [ -121.674338145300908, 36.155064484879929 ], [ -121.663854687233069, 36.146157083972497 ], [ -121.646511971400642, 36.125816979029175 ], [ -121.638416671825496, 36.120430546806247 ], [ -121.634761962615755, 36.112389136990451 ], [ -121.626941343059855, 36.101498101647628 ], [ -121.623492642631263, 36.09367412659163 ], [ -121.621562288106531, 36.085346628979543 ], [ -121.612429334892155, 36.075245207337964 ], [ -121.610262453119716, 36.071792881774492 ], [ -121.597436643542224, 36.064106106807756 ], [ -121.596086159802127, 36.059719188982321 ], [ -121.596017497353657, 36.051818952780266 ], [ -121.594407597746724, 36.048179711165602 ], [ -121.588006142748071, 36.041736601865864 ], [ -121.583115403768915, 36.034412315744397 ], [ -121.579979536311171, 36.02615726585806 ], [ -121.577888956134217, 36.022811745944367 ], [ -121.574302922057413, 36.019599718533641 ], [ -121.569931011153727, 36.017162062912078 ], [ -121.554633128781347, 36.016890997967657 ], [ -121.549574528541868, 36.015952508177918 ], [ -121.540571291490608, 36.012469554075736 ], [ -121.535650028302157, 36.01214904710929 ], [ -121.53099581271988, 36.01052772990549 ], [ -121.522892903847321, 36.005682935828673 ], [ -121.513294536978762, 36.003683887552569 ], [ -121.505702819134683, 35.997988459505088 ], [ -121.495562739014076, 35.983710391913384 ], [ -121.48977932491762, 35.971351148238035 ], [ -121.486315335982866, 35.954273144802819 ], [ -121.479623963827109, 35.938011536893711 ], [ -121.47934927269101, 35.933678123748741 ], [ -121.47532072594737, 35.9260413227871 ], [ -121.476846657601357, 35.921719313425093 ], [ -121.474626382874106, 35.918339598144875 ], [ -121.475244375605158, 35.914490622600269 ], [ -121.468400453225513, 35.907777013166232 ], [ -121.465829166424044, 35.894811128080804 ], [ -121.466187745838937, 35.890595951518698 ], [ -121.460846884524287, 35.883523723084657 ], [ -121.453026357326166, 35.87745097016024 ], [ -121.447120893746359, 35.870176565264252 ], [ -121.438751028439, 35.864923957182391 ], [ -121.424513875304967, 35.858260027019888 ], [ -121.41953163927522, 35.856940245933643 ], [ -121.415274224964591, 35.854456984585433 ], [ -121.412466459324904, 35.850852191314445 ], [ -121.408231910172162, 35.84278046787032 ], [ -121.40510369485321, 35.839133714734608 ], [ -121.398183480163624, 35.832854911178266 ], [ -121.387204203341099, 35.818843861772017 ], [ -121.381947297640295, 35.817680469234993 ], [ -121.378872492672954, 35.814384652047387 ], [ -121.377338895034356, 35.810360212510275 ], [ -121.368122143968989, 35.808433940176101 ], [ -121.359416574072583, 35.803524594269597 ], [ -121.337435173526046, 35.784142578143459 ], [ -121.334734225197209, 35.780324130571422 ], [ -121.330904055498564, 35.772103568985976 ], [ -121.329393311197734, 35.759042164491007 ], [ -121.322778288572778, 35.752381822570229 ], [ -121.323167368578154, 35.747979712143582 ], [ -121.320977519551477, 35.740037679619192 ], [ -121.322511042633906, 35.73592931077075 ], [ -121.321557264874642, 35.731687454350059 ], [ -121.322320181760247, 35.727491356788754 ], [ -121.320496559045267, 35.719389105373004 ], [ -121.323037211628389, 35.715482902975815 ], [ -121.320473563650495, 35.711729333430142 ], [ -121.312714031374398, 35.706144789750368 ], [ -121.309593413381705, 35.702463701886465 ], [ -121.30723570765339, 35.694205052318416 ], [ -121.299857654290207, 35.687842316483739 ], [ -121.294333701531144, 35.686709419926878 ], [ -121.292052357775489, 35.683081726894862 ], [ -121.292006521376635, 35.678813156471634 ], [ -121.289763319489666, 35.67465904362097 ], [ -121.288824801842736, 35.670314187891826 ], [ -121.289190969434586, 35.665866326127869 ], [ -121.287123260631859, 35.662341624944474 ], [ -121.282751435743904, 35.663783591324652 ], [ -121.277143579439397, 35.664298612863483 ], [ -121.266835748666921, 35.660987597680474 ], [ -121.261555955771698, 35.660316265722862 ], [ -121.246860887657746, 35.649124229444276 ], [ -121.242008306995729, 35.647071969840766 ], [ -121.23675900213405, 35.646972803478796 ], [ -121.232303175115248, 35.645168493912884 ], [ -121.221682498181295, 35.645698756459993 ], [ -121.217249556284614, 35.643471022451529 ], [ -121.211771276260109, 35.636616140774954 ], [ -121.206453314467808, 35.637329491419202 ], [ -121.201913566656273, 35.635895201305786 ], [ -121.193436806556875, 35.631332922079174 ], [ -121.186829473515644, 35.637676675436282 ], [ -121.181816691329914, 35.637348630310214 ], [ -121.172500662016461, 35.633377621376532 ], [ -121.168548398491069, 35.630844715025503 ], [ -121.162352934110643, 35.62452006849206 ], [ -121.142881434770231, 35.599408383999041 ], [ -121.130162491617455, 35.591329021780567 ], [ -121.126492478530423, 35.582761362852494 ], [ -121.119282218568699, 35.571328922443719 ], [ -121.113750560282455, 35.564634253269809 ], [ -121.108562195541154, 35.552713534047896 ], [ -121.099917551857459, 35.541674003615796 ], [ -121.089632521644901, 35.531836086640695 ], [ -121.081293126870619, 35.526320145453624 ], [ -121.064927118345793, 35.509497646296644 ], [ -121.053436609420999, 35.500556169910105 ], [ -121.043586508086463, 35.490817409196524 ], [ -121.039863160045428, 35.487723741623434 ], [ -121.035277657709273, 35.485991903756535 ], [ -121.027899635881212, 35.480311915358349 ], [ -121.011983842143735, 35.463275748089075 ], [ -121.007955309126459, 35.460140118644539 ], [ -121.003598703058742, 35.458080219544193 ], [ -120.998341786677159, 35.457511842237146 ], [ -120.993092499000596, 35.458007745023991 ], [ -120.983478955429462, 35.454181652835643 ], [ -120.978077071302906, 35.454368568997346 ], [ -120.973079569246465, 35.455482444551713 ], [ -120.968089689532533, 35.454791992071534 ], [ -120.951693257524937, 35.443969828908969 ], [ -120.936342135744241, 35.439140474326337 ], [ -120.926492099488627, 35.441143160141166 ], [ -120.910431422313749, 35.44233332268935 ], [ -120.905823036434967, 35.440708278275252 ], [ -120.890563487384227, 35.427814740207502 ], [ -120.879744483516333, 35.413097793946676 ], [ -120.872603047013968, 35.391956967155643 ], [ -120.871313633997758, 35.378434012362206 ], [ -120.871748544926319, 35.365292526063591 ], [ -120.870176833331072, 35.352223513615769 ], [ -120.871992726317657, 35.339314724924897 ], [ -120.88020996954495, 35.314408867628096 ], [ -120.894149478785408, 35.281919509151507 ], [ -120.896911434366018, 35.27785691420469 ], [ -120.90059658406409, 35.274809021142779 ], [ -120.900726287742728, 35.270773118914057 ], [ -120.899612348993969, 35.266371004809741 ], [ -120.903007564912301, 35.258283955341625 ], [ -120.902038590730655, 35.253919988342432 ], [ -120.899337675113529, 35.250200689629629 ], [ -120.899276651381541, 35.246286830524134 ], [ -120.896682567794272, 35.242571321385469 ], [ -120.88920548924159, 35.236174069316881 ], [ -120.887290451445907, 35.232283087168398 ], [ -120.879553963383046, 35.22688146306848 ], [ -120.876341878849729, 35.223127802035684 ], [ -120.865400938343853, 35.214834631540846 ], [ -120.863852129887292, 35.210993239973405 ], [ -120.860388266867815, 35.20770115226486 ], [ -120.842489063213947, 35.198995953884875 ], [ -120.833753101017649, 35.193876602737724 ], [ -120.830594430726009, 35.190573070081903 ], [ -120.815075678861234, 35.186163210055192 ], [ -120.796634798703678, 35.176725576381969 ], [ -120.791210098379736, 35.176214377460205 ], [ -120.780688840681947, 35.166593678878733 ], [ -120.766940220525242, 35.158895559679578 ], [ -120.756785137219637, 35.156797420411436 ], [ -120.75236757207901, 35.154710759449095 ], [ -120.749742940886762, 35.156484584106387 ], [ -120.751162033643311, 35.160432783918623 ], [ -120.746103466426092, 35.167856175881028 ], [ -120.742219913332022, 35.170873601327798 ], [ -120.737054586585373, 35.171682325175105 ], [ -120.721406035038171, 35.171438216297283 ], [ -120.712502187986757, 35.167375595940072 ], [ -120.707069835121786, 35.166551635829265 ], [ -120.691848644788948, 35.155019886613715 ], [ -120.68711823775871, 35.152826456814758 ], [ -120.681777452164596, 35.150751284303659 ], [ -120.661642662924081, 35.146120317366744 ], [ -120.652967715775162, 35.141023932526082 ], [ -120.649786150251714, 35.13781961329498 ], [ -120.641317298711883, 35.121794185835689 ], [ -120.637708585156687, 35.104956221505155 ], [ -120.637060247689902, 35.082850181162648 ], [ -120.638304113497668, 35.056906568409538 ], [ -120.643904666524108, 35.017275869885701 ], [ -120.647414478103883, 35.000868924100729 ], [ -120.654777041098399, 34.976531562421158 ], [ -120.656730226912671, 34.972350722385592 ], [ -120.666435044923688, 34.938194527530541 ], [ -120.670158300622248, 34.92966119511587 ], [ -120.668639963897107, 34.925404085057146 ], [ -120.669181650818629, 34.921169850985628 ], [ -120.673561016010112, 34.904293937675646 ], [ -120.672187649246695, 34.900994296648577 ], [ -120.667953144128049, 34.898575848117588 ], [ -120.652380895807241, 34.898667480133362 ], [ -120.647749649051292, 34.89684792860178 ], [ -120.645361527560283, 34.892926507368266 ], [ -120.644201788046871, 34.888577841684594 ], [ -120.643888925617574, 34.880178040721859 ], [ -120.626485491986941, 34.869409438224857 ], [ -120.623067363607191, 34.866159393229061 ], [ -120.618916760858852, 34.858575936196225 ], [ -120.616887213858575, 34.850038812279891 ], [ -120.618550425515878, 34.837107223191175 ], [ -120.62453959538631, 34.807021247029809 ], [ -120.63000238279308, 34.790477198081234 ], [ -120.640157416677667, 34.769489100639596 ], [ -120.642194505447037, 34.761203730583546 ], [ -120.644048503567205, 34.757213628471632 ], [ -120.643590699527053, 34.753105279421746 ], [ -120.639653755819865, 34.750332057839245 ], [ -120.637570825287639, 34.746998080080317 ], [ -120.635258974080571, 34.738922521605403 ], [ -120.632016324676272, 34.734982019442761 ], [ -120.620068161074371, 34.727627442133304 ], [ -120.613468398514982, 34.716153051215471 ], [ -120.610111257723645, 34.703984389200563 ], [ -120.611667643831495, 34.691472403739461 ], [ -120.619327719485, 34.667196102603164 ], [ -120.630039648147431, 34.639559127446844 ], [ -120.645451415739714, 34.604949041020831 ], [ -120.64709941521231, 34.602721302603683 ], [ -120.646405089471202, 34.598967710169248 ], [ -120.650227457872688, 34.582160480027049 ], [ -120.652043297682454, 34.578033060334207 ], [ -120.650250305185537, 34.575618398501923 ], [ -120.645542777028524, 34.57407727819934 ], [ -120.643436959139976, 34.570319866681295 ], [ -120.640964890840493, 34.562473174773196 ], [ -120.625178994405402, 34.550602008464075 ], [ -120.620791915940188, 34.549182952742029 ], [ -120.590494444260486, 34.551769174462756 ], [ -120.58526047660888, 34.551341919063262 ], [ -120.576181132992673, 34.548343588567022 ], [ -120.559052437421357, 34.538806945104213 ], [ -120.544037202639089, 34.536098499777772 ], [ -120.526176070118737, 34.527782522796144 ], [ -120.522757959047411, 34.525108447628888 ], [ -120.516890698840456, 34.5178758676917 ], [ -120.507155179159909, 34.508056941960298 ], [ -120.504782332305993, 34.504509315291394 ], [ -120.503882012509393, 34.500564972317598 ], [ -120.49911335064678, 34.492657286955144 ], [ -120.495321306866771, 34.489598013625944 ], [ -120.493459592634281, 34.48578342390482 ], [ -120.485471126641556, 34.480343881860598 ], [ -120.48246494228394, 34.476868805537379 ], [ -120.479237440016149, 34.469121365537944 ], [ -120.477451910749124, 34.456632344690583 ], [ -120.474102326844175, 34.449041304083458 ], [ -120.470623089465988, 34.445890473820718 ], [ -120.466312209763217, 34.443475873181093 ], [ -120.457362386807773, 34.440321290254687 ], [ -120.452280922796774, 34.440164949071765 ], [ -120.447367329203828, 34.441023293251881 ], [ -120.438295527358633, 34.444868528001869 ], [ -120.433595572285256, 34.445818420853207 ], [ -120.423463158635329, 34.445006024097069 ], [ -120.418099408747082, 34.445868188582459 ], [ -120.409638005624458, 34.449927036462554 ], [ -120.385184464899325, 34.451365428434116 ], [ -120.380743934675209, 34.452643376212436 ], [ -120.370817562374853, 34.453658178940877 ], [ -120.360448642483917, 34.453677371832221 ], [ -120.350705406017099, 34.455600051837706 ], [ -120.341030799097851, 34.455546759171966 ], [ -120.331562249640868, 34.45794626392756 ], [ -120.327915234507785, 34.459613294689987 ], [ -120.307917573446204, 34.463103904055266 ], [ -120.30245463026607, 34.463191704002007 ], [ -120.294077201803361, 34.467605317302933 ], [ -120.289270408082203, 34.467036995132965 ], [ -120.278786971118436, 34.46387098244805 ], [ -120.273545315984819, 34.464881918180573 ], [ -120.268860597891603, 34.464321223546698 ], [ -120.263634131281464, 34.462528412425897 ], [ -120.257919390180234, 34.462070724408996 ], [ -120.247588727801755, 34.464004857933823 ], [ -120.237410715226645, 34.464012605190277 ], [ -120.223082225519931, 34.466946213697703 ] ] } },
{ "type": "Feature", "properties": { "year": 2013 }, "geometry": { "type": "LineString", "coordinates": [ [ -122.373376707782072, 37.1728626347155 ], [ -122.367646846422616, 37.165740740903232 ], [ -122.366059899727972, 37.161449305169342 ], [ -122.364709506146369, 37.153186870396269 ], [ -122.365480143158834, 37.148582649707791 ], [ -122.362222279170567, 37.145931485514701 ], [ -122.34774877447127, 37.140220958467623 ], [ -122.340615060809185, 37.133484341772395 ], [ -122.340172576737785, 37.129196729776851 ], [ -122.342331857027972, 37.120816063572434 ], [ -122.342156411069396, 37.116661963637881 ], [ -122.339531828377019, 37.113003751753268 ], [ -122.335503370507325, 37.110669200660368 ], [ -122.330162597500333, 37.109238704745948 ], [ -122.315536425492496, 37.113930601356948 ], [ -122.310226156719693, 37.113953467246525 ], [ -122.300979009098228, 37.109852738719717 ], [ -122.292784781605064, 37.104039262859089 ], [ -122.282408510460485, 37.094460776631706 ], [ -122.277105971954356, 37.086370003966806 ], [ -122.265341170282696, 37.072175864177773 ], [ -122.254453805137885, 37.057298922913439 ], [ -122.250455889666526, 37.054613440007984 ], [ -122.236905767533543, 37.041201302880296 ], [ -122.233998912356526, 37.037443921908498 ], [ -122.227712216982596, 37.025897132516405 ], [ -122.223737201338906, 37.022723379796588 ], [ -122.218655867379908, 37.020785551770409 ], [ -122.214467216258029, 37.018012329857918 ], [ -122.207943941382908, 37.011210888712938 ], [ -122.198612924060711, 37.006301476157979 ], [ -122.190502661695021, 37.000888539174525 ], [ -122.183101851937835, 36.994953003180086 ], [ -122.174671020919533, 36.989746053086044 ], [ -122.17103926502412, 36.986114546885112 ], [ -122.162249849992264, 36.982246520949793 ], [ -122.155955303200088, 36.974933924484766 ], [ -122.146181666642121, 36.971939440534825 ], [ -122.133508701507424, 36.963596890131186 ], [ -122.118417161145942, 36.958653138923573 ], [ -122.109627732293944, 36.954109937960318 ], [ -122.08976000740968, 36.948693170638954 ], [ -122.079665934223598, 36.947262675515141 ], [ -122.069709179378236, 36.944416968707344 ], [ -122.058905556815901, 36.944024041183255 ], [ -122.048285063031045, 36.945126432526472 ], [ -122.032499258910249, 36.944336776496691 ], [ -122.022069531458399, 36.947510487807428 ], [ -122.014554370915633, 36.953308639700722 ], [ -122.009228866208488, 36.953896072668499 ], [ -121.97813765745984, 36.947644054285995 ], [ -121.973315655362754, 36.947361797151935 ], [ -121.968882793366035, 36.949177560420054 ], [ -121.9503121012431, 36.959587653324085 ], [ -121.940591838993939, 36.963192484295746 ], [ -121.935441765706997, 36.963902022196201 ], [ -121.925027149880748, 36.963005644009975 ], [ -121.92016698547161, 36.961483646636601 ], [ -121.911041762270429, 36.956711639992044 ], [ -121.874144054330387, 36.926126430371852 ], [ -121.867368792815014, 36.919607324835376 ], [ -121.85521450881339, 36.905199666749553 ], [ -121.844677738265517, 36.89077673979147 ], [ -121.832607366789361, 36.871429176801897 ], [ -121.824061962202705, 36.855179045053141 ], [ -121.805216349686106, 36.823834598951308 ], [ -121.797105898136394, 36.813382638094659 ], [ -121.793382550233915, 36.805307154423431 ], [ -121.794008163267677, 36.801282756228957 ], [ -121.796655650916932, 36.797468155004168 ], [ -121.80945813553339, 36.770209037032181 ], [ -121.816561241908232, 36.747062041591867 ], [ -121.816309411961768, 36.738978838942586 ], [ -121.813005650220518, 36.722369940980961 ], [ -121.813081898242146, 36.7143744736332 ], [ -121.814737435912562, 36.697021713836392 ], [ -121.818781075724701, 36.68105747880017 ], [ -121.826486943454199, 36.661457901701219 ], [ -121.839396238225532, 36.639077465596337 ], [ -121.847132671694993, 36.628053188531396 ], [ -121.852809118546489, 36.621751423813791 ], [ -121.862864985521185, 36.612523843291392 ], [ -121.867213888369577, 36.60972772386242 ], [ -121.880314019249681, 36.603689178215824 ], [ -121.885456439327882, 36.605287509937327 ], [ -121.893025128454212, 36.610860682238531 ], [ -121.894711318453275, 36.614919444147823 ], [ -121.900723561955147, 36.621762883330938 ], [ -121.909627428436522, 36.624494156893178 ], [ -121.913144737469523, 36.627542042069102 ], [ -121.918134571061032, 36.629819373143114 ], [ -121.918806012633738, 36.633691215720376 ], [ -121.926176340799657, 36.640038748251825 ], [ -121.931334024892934, 36.641808732708633 ], [ -121.936819771466602, 36.641705737478041 ], [ -121.941206832953412, 36.64035536115513 ], [ -121.943167629071155, 36.635949473520405 ], [ -121.943938163774163, 36.627740408798346 ], [ -121.945486959642409, 36.62376938858803 ], [ -121.951430439328902, 36.617715587400809 ], [ -121.951727965872053, 36.613748382139541 ], [ -121.955275762136409, 36.612680290188109 ], [ -121.959517893083159, 36.615766319901851 ], [ -121.963126722852721, 36.614202327453654 ], [ -121.965636791057904, 36.60192306851404 ], [ -121.968429231160698, 36.598817970446213 ], [ -121.969153959016452, 36.58743514726924 ], [ -121.973777539886555, 36.586420463383114 ], [ -121.982948390719741, 36.582735551815858 ], [ -121.981269832109163, 36.57934816890652 ], [ -121.974891365126297, 36.573130332720417 ], [ -121.972953398239426, 36.569792538617655 ], [ -121.963996120188597, 36.56609615983718 ], [ -121.95618328858248, 36.561541491910496 ], [ -121.951773320355016, 36.560057597681499 ], [ -121.948210272324886, 36.561800873784236 ], [ -121.943258605563926, 36.561446106365956 ], [ -121.938581597497759, 36.559809626460584 ], [ -121.936468147436244, 36.556166659338651 ], [ -121.93456829576715, 36.548236057257782 ], [ -121.937902444921207, 36.545439945661712 ], [ -121.93494207387667, 36.538298967968693 ], [ -121.930471059733904, 36.535479953110013 ], [ -121.928189757802912, 36.531844613230831 ], [ -121.928067649152112, 36.527392948628659 ], [ -121.930173422106364, 36.524963038985184 ], [ -121.935338714754565, 36.524955421578149 ], [ -121.93936716692842, 36.52258273621068 ], [ -121.944318830449333, 36.5228345127951 ], [ -121.948507537460131, 36.52453584346231 ], [ -121.952795415545651, 36.524345122294562 ], [ -121.956106679154018, 36.522197498731288 ], [ -121.955404719309271, 36.518493500797092 ], [ -121.951299930682708, 36.515746964019115 ], [ -121.948278550548096, 36.512229876110631 ], [ -121.944242437199946, 36.5104598816094 ], [ -121.940923469118871, 36.502937439606917 ], [ -121.940801381128622, 36.499305912262322 ], [ -121.944654406886812, 36.496685248623216 ], [ -121.94727148984272, 36.489673903118508 ], [ -121.942213132479964, 36.481930119197195 ], [ -121.940641474308833, 36.478336700316461 ], [ -121.940458424961676, 36.474178715281468 ], [ -121.938512913877545, 36.47057003627917 ], [ -121.93118090135178, 36.464134672625391 ], [ -121.929647399215639, 36.460194118387207 ], [ -121.930372276517161, 36.456371826297328 ], [ -121.932485753743322, 36.452469431140031 ], [ -121.932142486503011, 36.448071121095062 ], [ -121.927976733812187, 36.445286400718359 ], [ -121.923399051906941, 36.437931709187701 ], [ -121.918386545132066, 36.426583059931637 ], [ -121.919042822643803, 36.418564634950343 ], [ -121.91795191344886, 36.410282991072414 ], [ -121.915624927810043, 36.40661708762029 ], [ -121.915823360619299, 36.402737573145956 ], [ -121.908735505215901, 36.397164316071475 ], [ -121.906591634281966, 36.393441192486918 ], [ -121.907080000972698, 36.389184026853052 ], [ -121.905638062747286, 36.385190064729613 ], [ -121.905592350179148, 36.381184664683822 ], [ -121.908331449247441, 36.377701886530815 ], [ -121.908621442077092, 36.373604936181266 ], [ -121.906126604239901, 36.370198427582032 ], [ -121.906958296387117, 36.366437170317141 ], [ -121.909766059304886, 36.363038315783228 ], [ -121.908827681466448, 36.358842178375006 ], [ -121.904433125339963, 36.351739248156989 ], [ -121.901434728904633, 36.348634094789389 ], [ -121.897475073482866, 36.341039073360768 ], [ -121.896643517861946, 36.336553020780443 ], [ -121.896880101532318, 36.332635359004975 ], [ -121.899031716451375, 36.329091544562822 ], [ -121.898719095664973, 36.31735762759385 ], [ -121.904296548506721, 36.305455897797586 ], [ -121.901023483901184, 36.302747466268414 ], [ -121.89159332785907, 36.299188329132711 ], [ -121.887778561282218, 36.296518040437924 ], [ -121.879256446935827, 36.286393863481031 ], [ -121.870390890193718, 36.28286524373771 ], [ -121.863608260563325, 36.277131756855077 ], [ -121.855063166393236, 36.272832573892565 ], [ -121.846701288979034, 36.262895309240974 ], [ -121.842329655345324, 36.255590189525236 ], [ -121.839644134828717, 36.248574993461169 ], [ -121.831236298139558, 36.243730305041105 ], [ -121.827925043415988, 36.240701433108121 ], [ -121.810735519506167, 36.231710135325201 ], [ -121.805730494172522, 36.231126457410497 ], [ -121.795567853175768, 36.231469711649552 ], [ -121.787762754948687, 36.226422845153962 ], [ -121.778248627256929, 36.224046239378495 ], [ -121.765766574053416, 36.216466394787091 ], [ -121.761303249229741, 36.214593358628647 ], [ -121.754314517867698, 36.208745411919544 ], [ -121.748851635645067, 36.208176984460003 ], [ -121.744472078576777, 36.206605300693624 ], [ -121.740741059575498, 36.202943178279142 ], [ -121.723680626742222, 36.195744731379932 ], [ -121.719354479398419, 36.193295668487401 ], [ -121.716302522504705, 36.190072235935979 ], [ -121.712220531987455, 36.187546880211471 ], [ -121.705765644825917, 36.180985568180972 ], [ -121.700501020254009, 36.173806285970841 ], [ -121.69693786311241, 36.171029162665768 ], [ -121.693069510972933, 36.168278738597962 ], [ -121.683547415833502, 36.164467776477899 ], [ -121.67959513591903, 36.161934786658989 ], [ -121.674338145300908, 36.155064484879929 ], [ -121.663854687233069, 36.146157083972497 ], [ -121.646511971400642, 36.125816979029175 ], [ -121.638416671825496, 36.120430546806247 ], [ -121.634761962615755, 36.112389136990451 ], [ -121.626941343059855, 36.101498101647628 ], [ -121.623492642631263, 36.09367412659163 ], [ -121.621562288106531, 36.085346628979543 ], [ -121.612429334892155, 36.075245207337964 ], [ -121.610262453119716, 36.071792881774492 ], [ -121.597436643542224, 36.064106106807756 ], [ -121.596086159802127, 36.059719188982321 ], [ -121.596017497353657, 36.051818952780266 ], [ -121.594407597746724, 36.048179711165602 ], [ -121.588006142748071, 36.041736601865864 ], [ -121.583115403768915, 36.034412315744397 ], [ -121.579979536311171, 36.02615726585806 ], [ -121.577888956134217, 36.022811745944367 ], [ -121.574302922057413, 36.019599718533641 ], [ -121.569931011153727, 36.017162062912078 ], [ -121.554633128781347, 36.016890997967657 ], [ -121.549574528541868, 36.015952508177918 ], [ -121.540571291490608, 36.012469554075736 ], [ -121.535650028302157, 36.01214904710929 ], [ -121.53099581271988, 36.01052772990549 ], [ -121.522892903847321, 36.005682935828673 ], [ -121.513294536978762, 36.003683887552569 ], [ -121.505702819134683, 35.997988459505088 ], [ -121.495562739014076, 35.983710391913384 ], [ -121.48977932491762, 35.971351148238035 ], [ -121.486315335982866, 35.954273144802819 ], [ -121.479623963827109, 35.938011536893711 ], [ -121.47934927269101, 35.933678123748741 ], [ -121.47532072594737, 35.9260413227871 ], [ -121.476846657601357, 35.921719313425093 ], [ -121.474626382874106, 35.918339598144875 ], [ -121.475244375605158, 35.914490622600269 ], [ -121.468400453225513, 35.907777013166232 ], [ -121.465829166424044, 35.894811128080804 ], [ -121.466187745838937, 35.890595951518698 ], [ -121.460846884524287, 35.883523723084657 ], [ -121.453026357326166, 35.87745097016024 ], [ -121.447120893746359, 35.870176565264252 ], [ -121.438751028439, 35.864923957182391 ], [ -121.424513875304967, 35.858260027019888 ], [ -121.41953163927522, 35.856940245933643 ], [ -121.415274224964591, 35.854456984585433 ], [ -121.412466459324904, 35.850852191314445 ], [ -121.408231910172162, 35.84278046787032 ], [ -121.40510369485321, 35.839133714734608 ], [ -121.398183480163624, 35.832854911178266 ], [ -121.387204203341099, 35.818843861772017 ], [ -121.381947297640295, 35.817680469234993 ], [ -121.378872492672954, 35.814384652047387 ], [ -121.377338895034356, 35.810360212510275 ], [ -121.368122143968989, 35.808433940176101 ], [ -121.359416574072583, 35.803524594269597 ], [ -121.337435173526046, 35.784142578143459 ], [ -121.334734225197209, 35.780324130571422 ], [ -121.330904055498564, 35.772103568985976 ], [ -121.329393311197734, 35.759042164491007 ], [ -121.322778288572778, 35.752381822570229 ], [ -121.323167368578154, 35.747979712143582 ], [ -121.320977519551477, 35.740037679619192 ], [ -121.322511042633906, 35.73592931077075 ], [ -121.321557264874642, 35.731687454350059 ], [ -121.322320181760247, 35.727491356788754 ], [ -121.320496559045267, 35.719389105373004 ], [ -121.323037211628389, 35.715482902975815 ], [ -121.320473563650495, 35.711729333430142 ], [ -121.312714031374398, 35.706144789750368 ], [ -121.309593413381705, 35.702463701886465 ], [ -121.30723570765339, 35.694205052318416 ], [ -121.299857654290207, 35.687842316483739 ], [ -121.294333701531144, 35.686709419926878 ], [ -121.292052357775489, 35.683081726894862 ], [ -121.292006521376635, 35.678813156471634 ], [ -121.289763319489666, 35.67465904362097 ], [ -121.288824801842736, 35.670314187891826 ], [ -121.289190969434586, 35.665866326127869 ], [ -121.287123260631859, 35.662341624944474 ], [ -121.282751435743904, 35.663783591324652 ], [ -121.277143579439397, 35.664298612863483 ], [ -121.266835748666921, 35.660987597680474 ], [ -121.261555955771698, 35.660316265722862 ], [ -121.246860887657746, 35.649124229444276 ], [ -121.242008306995729, 35.647071969840766 ], [ -121.23675900213405, 35.646972803478796 ], [ -121.232303175115248, 35.645168493912884 ], [ -121.221682498181295, 35.645698756459993 ], [ -121.217249556284614, 35.643471022451529 ], [ -121.211771276260109, 35.636616140774954 ], [ -121.206453314467808, 35.637329491419202 ], [ -121.201913566656273, 35.635895201305786 ], [ -121.193436806556875, 35.631332922079174 ], [ -121.186829473515644, 35.637676675436282 ], [ -121.181816691329914, 35.637348630310214 ], [ -121.172500662016461, 35.633377621376532 ], [ -121.168548398491069, 35.630844715025503 ], [ -121.162352934110643, 35.62452006849206 ], [ -121.142881434770231, 35.599408383999041 ], [ -121.130162491617455, 35.591329021780567 ], [ -121.126492478530423, 35.582761362852494 ], [ -121.119282218568699, 35.571328922443719 ], [ -121.113750560282455, 35.564634253269809 ], [ -121.108562195541154, 35.552713534047896 ], [ -121.099917551857459, 35.541674003615796 ], [ -121.089632521644901, 35.531836086640695 ], [ -121.081293126870619, 35.526320145453624 ], [ -121.064927118345793, 35.509497646296644 ], [ -121.053436609420999, 35.500556169910105 ], [ -121.043586508086463, 35.490817409196524 ], [ -121.039863160045428, 35.487723741623434 ], [ -121.035277657709273, 35.485991903756535 ], [ -121.027899635881212, 35.480311915358349 ], [ -121.011983842143735, 35.463275748089075 ], [ -121.007955309126459, 35.460140118644539 ], [ -121.003598703058742, 35.458080219544193 ], [ -120.998341786677159, 35.457511842237146 ], [ -120.993092499000596, 35.458007745023991 ], [ -120.983478955429462, 35.454181652835643 ], [ -120.978077071302906, 35.454368568997346 ], [ -120.973079569246465, 35.455482444551713 ], [ -120.968089689532533, 35.454791992071534 ], [ -120.951693257524937, 35.443969828908969 ], [ -120.936342135744241, 35.439140474326337 ], [ -120.926492099488627, 35.441143160141166 ], [ -120.910431422313749, 35.44233332268935 ], [ -120.905823036434967, 35.440708278275252 ], [ -120.890563487384227, 35.427814740207502 ], [ -120.879744483516333, 35.413097793946676 ], [ -120.872603047013968, 35.391956967155643 ], [ -120.871313633997758, 35.378434012362206 ], [ -120.871748544926319, 35.365292526063591 ], [ -120.870176833331072, 35.352223513615769 ], [ -120.871992726317657, 35.339314724924897 ], [ -120.88020996954495, 35.314408867628096 ], [ -120.894149478785408, 35.281919509151507 ], [ -120.896911434366018, 35.27785691420469 ], [ -120.90059658406409, 35.274809021142779 ], [ -120.900726287742728, 35.270773118914057 ], [ -120.899612348993969, 35.266371004809741 ], [ -120.903007564912301, 35.258283955341625 ], [ -120.902038590730655, 35.253919988342432 ], [ -120.899337675113529, 35.250200689629629 ], [ -120.899276651381541, 35.246286830524134 ], [ -120.896682567794272, 35.242571321385469 ], [ -120.88920548924159, 35.236174069316881 ], [ -120.887290451445907, 35.232283087168398 ], [ -120.879553963383046, 35.22688146306848 ], [ -120.876341878849729, 35.223127802035684 ], [ -120.865400938343853, 35.214834631540846 ], [ -120.863852129887292, 35.210993239973405 ], [ -120.860388266867815, 35.20770115226486 ], [ -120.842489063213947, 35.198995953884875 ], [ -120.833753101017649, 35.193876602737724 ], [ -120.830594430726009, 35.190573070081903 ], [ -120.815075678861234, 35.186163210055192 ], [ -120.796634798703678, 35.176725576381969 ], [ -120.791210098379736, 35.176214377460205 ], [ -120.780688840681947, 35.166593678878733 ], [ -120.766940220525242, 35.158895559679578 ], [ -120.756785137219637, 35.156797420411436 ], [ -120.75236757207901, 35.154710759449095 ], [ -120.749742940886762, 35.156484584106387 ], [ -120.751162033643311, 35.160432783918623 ], [ -120.746103466426092, 35.167856175881028 ], [ -120.742219913332022, 35.170873601327798 ], [ -120.737054586585373, 35.171682325175105 ], [ -120.721406035038171, 35.171438216297283 ], [ -120.712502187986757, 35.167375595940072 ], [ -120.707069835121786, 35.166551635829265 ], [ -120.691848644788948, 35.155019886613715 ], [ -120.68711823775871, 35.152826456814758 ], [ -120.681777452164596, 35.150751284303659 ], [ -120.661642662924081, 35.146120317366744 ], [ -120.652967715775162, 35.141023932526082 ], [ -120.649786150251714, 35.13781961329498 ], [ -120.641317298711883, 35.121794185835689 ], [ -120.637708585156687, 35.104956221505155 ], [ -120.637060247689902, 35.082850181162648 ], [ -120.638304113497668, 35.056906568409538 ], [ -120.643904666524108, 35.017275869885701 ], [ -120.647414478103883, 35.000868924100729 ], [ -120.654777041098399, 34.976531562421158 ], [ -120.656730226912671, 34.972350722385592 ], [ -120.666435044923688, 34.938194527530541 ], [ -120.670158300622248, 34.92966119511587 ], [ -120.668639963897107, 34.925404085057146 ], [ -120.669181650818629, 34.921169850985628 ], [ -120.673561016010112, 34.904293937675646 ], [ -120.672187649246695, 34.900994296648577 ], [ -120.667953144128049, 34.898575848117588 ], [ -120.652380895807241, 34.898667480133362 ], [ -120.647749649051292, 34.89684792860178 ], [ -120.645361527560283, 34.892926507368266 ], [ -120.644201788046871, 34.888577841684594 ], [ -120.643888925617574, 34.880178040721859 ], [ -120.626485491986941, 34.869409438224857 ], [ -120.623067363607191, 34.866159393229061 ], [ -120.618916760858852, 34.858575936196225 ], [ -120.616887213858575, 34.850038812279891 ], [ -120.618550425515878, 34.837107223191175 ], [ -120.62453959538631, 34.807021247029809 ], [ -120.63000238279308, 34.790477198081234 ], [ -120.640157416677667, 34.769489100639596 ], [ -120.642194505447037, 34.761203730583546 ], [ -120.644048503567205, 34.757213628471632 ], [ -120.643590699527053, 34.753105279421746 ], [ -120.639653755819865, 34.750332057839245 ], [ -120.637570825287639, 34.746998080080317 ], [ -120.635258974080571, 34.738922521605403 ], [ -120.632016324676272, 34.734982019442761 ], [ -120.620068161074371, 34.727627442133304 ], [ -120.613468398514982, 34.716153051215471 ], [ -120.610111257723645, 34.703984389200563 ], [ -120.611667643831495, 34.691472403739461 ], [ -120.619327719485, 34.667196102603164 ], [ -120.630039648147431, 34.639559127446844 ], [ -120.645451415739714, 34.604949041020831 ], [ -120.64709941521231, 34.602721302603683 ], [ -120.646405089471202, 34.598967710169248 ], [ -120.650227457872688, 34.582160480027049 ], [ -120.652043297682454, 34.578033060334207 ], [ -120.650250305185537, 34.575618398501923 ], [ -120.645542777028524, 34.57407727819934 ], [ -120.643436959139976, 34.570319866681295 ], [ -120.640964890840493, 34.562473174773196 ], [ -120.625178994405402, 34.550602008464075 ], [ -120.620791915940188, 34.549182952742029 ], [ -120.590494444260486, 34.551769174462756 ], [ -120.58526047660888, 34.551341919063262 ], [ -120.576181132992673, 34.548343588567022 ], [ -120.559052437421357, 34.538806945104213 ], [ -120.544037202639089, 34.536098499777772 ], [ -120.526176070118737, 34.527782522796144 ], [ -120.522757959047411, 34.525108447628888 ], [ -120.516890698840456, 34.5178758676917 ], [ -120.507155179159909, 34.508056941960298 ], [ -120.504782332305993, 34.504509315291394 ], [ -120.503882012509393, 34.500564972317598 ], [ -120.49911335064678, 34.492657286955144 ], [ -120.495321306866771, 34.489598013625944 ], [ -120.493459592634281, 34.48578342390482 ], [ -120.485471126641556, 34.480343881860598 ], [ -120.48246494228394, 34.476868805537379 ], [ -120.479237440016149, 34.469121365537944 ], [ -120.477451910749124, 34.456632344690583 ], [ -120.474102326844175, 34.449041304083458 ], [ -120.470623089465988, 34.445890473820718 ], [ -120.466312209763217, 34.443475873181093 ], [ -120.457362386807773, 34.440321290254687 ], [ -120.452280922796774, 34.440164949071765 ], [ -120.447367329203828, 34.441023293251881 ], [ -120.438295527358633, 34.444868528001869 ], [ -120.433595572285256, 34.445818420853207 ], [ -120.423463158635329, 34.445006024097069 ], [ -120.418099408747082, 34.445868188582459 ], [ -120.409638005624458, 34.449927036462554 ], [ -120.385184464899325, 34.451365428434116 ], [ -120.380743934675209, 34.452643376212436 ], [ -120.370817562374853, 34.453658178940877 ], [ -120.360448642483917, 34.453677371832221 ], [ -120.350705406017099, 34.455600051837706 ], [ -120.341030799097851, 34.455546759171966 ], [ -120.331562249640868, 34.45794626392756 ], [ -120.327915234507785, 34.459613294689987 ], [ -120.307917573446204, 34.463103904055266 ], [ -120.30245463026607, 34.463191704002007 ], [ -120.294077201803361, 34.467605317302933 ], [ -120.289270408082203, 34.467036995132965 ], [ -120.278786971118436, 34.46387098244805 ], [ -120.273545315984819, 34.464881918180573 ], [ -120.268860597891603, 34.464321223546698 ], [ -120.263634131281464, 34.462528412425897 ], [ -120.257919390180234, 34.462070724408996 ], [ -120.247588727801755, 34.464004857933823 ], [ -120.242179273522481, 34.463978218311453 ] ] } },
{ "type": "Feature", "properties": { "year": 2014 }, "geometry": { "type": "LineString", "coordinates": [ [ -122.370095955388237, 37.169536283357758 ], [ -122.367646846422616, 37.165740740903232 ], [ -122.365068068565463, 37.157474484770077 ], [ -122.365480143158834, 37.148582649707791 ], [ -122.362222279170567, 37.145931485514701 ], [ -122.34774877447127, 37.140220958467623 ], [ -122.340615060809185, 37.133484341772395 ], [ -122.340172576737785, 37.129196729776851 ], [ -122.342331857027972, 37.120816063572434 ], [ -122.342156411069396, 37.116661963637881 ], [ -122.339531828377019, 37.113003751753268 ], [ -122.335503370507325, 37.110669200660368 ], [ -122.330162597500333, 37.109238704745948 ], [ -122.315536425492496, 37.113930601356948 ], [ -122.310226156719693, 37.113953467246525 ], [ -122.300979009098228, 37.109852738719717 ], [ -122.292784781605064, 37.104039262859089 ], [ -122.282408510460485, 37.094460776631706 ], [ -122.277105971954356, 37.086370003966806 ], [ -122.265341170282696, 37.072175864177773 ], [ -122.254453805137885, 37.057298922913439 ], [ -122.250455889666526, 37.054613440007984 ], [ -122.236905767533543, 37.041201302880296 ], [ -122.233998912356526, 37.037443921908498 ], [ -122.227712216982596, 37.025897132516405 ], [ -122.223737201338906, 37.022723379796588 ], [ -122.218655867379908, 37.020785551770409 ], [ -122.214467216258029, 37.018012329857918 ], [ -122.207943941382908, 37.011210888712938 ], [ -122.198612924060711, 37.006301476157979 ], [ -122.190502661695021, 37.000888539174525 ], [ -122.183101851937835, 36.994953003180086 ], [ -122.174671020919533, 36.989746053086044 ], [ -122.17103926502412, 36.986114546885112 ], [ -122.162249849992264, 36.982246520949793 ], [ -122.155955303200088, 36.974933924484766 ], [ -122.146181666642121, 36.971939440534825 ], [ -122.133508701507424, 36.963596890131186 ], [ -122.118417161145942, 36.958653138923573 ], [ -122.109627732293944, 36.954109937960318 ], [ -122.08976000740968, 36.948693170638954 ], [ -122.079665934223598, 36.947262675515141 ], [ -122.069709179378236, 36.944416968707344 ], [ -122.06424632961982, 36.944119418183313 ], [ -122.048285063031045, 36.945126432526472 ], [ -122.032499258910249, 36.944336776496691 ], [ -122.022069531458399, 36.947510487807428 ], [ -122.014554370915633, 36.953308639700722 ], [ -122.009228866208488, 36.953896072668499 ], [ -121.97813765745984, 36.947644054285995 ], [ -121.973315655362754, 36.947361797151935 ], [ -121.968882793366035, 36.949177560420054 ], [ -121.9503121012431, 36.959587653324085 ], [ -121.940591838993939, 36.963192484295746 ], [ -121.935441765706997, 36.963902022196201 ], [ -121.925027149880748, 36.963005644009975 ], [ -121.92016698547161, 36.961483646636601 ], [ -121.911041762270429, 36.956711639992044 ], [ -121.899825955376429, 36.947934323664796 ], [ -121.870535161128615, 36.922906931876938 ], [ -121.85521450881339, 36.905199666749553 ], [ -121.839733616569021, 36.883101800848998 ], [ -121.807398471063962, 36.82740123664302 ], [ -121.797105898136394, 36.813382638094659 ], [ -121.793382550233915, 36.805307154423431 ], [ -121.794008163267677, 36.801282756228957 ], [ -121.796655650916932, 36.797468155004168 ], [ -121.80945813553339, 36.770209037032181 ], [ -121.816561241908232, 36.747062041591867 ], [ -121.816309411961768, 36.738978838942586 ], [ -121.813005650220518, 36.722369940980961 ], [ -121.813081898242146, 36.7143744736332 ], [ -121.814737435912562, 36.697021713836392 ], [ -121.818781075724701, 36.68105747880017 ], [ -121.822992594245292, 36.669434295839444 ], [ -121.834719283523356, 36.646161232932975 ], [ -121.847132671694993, 36.628053188531396 ], [ -121.856433196582671, 36.618161860109787 ], [ -121.867213888369577, 36.60972772386242 ], [ -121.880314019249681, 36.603689178215824 ], [ -121.885456439327882, 36.605287509937327 ], [ -121.893025128454212, 36.610860682238531 ], [ -121.894711318453275, 36.614919444147823 ], [ -121.900723561955147, 36.621762883330938 ], [ -121.909627428436522, 36.624494156893178 ], [ -121.913144737469523, 36.627542042069102 ], [ -121.918134571061032, 36.629819373143114 ], [ -121.918806012633738, 36.633691215720376 ], [ -121.926176340799657, 36.640038748251825 ], [ -121.931334024892934, 36.641808732708633 ], [ -121.936819771466602, 36.641705737478041 ], [ -121.941206832953412, 36.64035536115513 ], [ -121.943167629071155, 36.635949473520405 ], [ -121.943938163774163, 36.627740408798346 ], [ -121.945486959642409, 36.62376938858803 ], [ -121.951430439328902, 36.617715587400809 ], [ -121.951727965872053, 36.613748382139541 ], [ -121.955275762136409, 36.612680290188109 ], [ -121.959517893083159, 36.615766319901851 ], [ -121.963126722852721, 36.614202327453654 ], [ -121.965636791057904, 36.60192306851404 ], [ -121.968429231160698, 36.598817970446213 ], [ -121.969153959016452, 36.58743514726924 ], [ -121.973777539886555, 36.586420463383114 ], [ -121.982948390719741, 36.582735551815858 ], [ -121.981269832109163, 36.57934816890652 ], [ -121.974891365126297, 36.573130332720417 ], [ -121.972953398239426, 36.569792538617655 ], [ -121.963996120188597, 36.56609615983718 ], [ -121.95618328858248, 36.561541491910496 ], [ -121.951773320355016, 36.560057597681499 ], [ -121.948210272324886, 36.561800873784236 ], [ -121.943258605563926, 36.561446106365956 ], [ -121.938581597497759, 36.559809626460584 ], [ -121.936468147436244, 36.556166659338651 ], [ -121.93456829576715, 36.548236057257782 ], [ -121.937902444921207, 36.545439945661712 ], [ -121.93494207387667, 36.538298967968693 ], [ -121.930471059733904, 36.535479953110013 ], [ -121.928189757802912, 36.531844613230831 ], [ -121.928067649152112, 36.527392948628659 ], [ -121.930173422106364, 36.524963038985184 ], [ -121.935338714754565, 36.524955421578149 ], [ -121.93936716692842, 36.52258273621068 ], [ -121.944318830449333, 36.5228345127951 ], [ -121.948507537460131, 36.52453584346231 ], [ -121.952795415545651, 36.524345122294562 ], [ -121.956106679154018, 36.522197498731288 ], [ -121.955404719309271, 36.518493500797092 ], [ -121.951299930682708, 36.515746964019115 ], [ -121.948278550548096, 36.512229876110631 ], [ -121.944242437199946, 36.5104598816094 ], [ -121.940923469118871, 36.502937439606917 ], [ -121.940801381128622, 36.499305912262322 ], [ -121.944654406886812, 36.496685248623216 ], [ -121.94727148984272, 36.489673903118508 ], [ -121.942213132479964, 36.481930119197195 ], [ -121.940641474308833, 36.478336700316461 ], [ -121.940458424961676, 36.474178715281468 ], [ -121.938512913877545, 36.47057003627917 ], [ -121.93118090135178, 36.464134672625391 ], [ -121.929647399215639, 36.460194118387207 ], [ -121.930372276517161, 36.456371826297328 ], [ -121.932485753743322, 36.452469431140031 ], [ -121.932142486503011, 36.448071121095062 ], [ -121.927976733812187, 36.445286400718359 ], [ -121.923399051906941, 36.437931709187701 ], [ -121.918386545132066, 36.426583059931637 ], [ -121.919042822643803, 36.418564634950343 ], [ -121.91795191344886, 36.410282991072414 ], [ -121.915624927810043, 36.40661708762029 ], [ -121.915823360619299, 36.402737573145956 ], [ -121.908735505215901, 36.397164316071475 ], [ -121.906591634281966, 36.393441192486918 ], [ -121.907080000972698, 36.389184026853052 ], [ -121.905638062747286, 36.385190064729613 ], [ -121.905592350179148, 36.381184664683822 ], [ -121.908331449247441, 36.377701886530815 ], [ -121.908621442077092, 36.373604936181266 ], [ -121.906126604239901, 36.370198427582032 ], [ -121.906958296387117, 36.366437170317141 ], [ -121.909766059304886, 36.363038315783228 ], [ -121.908827681466448, 36.358842178375006 ], [ -121.904433125339963, 36.351739248156989 ], [ -121.901434728904633, 36.348634094789389 ], [ -121.897475073482866, 36.341039073360768 ], [ -121.896643517861946, 36.336553020780443 ], [ -121.896880101532318, 36.332635359004975 ], [ -121.899031716451375, 36.329091544562822 ], [ -121.898719095664973, 36.31735762759385 ], [ -121.904296548506721, 36.305455897797586 ], [ -121.901023483901184, 36.302747466268414 ], [ -121.89159332785907, 36.299188329132711 ], [ -121.887778561282218, 36.296518040437924 ], [ -121.879256446935827, 36.286393863481031 ], [ -121.870390890193718, 36.28286524373771 ], [ -121.863608260563325, 36.277131756855077 ], [ -121.855063166393236, 36.272832573892565 ], [ -121.846701288979034, 36.262895309240974 ], [ -121.842329655345324, 36.255590189525236 ], [ -121.839644134828717, 36.248574993461169 ], [ -121.831236298139558, 36.243730305041105 ], [ -121.827925043415988, 36.240701433108121 ], [ -121.810735519506167, 36.231710135325201 ], [ -121.805730494172522, 36.231126457410497 ], [ -121.795567853175768, 36.231469711649552 ], [ -121.787762754948687, 36.226422845153962 ], [ -121.778248627256929, 36.224046239378495 ], [ -121.765766574053416, 36.216466394787091 ], [ -121.761303249229741, 36.214593358628647 ], [ -121.754314517867698, 36.208745411919544 ], [ -121.748851635645067, 36.208176984460003 ], [ -121.744472078576777, 36.206605300693624 ], [ -121.740741059575498, 36.202943178279142 ], [ -121.723680626742222, 36.195744731379932 ], [ -121.719354479398419, 36.193295668487401 ], [ -121.716302522504705, 36.190072235935979 ], [ -121.712220531987455, 36.187546880211471 ], [ -121.705765644825917, 36.180985568180972 ], [ -121.700501020254009, 36.173806285970841 ], [ -121.69693786311241, 36.171029162665768 ], [ -121.693069510972933, 36.168278738597962 ], [ -121.683547415833502, 36.164467776477899 ], [ -121.67959513591903, 36.161934786658989 ], [ -121.674338145300908, 36.155064484879929 ], [ -121.663854687233069, 36.146157083972497 ], [ -121.646511971400642, 36.125816979029175 ], [ -121.638416671825496, 36.120430546806247 ], [ -121.634761962615755, 36.112389136990451 ], [ -121.626941343059855, 36.101498101647628 ], [ -121.623492642631263, 36.09367412659163 ], [ -121.621562288106531, 36.085346628979543 ], [ -121.612429334892155, 36.075245207337964 ], [ -121.610262453119716, 36.071792881774492 ], [ -121.597436643542224, 36.064106106807756 ], [ -121.596086159802127, 36.059719188982321 ], [ -121.596017497353657, 36.051818952780266 ], [ -121.594407597746724, 36.048179711165602 ], [ -121.588006142748071, 36.041736601865864 ], [ -121.583115403768915, 36.034412315744397 ], [ -121.579979536311171, 36.02615726585806 ], [ -121.577888956134217, 36.022811745944367 ], [ -121.574302922057413, 36.019599718533641 ], [ -121.569931011153727, 36.017162062912078 ], [ -121.554633128781347, 36.016890997967657 ], [ -121.549574528541868, 36.015952508177918 ], [ -121.540571291490608, 36.012469554075736 ], [ -121.535650028302157, 36.01214904710929 ], [ -121.53099581271988, 36.01052772990549 ], [ -121.522892903847321, 36.005682935828673 ], [ -121.513294536978762, 36.003683887552569 ], [ -121.505702819134683, 35.997988459505088 ], [ -121.495562739014076, 35.983710391913384 ], [ -121.48977932491762, 35.971351148238035 ], [ -121.486315335982866, 35.954273144802819 ], [ -121.479623963827109, 35.938011536893711 ], [ -121.47934927269101, 35.933678123748741 ], [ -121.47532072594737, 35.9260413227871 ], [ -121.476846657601357, 35.921719313425093 ], [ -121.474626382874106, 35.918339598144875 ], [ -121.475244375605158, 35.914490622600269 ], [ -121.468400453225513, 35.907777013166232 ], [ -121.465829166424044, 35.894811128080804 ], [ -121.466187745838937, 35.890595951518698 ], [ -121.460846884524287, 35.883523723084657 ], [ -121.453026357326166, 35.87745097016024 ], [ -121.447120893746359, 35.870176565264252 ], [ -121.438751028439, 35.864923957182391 ], [ -121.424513875304967, 35.858260027019888 ], [ -121.41953163927522, 35.856940245933643 ], [ -121.415274224964591, 35.854456984585433 ], [ -121.412466459324904, 35.850852191314445 ], [ -121.408231910172162, 35.84278046787032 ], [ -121.40510369485321, 35.839133714734608 ], [ -121.398183480163624, 35.832854911178266 ], [ -121.387204203341099, 35.818843861772017 ], [ -121.381947297640295, 35.817680469234993 ], [ -121.378872492672954, 35.814384652047387 ], [ -121.377338895034356, 35.810360212510275 ], [ -121.368122143968989, 35.808433940176101 ], [ -121.359416574072583, 35.803524594269597 ], [ -121.337435173526046, 35.784142578143459 ], [ -121.334734225197209, 35.780324130571422 ], [ -121.330904055498564, 35.772103568985976 ], [ -121.329393311197734, 35.759042164491007 ], [ -121.322778288572778, 35.752381822570229 ], [ -121.323167368578154, 35.747979712143582 ], [ -121.320977519551477, 35.740037679619192 ], [ -121.322511042633906, 35.73592931077075 ], [ -121.321557264874642, 35.731687454350059 ], [ -121.322320181760247, 35.727491356788754 ], [ -121.320496559045267, 35.719389105373004 ], [ -121.323037211628389, 35.715482902975815 ], [ -121.320473563650495, 35.711729333430142 ], [ -121.312714031374398, 35.706144789750368 ], [ -121.309593413381705, 35.702463701886465 ], [ -121.30723570765339, 35.694205052318416 ], [ -121.299857654290207, 35.687842316483739 ], [ -121.294333701531144, 35.686709419926878 ], [ -121.292052357775489, 35.683081726894862 ], [ -121.292006521376635, 35.678813156471634 ], [ -121.289763319489666, 35.67465904362097 ], [ -121.288824801842736, 35.670314187891826 ], [ -121.289190969434586, 35.665866326127869 ], [ -121.287123260631859, 35.662341624944474 ], [ -121.282751435743904, 35.663783591324652 ], [ -121.277143579439397, 35.664298612863483 ], [ -121.266835748666921, 35.660987597680474 ], [ -121.261555955771698, 35.660316265722862 ], [ -121.246860887657746, 35.649124229444276 ], [ -121.242008306995729, 35.647071969840766 ], [ -121.23675900213405, 35.646972803478796 ], [ -121.232303175115248, 35.645168493912884 ], [ -121.221682498181295, 35.645698756459993 ], [ -121.217249556284614, 35.643471022451529 ], [ -121.211771276260109, 35.636616140774954 ], [ -121.206453314467808, 35.637329491419202 ], [ -121.201913566656273, 35.635895201305786 ], [ -121.193436806556875, 35.631332922079174 ], [ -121.186829473515644, 35.637676675436282 ], [ -121.181816691329914, 35.637348630310214 ], [ -121.172500662016461, 35.633377621376532 ], [ -121.168548398491069, 35.630844715025503 ], [ -121.162352934110643, 35.62452006849206 ], [ -121.142881434770231, 35.599408383999041 ], [ -121.130162491617455, 35.591329021780567 ], [ -121.126492478530423, 35.582761362852494 ], [ -121.119282218568699, 35.571328922443719 ], [ -121.113750560282455, 35.564634253269809 ], [ -121.108562195541154, 35.552713534047896 ], [ -121.099917551857459, 35.541674003615796 ], [ -121.089632521644901, 35.531836086640695 ], [ -121.081293126870619, 35.526320145453624 ], [ -121.064927118345793, 35.509497646296644 ], [ -121.053436609420999, 35.500556169910105 ], [ -121.043586508086463, 35.490817409196524 ], [ -121.039863160045428, 35.487723741623434 ], [ -121.035277657709273, 35.485991903756535 ], [ -121.027899635881212, 35.480311915358349 ], [ -121.011983842143735, 35.463275748089075 ], [ -121.007955309126459, 35.460140118644539 ], [ -121.003598703058742, 35.458080219544193 ], [ -120.998341786677159, 35.457511842237146 ], [ -120.993092499000596, 35.458007745023991 ], [ -120.983478955429462, 35.454181652835643 ], [ -120.978077071302906, 35.454368568997346 ], [ -120.973079569246465, 35.455482444551713 ], [ -120.968089689532533, 35.454791992071534 ], [ -120.951693257524937, 35.443969828908969 ], [ -120.936342135744241, 35.439140474326337 ], [ -120.926492099488627, 35.441143160141166 ], [ -120.910431422313749, 35.44233332268935 ], [ -120.905823036434967, 35.440708278275252 ], [ -120.890563487384227, 35.427814740207502 ], [ -120.879744483516333, 35.413097793946676 ], [ -120.872603047013968, 35.391956967155643 ], [ -120.871313633997758, 35.378434012362206 ], [ -120.871748544926319, 35.365292526063591 ], [ -120.870176833331072, 35.352223513615769 ], [ -120.871992726317657, 35.339314724924897 ], [ -120.88020996954495, 35.314408867628096 ], [ -120.894149478785408, 35.281919509151507 ], [ -120.896911434366018, 35.27785691420469 ], [ -120.90059658406409, 35.274809021142779 ], [ -120.900726287742728, 35.270773118914057 ], [ -120.899612348993969, 35.266371004809741 ], [ -120.903007564912301, 35.258283955341625 ], [ -120.902038590730655, 35.253919988342432 ], [ -120.899337675113529, 35.250200689629629 ], [ -120.899276651381541, 35.246286830524134 ], [ -120.896682567794272, 35.242571321385469 ], [ -120.88920548924159, 35.236174069316881 ], [ -120.887290451445907, 35.232283087168398 ], [ -120.879553963383046, 35.22688146306848 ], [ -120.876341878849729, 35.223127802035684 ], [ -120.865400938343853, 35.214834631540846 ], [ -120.863852129887292, 35.210993239973405 ], [ -120.860388266867815, 35.20770115226486 ], [ -120.842489063213947, 35.198995953884875 ], [ -120.833753101017649, 35.193876602737724 ], [ -120.830594430726009, 35.190573070081903 ], [ -120.815075678861234, 35.186163210055192 ], [ -120.796634798703678, 35.176725576381969 ], [ -120.791210098379736, 35.176214377460205 ], [ -120.780688840681947, 35.166593678878733 ], [ -120.766940220525242, 35.158895559679578 ], [ -120.756785137219637, 35.156797420411436 ], [ -120.75236757207901, 35.154710759449095 ], [ -120.749742940886762, 35.156484584106387 ], [ -120.751162033643311, 35.160432783918623 ], [ -120.746103466426092, 35.167856175881028 ], [ -120.742219913332022, 35.170873601327798 ], [ -120.737054586585373, 35.171682325175105 ], [ -120.721406035038171, 35.171438216297283 ], [ -120.712502187986757, 35.167375595940072 ], [ -120.707069835121786, 35.166551635829265 ], [ -120.691848644788948, 35.155019886613715 ], [ -120.68711823775871, 35.152826456814758 ], [ -120.681777452164596, 35.150751284303659 ], [ -120.661642662924081, 35.146120317366744 ], [ -120.652967715775162, 35.141023932526082 ], [ -120.649786150251714, 35.13781961329498 ], [ -120.641317298711883, 35.121794185835689 ], [ -120.637708585156687, 35.104956221505155 ], [ -120.637060247689902, 35.082850181162648 ], [ -120.638304113497668, 35.056906568409538 ], [ -120.643904666524108, 35.017275869885701 ], [ -120.647414478103883, 35.000868924100729 ], [ -120.654777041098399, 34.976531562421158 ], [ -120.656730226912671, 34.972350722385592 ], [ -120.666435044923688, 34.938194527530541 ], [ -120.670158300622248, 34.92966119511587 ], [ -120.668639963897107, 34.925404085057146 ], [ -120.669181650818629, 34.921169850985628 ], [ -120.673561016010112, 34.904293937675646 ], [ -120.672187649246695, 34.900994296648577 ], [ -120.667953144128049, 34.898575848117588 ], [ -120.652380895807241, 34.898667480133362 ], [ -120.647749649051292, 34.89684792860178 ], [ -120.645361527560283, 34.892926507368266 ], [ -120.644201788046871, 34.888577841684594 ], [ -120.643888925617574, 34.880178040721859 ], [ -120.626485491986941, 34.869409438224857 ], [ -120.623067363607191, 34.866159393229061 ], [ -120.618916760858852, 34.858575936196225 ], [ -120.616887213858575, 34.850038812279891 ], [ -120.618550425515878, 34.837107223191175 ], [ -120.62453959538631, 34.807021247029809 ], [ -120.63000238279308, 34.790477198081234 ], [ -120.640157416677667, 34.769489100639596 ], [ -120.642194505447037, 34.761203730583546 ], [ -120.644048503567205, 34.757213628471632 ], [ -120.643590699527053, 34.753105279421746 ], [ -120.639653755819865, 34.750332057839245 ], [ -120.637570825287639, 34.746998080080317 ], [ -120.635258974080571, 34.738922521605403 ], [ -120.632016324676272, 34.734982019442761 ], [ -120.620068161074371, 34.727627442133304 ], [ -120.613468398514982, 34.716153051215471 ], [ -120.610111257723645, 34.703984389200563 ], [ -120.611667643831495, 34.691472403739461 ], [ -120.619327719485, 34.667196102603164 ], [ -120.630039648147431, 34.639559127446844 ], [ -120.645451415739714, 34.604949041020831 ], [ -120.64709941521231, 34.602721302603683 ], [ -120.646405089471202, 34.598967710169248 ], [ -120.650227457872688, 34.582160480027049 ], [ -120.652043297682454, 34.578033060334207 ], [ -120.650250305185537, 34.575618398501923 ], [ -120.645542777028524, 34.57407727819934 ], [ -120.643436959139976, 34.570319866681295 ], [ -120.640964890840493, 34.562473174773196 ], [ -120.625178994405402, 34.550602008464075 ], [ -120.620791915940188, 34.549182952742029 ], [ -120.590494444260486, 34.551769174462756 ], [ -120.58526047660888, 34.551341919063262 ], [ -120.576181132992673, 34.548343588567022 ], [ -120.559052437421357, 34.538806945104213 ], [ -120.544037202639089, 34.536098499777772 ], [ -120.526176070118737, 34.527782522796144 ], [ -120.522757959047411, 34.525108447628888 ], [ -120.516890698840456, 34.5178758676917 ], [ -120.507155179159909, 34.508056941960298 ], [ -120.504782332305993, 34.504509315291394 ], [ -120.503882012509393, 34.500564972317598 ], [ -120.49911335064678, 34.492657286955144 ], [ -120.495321306866771, 34.489598013625944 ], [ -120.493459592634281, 34.48578342390482 ], [ -120.485471126641556, 34.480343881860598 ], [ -120.48246494228394, 34.476868805537379 ], [ -120.479237440016149, 34.469121365537944 ], [ -120.477451910749124, 34.456632344690583 ], [ -120.474102326844175, 34.449041304083458 ], [ -120.470623089465988, 34.445890473820718 ], [ -120.461940297445523, 34.441606762706463 ], [ -120.457362386807773, 34.440321290254687 ], [ -120.452280922796774, 34.440164949071765 ], [ -120.447367329203828, 34.441023293251881 ], [ -120.438295527358633, 34.444868528001869 ], [ -120.433595572285256, 34.445818420853207 ], [ -120.423463158635329, 34.445006024097069 ], [ -120.418099408747082, 34.445868188582459 ], [ -120.409638005624458, 34.449927036462554 ], [ -120.385184464899325, 34.451365428434116 ], [ -120.380743934675209, 34.452643376212436 ], [ -120.370817562374853, 34.453658178940877 ], [ -120.360448642483917, 34.453677371832221 ], [ -120.350705406017099, 34.455600051837706 ], [ -120.341030799097851, 34.455546759171966 ], [ -120.331562249640868, 34.45794626392756 ], [ -120.327915234507785, 34.459613294689987 ], [ -120.307917573446204, 34.463103904055266 ], [ -120.30245463026607, 34.463191704002007 ], [ -120.298365097034548, 34.465144837148394 ] ] } },
{ "type": "Feature", "properties": { "year": 2015 }, "geometry": { "type": "LineString", "coordinates": [ [ -122.373376707785383, 37.172862634708011 ], [ -122.367646846436131, 37.165740740895281 ], [ -122.366059899731709, 37.161449305156509 ], [ -122.364709506155037, 37.153186870394492 ], [ -122.365480143163438, 37.148582649709631 ], [ -122.362222279175811, 37.14593148551166 ], [ -122.347748774468727, 37.140220958471573 ], [ -122.340615060824632, 37.133484341766561 ], [ -122.340172576742972, 37.129196729767685 ], [ -122.342331857034708, 37.12081606357183 ], [ -122.342156411079387, 37.116661963632225 ], [ -122.339531828382007, 37.11300375174504 ], [ -122.335503370512484, 37.110669200660304 ], [ -122.330162597505648, 37.109238704736505 ], [ -122.315536425502216, 37.113930601358419 ], [ -122.310226156723004, 37.113953467233827 ], [ -122.300979009100843, 37.109852738715098 ], [ -122.292784781617641, 37.104039262853377 ], [ -122.282408510460456, 37.094460776625859 ], [ -122.277105971951102, 37.086370003966628 ], [ -122.265341170287613, 37.072175864165978 ], [ -122.254453805151059, 37.057298922917113 ], [ -122.2504558896715, 37.054613440002854 ], [ -122.236905767531866, 37.041201302874228 ], [ -122.233998912371078, 37.037443921904405 ], [ -122.227712216982567, 37.025897132508845 ], [ -122.223737201335112, 37.02272337978421 ], [ -122.218655867388563, 37.020785551764263 ], [ -122.214467216256352, 37.01801232985477 ], [ -122.207943941392244, 37.011210888700823 ], [ -122.198612924072677, 37.006301476161475 ], [ -122.190502661697991, 37.000888539171406 ], [ -122.183101851941984, 36.994953003181372 ], [ -122.174671020915028, 36.989746053085945 ], [ -122.171039265020553, 36.986114546874262 ], [ -122.162249849991653, 36.982246520937842 ], [ -122.155955303197672, 36.974933924480311 ], [ -122.146181666650776, 36.971939440532552 ], [ -122.133508701502464, 36.963596890133196 ], [ -122.118417161154795, 36.958653138921903 ], [ -122.109627732308454, 36.954109937950768 ], [ -122.089760007416672, 36.948693170636922 ], [ -122.079665934234981, 36.947262675503424 ], [ -122.069709179378435, 36.944416968699826 ], [ -122.064246329621014, 36.94411941818241 ], [ -122.048285063032495, 36.945126432522947 ], [ -122.032499258908018, 36.944336776492037 ], [ -122.022069531468887, 36.947510487804415 ], [ -122.014554370920138, 36.953308639698221 ], [ -122.009228866206357, 36.953896072669977 ], [ -121.978137657472033, 36.947644054283657 ], [ -121.973315655375913, 36.947361797149959 ], [ -121.968882793371691, 36.949177560412728 ], [ -121.950312101239533, 36.959587653326764 ], [ -121.94059183899526, 36.963192484284264 ], [ -121.935441765721677, 36.963902022190162 ], [ -121.925027149878247, 36.963005644003921 ], [ -121.920166985478986, 36.961483646635735 ], [ -121.911041762280661, 36.956711639993031 ], [ -121.899825955386333, 36.947934323656163 ], [ -121.870535161126426, 36.922906931879403 ], [ -121.855214508817113, 36.905199666740316 ], [ -121.839733616583771, 36.883101800843093 ], [ -121.807398471068439, 36.827401236633605 ], [ -121.79710589814718, 36.813382638090864 ], [ -121.793382550241247, 36.80530715441121 ], [ -121.794008163264721, 36.801282756218022 ], [ -121.796655650922432, 36.79746815500225 ], [ -121.80945813554672, 36.770209037021701 ], [ -121.816561241922045, 36.747062041587029 ], [ -121.81630941196029, 36.738978838934933 ], [ -121.813005650227737, 36.722369940981714 ], [ -121.813081898237044, 36.714374473630571 ], [ -121.814737435925309, 36.697021713823617 ], [ -121.818781075725923, 36.681057478789455 ], [ -121.822992594257926, 36.669434295837817 ], [ -121.834719283529154, 36.646161232928854 ], [ -121.847132671695789, 36.628053188529073 ], [ -121.85643319659151, 36.61816186009893 ], [ -121.867213888375645, 36.609727723850128 ], [ -121.880314019246114, 36.603689178204391 ], [ -121.885456439325992, 36.605287509936929 ], [ -121.893025128466476, 36.610860682230566 ], [ -121.894711318452352, 36.614919444138195 ], [ -121.900723561960589, 36.621762883322269 ], [ -121.909627428441809, 36.624494156887458 ], [ -121.913144737479811, 36.627542042061968 ], [ -121.918134571072812, 36.629819373136712 ], [ -121.918806012648929, 36.63369121571214 ], [ -121.926176340805767, 36.640038748251293 ], [ -121.931334024888329, 36.641808732696404 ], [ -121.936819771474831, 36.641705737465607 ], [ -121.941206832961299, 36.640355361149254 ], [ -121.943167629069933, 36.635949473524363 ], [ -121.943938163786498, 36.627740408788696 ], [ -121.945486959640249, 36.623769388589082 ], [ -121.951430439337329, 36.617715587403339 ], [ -121.95172796587029, 36.613748382132016 ], [ -121.955275762152212, 36.612680290183135 ], [ -121.959517893081994, 36.615766319901432 ], [ -121.963126722866591, 36.614202327445497 ], [ -121.965636791063275, 36.601923068501591 ], [ -121.968429231164208, 36.598817970445566 ], [ -121.969153959020389, 36.587435147265616 ], [ -121.973777539897171, 36.586420463377785 ], [ -121.982948390724829, 36.582735551812725 ], [ -121.981269832105042, 36.579348168901099 ], [ -121.974891365131924, 36.573130332724205 ], [ -121.972953398234552, 36.5697925386186 ], [ -121.963996120204129, 36.56609615983615 ], [ -121.956183288595739, 36.561541491911086 ], [ -121.951773320356139, 36.560057597681457 ], [ -121.948210272334606, 36.561800873781266 ], [ -121.943258605563145, 36.561446106365182 ], [ -121.938581597509668, 36.559809626452001 ], [ -121.936468147446902, 36.556166659332035 ], [ -121.934568295775861, 36.548236057254805 ], [ -121.937902444929932, 36.54543994565627 ], [ -121.934942073880492, 36.538298967963662 ], [ -121.930471059732653, 36.535479953112493 ], [ -121.928189757805058, 36.531844613232174 ], [ -121.928067649147835, 36.527392948626101 ], [ -121.930173422119807, 36.524963038980658 ], [ -121.935338714763006, 36.524955421571711 ], [ -121.939367166942489, 36.522582736212556 ], [ -121.944318830444175, 36.52283451279262 ], [ -121.948507537470306, 36.524535843456285 ], [ -121.952795415553211, 36.52434512229356 ], [ -121.95610667916111, 36.522197498732055 ], [ -121.955404719318153, 36.518493500787379 ], [ -121.951299930684641, 36.515746964009097 ], [ -121.948278550549446, 36.512229876109458 ], [ -121.944242437201694, 36.510459881605001 ], [ -121.940923469121316, 36.502937439609482 ], [ -121.940801381125667, 36.499305912254911 ], [ -121.94465440689757, 36.496685248618185 ], [ -121.947271489851019, 36.489673903119055 ], [ -121.942213132486742, 36.481930119191567 ], [ -121.940641474307654, 36.478336700307686 ], [ -121.940458424969279, 36.47417871527675 ], [ -121.938512913889809, 36.470570036272612 ], [ -121.931180901356129, 36.464134672621299 ], [ -121.929647399221722, 36.46019411837792 ], [ -121.930372276531642, 36.456371826295666 ], [ -121.932485753739712, 36.452469431138212 ], [ -121.932142486516312, 36.448071121097456 ], [ -121.927976733825119, 36.445286400714842 ], [ -121.923399051906756, 36.4379317091771 ], [ -121.918386545145353, 36.426583059925115 ], [ -121.919042822651164, 36.418564634938711 ], [ -121.917951913445037, 36.410282991066815 ], [ -121.915624927807343, 36.406617087610357 ], [ -121.915823360629631, 36.402737573137109 ], [ -121.908735505211908, 36.397164316061627 ], [ -121.906591634297257, 36.393441192489732 ], [ -121.907080000982546, 36.389184026844596 ], [ -121.905638062750896, 36.385190064718479 ], [ -121.905592350174359, 36.381184664673164 ], [ -121.90833144924558, 36.377701886523937 ], [ -121.90862144209099, 36.373604936169592 ], [ -121.90612660424506, 36.370198427573932 ], [ -121.906958296396098, 36.366437170307108 ], [ -121.909766059309291, 36.363038315776514 ], [ -121.908827681481981, 36.358842178362998 ], [ -121.904433125345534, 36.351739248160136 ], [ -121.901434728920151, 36.348634094783655 ], [ -121.897475073498128, 36.341039073360065 ], [ -121.896643517859275, 36.336553020782077 ], [ -121.896880101547964, 36.332635358994359 ], [ -121.899031716450722, 36.329091544562992 ], [ -121.898719095660013, 36.317357627591996 ], [ -121.904296548521529, 36.305455897789344 ], [ -121.901023483915154, 36.302747466263362 ], [ -121.891593327861216, 36.299188329122799 ], [ -121.887778561295804, 36.296518040430193 ], [ -121.879256446937944, 36.28639386347529 ], [ -121.870390890199772, 36.282865243726015 ], [ -121.863608260567602, 36.277131756845229 ], [ -121.855063166405273, 36.272832573895805 ], [ -121.846701288988982, 36.262895309233492 ], [ -121.842329655343192, 36.25559018951791 ], [ -121.839644134841265, 36.248574993462427 ], [ -121.831236298137313, 36.243730305040195 ], [ -121.82792504343189, 36.240701433110836 ], [ -121.810735519508512, 36.231710135312433 ], [ -121.805730494167477, 36.231126457398403 ], [ -121.795567853175996, 36.23146971165027 ], [ -121.787762754948119, 36.226422845153905 ], [ -121.7782486272677, 36.224046239369834 ], [ -121.765766574058631, 36.216466394782508 ], [ -121.761303249231162, 36.214593358622345 ], [ -121.754314517865311, 36.208745411909554 ], [ -121.748851635641913, 36.208176984458049 ], [ -121.744472078587322, 36.206605300693973 ], [ -121.740741059579435, 36.20294317827544 ], [ -121.723680626751175, 36.195744731383094 ], [ -121.719354479407826, 36.193295668474967 ], [ -121.716302522502275, 36.190072235924951 ], [ -121.712220532000458, 36.187546880212714 ], [ -121.705765644838891, 36.180985568177221 ], [ -121.700501020258812, 36.173806285962584 ], [ -121.696937863127644, 36.171029162663963 ], [ -121.693069510977594, 36.168278738585116 ], [ -121.683547415832024, 36.164467776465472 ], [ -121.679595135918831, 36.161934786655024 ], [ -121.674338145302514, 36.155064484878167 ], [ -121.663854687229914, 36.146157083960965 ], [ -121.64651197140418, 36.125816979024137 ], [ -121.63841667182443, 36.120430546809118 ], [ -121.634761962626925, 36.112389136986977 ], [ -121.62694134307128, 36.101498101640018 ], [ -121.623492642639121, 36.093674126595566 ], [ -121.621562288105238, 36.08534662897835 ], [ -121.612429334901421, 36.075245207329132 ], [ -121.610262453124449, 36.071792881775231 ], [ -121.597436643548207, 36.064106106806747 ], [ -121.596086159809275, 36.059719188980424 ], [ -121.59601749736359, 36.05181895276894 ], [ -121.594407597742418, 36.048179711157289 ], [ -121.588006142755575, 36.041736601855384 ], [ -121.58311540377106, 36.034412315745072 ], [ -121.579979536324203, 36.026157265862118 ], [ -121.577888956135922, 36.022811745947756 ], [ -121.574302922071581, 36.019599718525505 ], [ -121.56993101115772, 36.017162062908717 ], [ -121.554633128791465, 36.016890997962534 ], [ -121.549574528550011, 36.015952508181762 ], [ -121.540571291488291, 36.012469554074372 ], [ -121.535650028312332, 36.012149047103762 ], [ -121.530995812721073, 36.010527729909093 ], [ -121.522892903862555, 36.005682935826144 ], [ -121.513294536988951, 36.003683887546707 ], [ -121.505702819146421, 35.997988459498487 ], [ -121.495562739026084, 35.983710391905063 ], [ -121.489779324919141, 35.97135114824156 ], [ -121.486315335992657, 35.954273144803693 ], [ -121.479623963823087, 35.938011536882364 ], [ -121.479349272699636, 35.933678123750298 ], [ -121.475320725944655, 35.926041322782972 ], [ -121.476846657603573, 35.921719313417917 ], [ -121.474626382880714, 35.918339598136633 ], [ -121.475244375609634, 35.914490622597732 ], [ -121.468400453224191, 35.90777701316798 ], [ -121.465829166419411, 35.894811128068305 ], [ -121.466187745841339, 35.89059595152019 ], [ -121.460846884537332, 35.88352372307282 ], [ -121.453026357333087, 35.877450970147869 ], [ -121.447120893760541, 35.870176565268075 ], [ -121.438751028442681, 35.864923957182192 ], [ -121.424513875316038, 35.858260027007937 ], [ -121.419531639283278, 35.856940245929096 ], [ -121.415274224971469, 35.854456984589369 ], [ -121.412466459336784, 35.850852191316257 ], [ -121.408231910185123, 35.84278046785915 ], [ -121.405103694862206, 35.839133714722557 ], [ -121.398183480161265, 35.832854911168219 ], [ -121.387204203336054, 35.818843861774219 ], [ -121.381947297649276, 35.817680469233203 ], [ -121.378872492687535, 35.814384652036395 ], [ -121.377338895045767, 35.810360212504236 ], [ -121.368122143969728, 35.808433940168797 ], [ -121.359416574083752, 35.803524594260608 ], [ -121.337435173526629, 35.784142578142706 ], [ -121.334734225192534, 35.780324130560665 ], [ -121.330904055503325, 35.772103568984697 ], [ -121.329393311205365, 35.759042164479823 ], [ -121.322778288570333, 35.752381822573547 ], [ -121.323167368579306, 35.747979712133038 ], [ -121.320977519546432, 35.740037679618538 ], [ -121.322511042639448, 35.735929310763098 ], [ -121.321557264879985, 35.731687454343216 ], [ -121.322320181768802, 35.727491356785144 ], [ -121.320496559050156, 35.719389105365082 ], [ -121.323037211628957, 35.715482902967736 ], [ -121.320473563657472, 35.711729333430263 ], [ -121.312714031386946, 35.706144789746737 ], [ -121.309593413383439, 35.702463701882799 ], [ -121.307235707656972, 35.694205052305605 ], [ -121.299857654292907, 35.687842316472889 ], [ -121.294333701541049, 35.686709419920682 ], [ -121.292052357777322, 35.683081726886932 ], [ -121.292006521380472, 35.678813156471719 ], [ -121.289763319489808, 35.674659043609189 ], [ -121.288824801838317, 35.670314187879328 ], [ -121.289190969446139, 35.665866326121936 ], [ -121.287123260629443, 35.662341624947885 ], [ -121.282751435744288, 35.663783591314711 ], [ -121.277143579447767, 35.664298612853827 ], [ -121.266835748666082, 35.660987597677135 ], [ -121.261555955782356, 35.660316265713263 ], [ -121.2468608876583, 35.649124229444546 ], [ -121.242008306996667, 35.647071969833242 ], [ -121.236759002135628, 35.646972803482228 ], [ -121.232303175115732, 35.645168493904791 ], [ -121.22168249819606, 35.64569875646086 ], [ -121.217249556281033, 35.643471022440274 ], [ -121.211771276265139, 35.63661614076306 ], [ -121.206453314475553, 35.637329491411954 ], [ -121.201913566667031, 35.635895201304805 ], [ -121.193436806563668, 35.631332922072616 ], [ -121.186829473518387, 35.637676675432701 ], [ -121.181816691341723, 35.63734863030988 ], [ -121.172500662031396, 35.633377621378138 ], [ -121.168548398502438, 35.630844715024011 ], [ -121.162352934120804, 35.624520068487946 ], [ -121.142881434767773, 35.599408384001961 ], [ -121.130162491620453, 35.591329021782798 ], [ -121.126492478537955, 35.582761362853759 ], [ -121.119282218569282, 35.571328922447165 ], [ -121.113750560280963, 35.564634253263435 ], [ -121.10856219555329, 35.552713534042148 ], [ -121.099917551856592, 35.541674003609153 ], [ -121.089632521644859, 35.531836086630712 ], [ -121.081293126866271, 35.526320145447606 ], [ -121.064927118350724, 35.509497646297042 ], [ -121.053436609436645, 35.500556169908116 ], [ -121.043586508094251, 35.490817409185325 ], [ -121.039863160043907, 35.487723741622126 ], [ -121.03527765771004, 35.485991903745187 ], [ -121.027899635886001, 35.480311915352424 ], [ -121.011983842154891, 35.463275748092776 ], [ -121.007955309127766, 35.46014011864505 ], [ -121.003598703071361, 35.458080219538651 ], [ -120.998341786688783, 35.457511842226154 ], [ -120.993092499005556, 35.458007745022712 ], [ -120.983478955435672, 35.454181652826058 ], [ -120.978077071311631, 35.454368568984926 ], [ -120.973079569259767, 35.455482444549368 ], [ -120.968089689528966, 35.454791992068806 ], [ -120.951693257526955, 35.443969828907342 ], [ -120.936342135746401, 35.439140474328823 ], [ -120.926492099488442, 35.441143160135823 ], [ -120.910431422325814, 35.44233332267747 ], [ -120.905823036441916, 35.440708278279317 ], [ -120.890563487393777, 35.427814740204163 ], [ -120.879744483517328, 35.413097793945198 ], [ -120.872603047010386, 35.391956967152652 ], [ -120.871313634005801, 35.378434012365048 ], [ -120.871748544927087, 35.365292526065907 ], [ -120.870176833326113, 35.352223513619904 ], [ -120.871992726329054, 35.339314724916584 ], [ -120.880209969549341, 35.314408867615505 ], [ -120.894149478787554, 35.281919509144657 ], [ -120.896911434375895, 35.277856914204143 ], [ -120.90059658406409, 35.274809021133137 ], [ -120.900726287751155, 35.27077311890784 ], [ -120.899612348996257, 35.266371004808001 ], [ -120.903007564925105, 35.258283955340417 ], [ -120.902038590727145, 35.25391998833404 ], [ -120.899337675127654, 35.250200689628826 ], [ -120.899276651378329, 35.246286830525221 ], [ -120.896682567803836, 35.242571321385682 ], [ -120.889205489238421, 35.236174069320214 ], [ -120.887290451461269, 35.232283087168426 ], [ -120.879553963393505, 35.226881463057104 ], [ -120.876341878860785, 35.223127802033552 ], [ -120.865400938347108, 35.214834631541208 ], [ -120.863852129887604, 35.210993239967401 ], [ -120.860388266880918, 35.207701152253449 ], [ -120.842489063218821, 35.198995953885955 ], [ -120.833753101019937, 35.193876602731585 ], [ -120.830594430734124, 35.190573070076127 ], [ -120.815075678863266, 35.186163210043937 ], [ -120.796634798712461, 35.176725576378537 ], [ -120.791210098393478, 35.176214377454009 ], [ -120.780688840689166, 35.166593678876453 ], [ -120.766940220533385, 35.15889555967928 ], [ -120.756785137223659, 35.156797420412985 ], [ -120.752367572094172, 35.154710759444818 ], [ -120.749742940902266, 35.156484584109499 ], [ -120.751162033638934, 35.160432783919127 ], [ -120.746103466438143, 35.167856175875663 ], [ -120.742219913344897, 35.170873601331827 ], [ -120.737054586587917, 35.171682325170281 ], [ -120.721406035036154, 35.17143821630043 ], [ -120.712502187984796, 35.167375595933379 ], [ -120.707069835131762, 35.166551635829663 ], [ -120.691848644784542, 35.155019886614404 ], [ -120.687118237764736, 35.152826456816861 ], [ -120.681777452172867, 35.150751284291374 ], [ -120.661642662933147, 35.146120317360591 ], [ -120.6529677157816, 35.141023932527368 ], [ -120.649786150249142, 35.137819613292294 ], [ -120.641317298711968, 35.121794185829565 ], [ -120.637708585165043, 35.10495622149454 ], [ -120.637060247694933, 35.082850181165071 ], [ -120.638304113498819, 35.056906568406035 ], [ -120.643904666534965, 35.017275869880663 ], [ -120.647414478109127, 35.000868924093837 ], [ -120.654777041105064, 34.976531562421741 ], [ -120.6567302269099, 34.972350722380746 ], [ -120.666435044921343, 34.938194527534129 ], [ -120.670158300621026, 34.929661195115763 ], [ -120.668639963899125, 34.925404085059661 ], [ -120.669181650817123, 34.921169850976334 ], [ -120.673561016018297, 34.904293937668896 ], [ -120.672187649260849, 34.900994296638224 ], [ -120.667953144136092, 34.898575848117751 ], [ -120.652380895809074, 34.898667480124786 ], [ -120.647749649047938, 34.896847928602483 ], [ -120.645361527566976, 34.892926507358432 ], [ -120.644201788042139, 34.888577841688928 ], [ -120.643888925615798, 34.880178040723742 ], [ -120.626485491993819, 34.869409438212315 ], [ -120.623067363618631, 34.866159393228429 ], [ -120.618916760871016, 34.858575936194484 ], [ -120.616887213869617, 34.850038812281078 ], [ -120.618550425527502, 34.837107223181121 ], [ -120.624539595398659, 34.807021247016841 ], [ -120.630002382791702, 34.790477198075351 ], [ -120.640157416676288, 34.769489100628263 ], [ -120.64219450545022, 34.761203730579943 ], [ -120.644048503577324, 34.757213628471263 ], [ -120.643590699526086, 34.753105279409908 ], [ -120.639653755825421, 34.750332057840993 ], [ -120.637570825292116, 34.74699808008112 ], [ -120.635258974094029, 34.738922521598006 ], [ -120.632016324678304, 34.734982019439187 ], [ -120.620068161083253, 34.727627442135351 ], [ -120.613468398529889, 34.71615305121253 ], [ -120.610111257724498, 34.703984389199576 ], [ -120.611667643833741, 34.691472403740086 ], [ -120.619327719483394, 34.667196102607164 ], [ -120.630039648143992, 34.639559127434659 ], [ -120.645451415753712, 34.604949041020895 ], [ -120.647099415223309, 34.602721302593054 ], [ -120.646405089466143, 34.598967710167273 ], [ -120.650227457872433, 34.582160480031291 ], [ -120.652043297695499, 34.578033060335713 ], [ -120.650250305195442, 34.575618398500595 ], [ -120.645542777038983, 34.574077278190238 ], [ -120.64343695915268, 34.57031986667365 ], [ -120.640964890852899, 34.562473174768726 ], [ -120.625178994404408, 34.550602008463336 ], [ -120.620791915950974, 34.549182952739997 ], [ -120.590494444257359, 34.5517691744584 ], [ -120.585260476612731, 34.551341919061514 ], [ -120.576181133001683, 34.548343588556463 ], [ -120.559052437426132, 34.538806945098351 ], [ -120.544037202653556, 34.536098499781296 ], [ -120.526176070133346, 34.527782522783454 ], [ -120.522757959043076, 34.525108447617157 ], [ -120.516890698835653, 34.51787586768171 ], [ -120.507155179166588, 34.508056941956831 ], [ -120.504782332304799, 34.504509315288459 ], [ -120.503882012507617, 34.50056497230743 ], [ -120.499113350652181, 34.49265728694278 ], [ -120.495321306868192, 34.489598013630001 ], [ -120.493459592636952, 34.485783423898177 ], [ -120.485471126655156, 34.480343881851809 ], [ -120.482464942287422, 34.476868805537997 ], [ -120.479237440016661, 34.469121365530356 ], [ -120.477451910745685, 34.456632344686653 ], [ -120.474102326858372, 34.449041304072068 ], [ -120.470623089466898, 34.44589047382474 ], [ -120.466312209764226, 34.44347587317705 ], [ -120.457362386809351, 34.440321290252555 ], [ -120.452280922806693, 34.440164949066613 ], [ -120.447367329215709, 34.441023293242985 ], [ -120.43829552736095, 34.444868527993258 ], [ -120.43359557229401, 34.445818420849335 ], [ -120.423463158643571, 34.445006024088507 ], [ -120.418099408757087, 34.445868188571794 ], [ -120.40963800562524, 34.449927036466519 ], [ -120.385184464906928, 34.451365428430506 ], [ -120.380743934672537, 34.452643376207895 ], [ -120.370817562369794, 34.453658178932912 ], [ -120.3604486424817, 34.453677371827837 ], [ -120.350705406032475, 34.455600051832825 ], [ -120.341030799104644, 34.455546759166126 ], [ -120.331562249639944, 34.457946263928925 ], [ -120.327915234520489, 34.459613294677929 ], [ -120.307917573443817, 34.463103904050271 ], [ -120.302454630268599, 34.46319170399201 ], [ -120.294077201799496, 34.467605317300951 ], [ -120.289270408079346, 34.467036995122911 ], [ -120.278786971118151, 34.463870982437697 ] ] } },
{ "type": "Feature", "properties": { "year": 2016 }, "geometry": { "type": "LineString", "coordinates": [ [ -122.373376707785354, 37.172862634708011 ], [ -122.367646846436159, 37.165740740895252 ], [ -122.366059899731709, 37.161449305156538 ], [ -122.364709506155037, 37.153186870394542 ], [ -122.365480143163438, 37.148582649709645 ], [ -122.362222279175768, 37.14593148551166 ], [ -122.347748774468698, 37.140220958471588 ], [ -122.340615060824632, 37.133484341766561 ], [ -122.34017257674293, 37.129196729767685 ], [ -122.342331857034665, 37.12081606357183 ], [ -122.342156411079387, 37.116661963632225 ], [ -122.339531828381936, 37.113003751745048 ], [ -122.335503370512455, 37.110669200660304 ], [ -122.330162597505648, 37.109238704736505 ], [ -122.315536425502188, 37.113930601358419 ], [ -122.310226156722948, 37.113953467233841 ], [ -122.300979009100871, 37.109852738715134 ], [ -122.292784781617669, 37.104039262853384 ], [ -122.282408510460456, 37.094460776625887 ], [ -122.277105971951073, 37.086370003966628 ], [ -122.265341170287613, 37.072175864165978 ], [ -122.254453805151087, 37.057298922917113 ], [ -122.2504558896715, 37.054613440002889 ], [ -122.236905767531837, 37.041201302874235 ], [ -122.233998912371021, 37.037443921904405 ], [ -122.227712216982539, 37.025897132508874 ], [ -122.223737201335084, 37.02272337978426 ], [ -122.218655867388563, 37.020785551764348 ], [ -122.214467216256352, 37.018012329854812 ], [ -122.207943941392273, 37.011210888700873 ], [ -122.198612924072648, 37.006301476161475 ], [ -122.190502661697991, 37.000888539171456 ], [ -122.183101851941984, 36.994953003181372 ], [ -122.174671020915, 36.989746053085959 ], [ -122.171039265020553, 36.986114546874248 ], [ -122.162249849991639, 36.982246520937842 ], [ -122.155955303197644, 36.974933924480311 ], [ -122.146181666650776, 36.971939440532552 ], [ -122.133508701502464, 36.963596890133211 ], [ -122.118417161154767, 36.958653138921925 ], [ -122.109627732308454, 36.954109937950797 ], [ -122.089760007416672, 36.948693170636922 ], [ -122.079665934234924, 36.947262675503453 ], [ -122.069709179378407, 36.944416968699805 ], [ -122.058905556823689, 36.944024041176505 ], [ -122.048285063032438, 36.945126432522947 ], [ -122.03249925890799, 36.944336776492037 ], [ -122.022069531468858, 36.947510487804436 ], [ -122.014554370920095, 36.953308639698221 ], [ -122.009228866206357, 36.953896072670005 ], [ -121.978137657472033, 36.947644054283657 ], [ -121.973315655375885, 36.947361797149973 ], [ -121.968882793371691, 36.949177560412764 ], [ -121.950312101239561, 36.959587653326757 ], [ -121.940591838995232, 36.963192484284271 ], [ -121.935441765721677, 36.963902022190233 ], [ -121.925027149878247, 36.963005644003957 ], [ -121.920166985478957, 36.96148364663577 ], [ -121.911041762280689, 36.956711639993031 ], [ -121.874144054333641, 36.926126430362828 ], [ -121.867368792820045, 36.919607324831567 ], [ -121.855214508817056, 36.905199666740316 ], [ -121.844677738272182, 36.890776739793324 ], [ -121.832607366785666, 36.871429176803645 ], [ -121.824061962200943, 36.855179045042604 ], [ -121.805216349680762, 36.823834598946249 ], [ -121.79710589814718, 36.813382638090864 ], [ -121.793382550241191, 36.80530715441121 ], [ -121.794008163264749, 36.801282756218022 ], [ -121.796655650922361, 36.79746815500225 ], [ -121.80945813554672, 36.770209037021701 ], [ -121.816561241922074, 36.747062041587029 ], [ -121.816309411960319, 36.738978838934933 ], [ -121.813005650227723, 36.722369940981714 ], [ -121.813081898237016, 36.714374473630571 ], [ -121.814737435925281, 36.697021713823617 ], [ -121.818781075725923, 36.681057478789455 ], [ -121.826486943461475, 36.661457901702263 ], [ -121.839396238226982, 36.639077465583561 ], [ -121.847132671695789, 36.628053188529073 ], [ -121.852809118555655, 36.621751423817599 ], [ -121.862864985535893, 36.612523843292038 ], [ -121.867213888375616, 36.609727723850149 ], [ -121.880314019246114, 36.603689178204391 ], [ -121.885456439325992, 36.60528750993695 ], [ -121.893025128466448, 36.610860682230566 ], [ -121.894711318452352, 36.614919444138195 ], [ -121.900723561960561, 36.621762883322276 ], [ -121.909627428441752, 36.624494156887458 ], [ -121.913144737479811, 36.627542042062032 ], [ -121.918134571072812, 36.629819373136712 ], [ -121.918806012648929, 36.63369121571214 ], [ -121.926176340805767, 36.640038748251293 ], [ -121.931334024888358, 36.641808732696404 ], [ -121.936819771474802, 36.641705737465649 ], [ -121.941206832961271, 36.640355361149275 ], [ -121.943167629069933, 36.635949473524384 ], [ -121.94393816378647, 36.627740408788696 ], [ -121.94548695964022, 36.623769388589082 ], [ -121.951430439337273, 36.617715587403339 ], [ -121.951727965870248, 36.613748382132037 ], [ -121.955275762152212, 36.612680290183107 ], [ -121.959517893081937, 36.615766319901432 ], [ -121.963126722866562, 36.614202327445497 ], [ -121.965636791063233, 36.601923068501627 ], [ -121.96842923116418, 36.598817970445602 ], [ -121.969153959020389, 36.587435147265616 ], [ -121.973777539897114, 36.586420463377813 ], [ -121.982948390724829, 36.582735551812725 ], [ -121.981269832105042, 36.579348168901099 ], [ -121.974891365131896, 36.573130332724205 ], [ -121.972953398234552, 36.569792538618628 ], [ -121.963996120204101, 36.56609615983615 ], [ -121.956183288595767, 36.5615414919111 ], [ -121.951773320356139, 36.560057597681457 ], [ -121.948210272334634, 36.561800873781266 ], [ -121.943258605563116, 36.561446106365139 ], [ -121.938581597509668, 36.559809626452058 ], [ -121.936468147446902, 36.556166659332035 ], [ -121.934568295775776, 36.548236057254833 ], [ -121.937902444929847, 36.545439945656305 ], [ -121.934942073880492, 36.538298967963691 ], [ -121.930471059732625, 36.535479953112493 ], [ -121.928189757805029, 36.531844613232188 ], [ -121.928067649147835, 36.527392948626101 ], [ -121.930173422119807, 36.524963038980694 ], [ -121.935338714763006, 36.524955421571711 ], [ -121.939367166942446, 36.522582736212556 ], [ -121.944318830444203, 36.522834512792606 ], [ -121.948507537470306, 36.524535843456285 ], [ -121.952795415553183, 36.52434512229356 ], [ -121.95610667916111, 36.522197498732062 ], [ -121.955404719318153, 36.518493500787393 ], [ -121.951299930684598, 36.515746964009146 ], [ -121.948278550549389, 36.512229876109458 ], [ -121.944242437201666, 36.510459881605037 ], [ -121.940923469121245, 36.502937439609482 ], [ -121.940801381125667, 36.499305912254897 ], [ -121.944654406897598, 36.496685248618178 ], [ -121.947271489850934, 36.489673903119083 ], [ -121.942213132486742, 36.481930119191567 ], [ -121.940641474307682, 36.478336700307686 ], [ -121.940458424969307, 36.474178715276786 ], [ -121.938512913889809, 36.470570036272612 ], [ -121.931180901356129, 36.464134672621299 ], [ -121.929647399221722, 36.46019411837792 ], [ -121.930372276531642, 36.456371826295666 ], [ -121.932485753739684, 36.452469431138226 ], [ -121.93214248651627, 36.448071121097456 ], [ -121.927976733825048, 36.445286400714842 ], [ -121.923399051906756, 36.4379317091771 ], [ -121.918386545145353, 36.426583059925129 ], [ -121.919042822651178, 36.418564634938711 ], [ -121.917951913445009, 36.410282991066815 ], [ -121.915624927807315, 36.406617087610385 ], [ -121.915823360629659, 36.402737573137109 ], [ -121.908735505211908, 36.397164316061627 ], [ -121.906591634297243, 36.393441192489774 ], [ -121.907080000982546, 36.389184026844596 ], [ -121.905638062750924, 36.385190064718479 ], [ -121.905592350174388, 36.381184664673199 ], [ -121.908331449245608, 36.37770188652398 ], [ -121.908621442091018, 36.373604936169571 ], [ -121.90612660424506, 36.370198427573918 ], [ -121.906958296396098, 36.366437170307144 ], [ -121.90976605930932, 36.363038315776514 ], [ -121.908827681481895, 36.358842178363027 ], [ -121.904433125345534, 36.351739248160136 ], [ -121.901434728920151, 36.348634094783655 ], [ -121.8974750734981, 36.341039073360065 ], [ -121.896643517859246, 36.336553020782077 ], [ -121.896880101547964, 36.332635358994359 ], [ -121.899031716450722, 36.329091544562992 ], [ -121.898719095660013, 36.317357627591996 ], [ -121.904296548521557, 36.305455897789344 ], [ -121.901023483915182, 36.302747466263376 ], [ -121.891593327861216, 36.299188329122842 ], [ -121.887778561295761, 36.296518040430207 ], [ -121.879256446937916, 36.28639386347529 ], [ -121.870390890199687, 36.282865243726015 ], [ -121.863608260567602, 36.277131756845208 ], [ -121.855063166405216, 36.272832573895805 ], [ -121.846701288988982, 36.262895309233492 ], [ -121.842329655343192, 36.255590189517918 ], [ -121.839644134841294, 36.248574993462455 ], [ -121.831236298137313, 36.243730305040238 ], [ -121.82792504343189, 36.240701433110843 ], [ -121.810735519508484, 36.231710135312433 ], [ -121.805730494167506, 36.231126457398403 ], [ -121.79556785317601, 36.23146971165027 ], [ -121.787762754948105, 36.226422845153905 ], [ -121.7782486272677, 36.224046239369834 ], [ -121.765766574058574, 36.216466394782508 ], [ -121.761303249231105, 36.214593358622388 ], [ -121.754314517865311, 36.208745411909554 ], [ -121.748851635641913, 36.208176984458085 ], [ -121.744472078587293, 36.206605300693973 ], [ -121.740741059579406, 36.20294317827544 ], [ -121.723680626751175, 36.195744731383137 ], [ -121.719354479407855, 36.193295668474967 ], [ -121.716302522502261, 36.190072235924951 ], [ -121.712220532000458, 36.187546880212714 ], [ -121.705765644838891, 36.180985568177221 ], [ -121.700501020258812, 36.173806285962606 ], [ -121.696937863127644, 36.171029162663963 ], [ -121.693069510977551, 36.16827873858513 ], [ -121.683547415831995, 36.164467776465472 ], [ -121.679595135918831, 36.16193478665506 ], [ -121.674338145302514, 36.155064484878167 ], [ -121.663854687229914, 36.146157083960979 ], [ -121.646511971404138, 36.125816979024137 ], [ -121.638416671824402, 36.12043054680916 ], [ -121.634761962626953, 36.112389136986998 ], [ -121.626941343071309, 36.101498101640018 ], [ -121.623492642639093, 36.093674126595587 ], [ -121.621562288105267, 36.085346628978321 ], [ -121.612429334901421, 36.075245207329132 ], [ -121.610262453124449, 36.071792881775252 ], [ -121.59743664354815, 36.064106106806747 ], [ -121.596086159809303, 36.059719188980424 ], [ -121.596017497363604, 36.05181895276899 ], [ -121.594407597742389, 36.048179711157289 ], [ -121.588006142755532, 36.041736601855455 ], [ -121.583115403771032, 36.034412315745051 ], [ -121.579979536324174, 36.026157265862167 ], [ -121.577888956135951, 36.022811745947756 ], [ -121.574302922071581, 36.019599718525505 ], [ -121.56993101115772, 36.017162062908717 ], [ -121.554633128791465, 36.016890997962534 ], [ -121.549574528549982, 36.015952508181769 ], [ -121.540571291488263, 36.012469554074372 ], [ -121.535650028312276, 36.012149047103762 ], [ -121.530995812721073, 36.010527729909093 ], [ -121.522892903862527, 36.005682935826144 ], [ -121.513294536988951, 36.003683887546693 ], [ -121.505702819146421, 35.997988459498458 ], [ -121.495562739026042, 35.983710391905063 ], [ -121.489779324919169, 35.97135114824161 ], [ -121.486315335992586, 35.954273144803693 ], [ -121.479623963823087, 35.93801153688235 ], [ -121.479349272699608, 35.933678123750298 ], [ -121.475320725944655, 35.926041322783007 ], [ -121.476846657603573, 35.921719313417952 ], [ -121.474626382880714, 35.918339598136669 ], [ -121.475244375609662, 35.914490622597732 ], [ -121.468400453224191, 35.907777013168023 ], [ -121.465829166419411, 35.894811128068255 ], [ -121.466187745841339, 35.890595951520204 ], [ -121.460846884537332, 35.883523723072834 ], [ -121.45302635733303, 35.877450970147869 ], [ -121.447120893760541, 35.87017656526811 ], [ -121.438751028442638, 35.864923957182185 ], [ -121.424513875316038, 35.858260027007937 ], [ -121.419531639283278, 35.85694024592911 ], [ -121.415274224971469, 35.854456984589412 ], [ -121.412466459336784, 35.850852191316271 ], [ -121.408231910185094, 35.84278046785915 ], [ -121.405103694862206, 35.839133714722557 ], [ -121.398183480161237, 35.832854911168234 ], [ -121.387204203336054, 35.818843861774226 ], [ -121.381947297649276, 35.817680469233203 ], [ -121.378872492687492, 35.814384652036416 ], [ -121.377338895045739, 35.81036021250425 ], [ -121.368122143969728, 35.808433940168825 ], [ -121.359416574083752, 35.803524594260608 ], [ -121.337435173526629, 35.784142578142749 ], [ -121.334734225192534, 35.780324130560707 ], [ -121.330904055503325, 35.772103568984718 ], [ -121.329393311205365, 35.759042164479823 ], [ -121.322778288570277, 35.752381822573554 ], [ -121.323167368579306, 35.747979712133017 ], [ -121.320977519546432, 35.740037679618581 ], [ -121.322511042639448, 35.735929310763098 ], [ -121.321557264879985, 35.731687454343188 ], [ -121.322320181768802, 35.727491356785123 ], [ -121.320496559050156, 35.719389105365103 ], [ -121.323037211628957, 35.715482902967736 ], [ -121.320473563657416, 35.711729333430306 ], [ -121.312714031386946, 35.706144789746737 ], [ -121.309593413383411, 35.702463701882834 ], [ -121.307235707656972, 35.694205052305605 ], [ -121.299857654292907, 35.687842316472896 ], [ -121.294333701541049, 35.686709419920717 ], [ -121.292052357777322, 35.683081726886932 ], [ -121.292006521380415, 35.678813156471719 ], [ -121.289763319489794, 35.674659043609189 ], [ -121.288824801838288, 35.670314187879356 ], [ -121.289190969446139, 35.665866326121936 ], [ -121.2871232606294, 35.662341624947885 ], [ -121.282751435744288, 35.663783591314711 ], [ -121.277143579447767, 35.664298612853848 ], [ -121.266835748666026, 35.660987597677135 ], [ -121.261555955782356, 35.660316265713263 ], [ -121.2468608876583, 35.649124229444546 ], [ -121.242008306996667, 35.647071969833242 ], [ -121.236759002135628, 35.646972803482235 ], [ -121.232303175115703, 35.645168493904812 ], [ -121.221682498196003, 35.645698756460853 ], [ -121.217249556281033, 35.643471022440274 ], [ -121.211771276265139, 35.63661614076306 ], [ -121.206453314475525, 35.63732949141194 ], [ -121.201913566667017, 35.635895201304805 ], [ -121.193436806563668, 35.631332922072616 ], [ -121.18682947351833, 35.637676675432701 ], [ -121.181816691341695, 35.63734863030988 ], [ -121.172500662031396, 35.633377621378138 ], [ -121.168548398502438, 35.630844715024011 ], [ -121.162352934120804, 35.624520068487968 ], [ -121.142881434767773, 35.599408384001983 ], [ -121.130162491620396, 35.591329021782798 ], [ -121.126492478537955, 35.582761362853759 ], [ -121.119282218569282, 35.571328922447172 ], [ -121.113750560280963, 35.564634253263435 ], [ -121.10856219555329, 35.552713534042148 ], [ -121.099917551856592, 35.541674003609153 ], [ -121.089632521644859, 35.531836086630712 ], [ -121.081293126866214, 35.526320145447606 ], [ -121.064927118350724, 35.509497646297099 ], [ -121.053436609436588, 35.500556169908116 ], [ -121.043586508094251, 35.490817409185325 ], [ -121.039863160043907, 35.487723741622169 ], [ -121.03527765771004, 35.485991903745202 ], [ -121.027899635886001, 35.480311915352424 ], [ -121.011983842154862, 35.463275748092826 ], [ -121.007955309127766, 35.460140118645036 ], [ -121.003598703071361, 35.458080219538658 ], [ -120.998341786688783, 35.457511842226175 ], [ -120.993092499005556, 35.458007745022734 ], [ -120.983478955435672, 35.454181652826058 ], [ -120.978077071311631, 35.454368568984947 ], [ -120.973079569259767, 35.455482444549389 ], [ -120.968089689528966, 35.454791992068806 ], [ -120.951693257526955, 35.443969828907342 ], [ -120.936342135746401, 35.439140474328831 ], [ -120.926492099488442, 35.44114316013583 ], [ -120.910431422325814, 35.44233332267747 ], [ -120.905823036441916, 35.440708278279317 ], [ -120.890563487393777, 35.427814740204163 ], [ -120.8797444835173, 35.413097793945198 ], [ -120.872603047010386, 35.391956967152666 ], [ -120.871313634005801, 35.378434012365048 ], [ -120.871748544927087, 35.365292526065936 ], [ -120.870176833326113, 35.35222351361994 ], [ -120.871992726329054, 35.339314724916584 ], [ -120.880209969549341, 35.314408867615505 ], [ -120.894149478787554, 35.28191950914465 ], [ -120.896911434375838, 35.277856914204143 ], [ -120.900596584064061, 35.274809021133137 ], [ -120.900726287751155, 35.270773118907798 ], [ -120.899612348996257, 35.266371004808008 ], [ -120.903007564925105, 35.258283955340417 ], [ -120.902038590727145, 35.253919988334026 ], [ -120.899337675127597, 35.250200689628826 ], [ -120.899276651378329, 35.246286830525271 ], [ -120.896682567803794, 35.242571321385682 ], [ -120.889205489238421, 35.236174069320256 ], [ -120.887290451461269, 35.23228308716844 ], [ -120.879553963393505, 35.226881463057097 ], [ -120.876341878860785, 35.223127802033588 ], [ -120.865400938347108, 35.214834631541208 ], [ -120.863852129887604, 35.210993239967415 ], [ -120.860388266880918, 35.207701152253449 ], [ -120.842489063218821, 35.198995953885955 ], [ -120.833753101019937, 35.193876602731606 ], [ -120.830594430734124, 35.190573070076162 ], [ -120.815075678863266, 35.186163210043937 ], [ -120.796634798712461, 35.176725576378502 ], [ -120.791210098393478, 35.176214377454009 ], [ -120.780688840689109, 35.166593678876453 ], [ -120.766940220533385, 35.15889555967928 ], [ -120.756785137223659, 35.156797420412971 ], [ -120.752367572094172, 35.154710759444818 ], [ -120.749742940902266, 35.156484584109499 ], [ -120.751162033638906, 35.160432783919127 ], [ -120.746103466438115, 35.167856175875698 ], [ -120.742219913344897, 35.170873601331841 ], [ -120.737054586587917, 35.171682325170266 ], [ -120.721406035036154, 35.171438216300444 ], [ -120.712502187984768, 35.167375595933386 ], [ -120.707069835131762, 35.166551635829734 ], [ -120.691848644784486, 35.155019886614454 ], [ -120.687118237764736, 35.152826456816861 ], [ -120.681777452172852, 35.150751284291374 ], [ -120.661642662933147, 35.146120317360612 ], [ -120.6529677157816, 35.141023932527368 ], [ -120.649786150249142, 35.137819613292294 ], [ -120.641317298711968, 35.121794185829607 ], [ -120.637708585164987, 35.10495622149454 ], [ -120.637060247694933, 35.082850181165071 ], [ -120.638304113498819, 35.056906568406049 ], [ -120.643904666534965, 35.017275869880663 ], [ -120.647414478109127, 35.000868924093858 ], [ -120.654777041105064, 34.976531562421762 ], [ -120.6567302269099, 34.972350722380746 ], [ -120.666435044921315, 34.938194527534144 ], [ -120.670158300621011, 34.929661195115727 ], [ -120.668639963899125, 34.92540408505964 ], [ -120.669181650817123, 34.921169850976334 ], [ -120.673561016018255, 34.904293937668896 ], [ -120.672187649260849, 34.900994296638238 ], [ -120.667953144136092, 34.898575848117787 ], [ -120.652380895809074, 34.898667480124786 ], [ -120.647749649047938, 34.896847928602483 ], [ -120.645361527566976, 34.892926507358489 ], [ -120.644201788042139, 34.888577841688956 ], [ -120.643888925615798, 34.880178040723742 ], [ -120.626485491993819, 34.869409438212315 ], [ -120.623067363618617, 34.866159393228465 ], [ -120.618916760871016, 34.858575936194484 ], [ -120.616887213869617, 34.850038812281078 ], [ -120.618550425527502, 34.837107223181143 ], [ -120.624539595398659, 34.807021247016813 ], [ -120.630002382791702, 34.790477198075351 ], [ -120.640157416676288, 34.769489100628263 ], [ -120.64219450545022, 34.761203730579943 ], [ -120.644048503577309, 34.757213628471277 ], [ -120.643590699526086, 34.753105279409908 ], [ -120.639653755825421, 34.750332057841021 ], [ -120.637570825292116, 34.746998080081148 ], [ -120.635258974094029, 34.738922521598006 ], [ -120.632016324678261, 34.73498201943918 ], [ -120.620068161083253, 34.7276274421354 ], [ -120.613468398529889, 34.716153051212558 ], [ -120.610111257724498, 34.703984389199597 ], [ -120.611667643833712, 34.691472403740086 ], [ -120.619327719483394, 34.667196102607214 ], [ -120.630039648143992, 34.639559127434659 ], [ -120.645451415753712, 34.604949041020852 ], [ -120.647099415223309, 34.602721302593046 ], [ -120.646405089466143, 34.598967710167358 ], [ -120.650227457872433, 34.582160480031277 ], [ -120.652043297695457, 34.578033060335713 ], [ -120.650250305195442, 34.57561839850063 ], [ -120.645542777038983, 34.574077278190238 ], [ -120.64343695915268, 34.57031986667365 ], [ -120.640964890852899, 34.562473174768726 ], [ -120.625178994404365, 34.550602008463372 ], [ -120.620791915950917, 34.549182952739997 ], [ -120.590494444257359, 34.551769174458421 ], [ -120.585260476612675, 34.551341919061514 ], [ -120.576181133001683, 34.548343588556463 ], [ -120.559052437426132, 34.538806945098379 ], [ -120.544037202653556, 34.536098499781296 ], [ -120.526176070133346, 34.527782522783411 ], [ -120.522757959043034, 34.525108447617136 ], [ -120.516890698835653, 34.51787586768171 ], [ -120.507155179166588, 34.508056941956831 ], [ -120.504782332304742, 34.504509315288459 ], [ -120.503882012507589, 34.50056497230743 ], [ -120.499113350652181, 34.492657286942801 ], [ -120.495321306868192, 34.489598013630001 ], [ -120.493459592636952, 34.485783423898177 ], [ -120.485471126655156, 34.480343881851852 ], [ -120.482464942287422, 34.476868805537983 ], [ -120.479237440016661, 34.46912136553037 ], [ -120.477451910745685, 34.456632344686668 ], [ -120.474102326858372, 34.449041304072068 ], [ -120.470623089466898, 34.445890473824768 ], [ -120.466312209764212, 34.443475873177121 ], [ -120.457362386809308, 34.440321290252555 ], [ -120.452280922806693, 34.440164949066613 ], [ -120.447367329215709, 34.441023293242985 ], [ -120.438295527360893, 34.444868527993265 ], [ -120.43359557229401, 34.445818420849385 ], [ -120.423463158643571, 34.445006024088514 ], [ -120.418099408757087, 34.445868188571779 ], [ -120.40963800562524, 34.449927036466569 ], [ -120.385184464906928, 34.451365428430506 ], [ -120.380743934672537, 34.452643376207938 ], [ -120.370817562369737, 34.453658178932912 ], [ -120.3604486424817, 34.453677371827851 ], [ -120.350705406032418, 34.455600051832825 ], [ -120.341030799104644, 34.455546759166161 ], [ -120.331562249639944, 34.457946263928925 ], [ -120.327915234520489, 34.459613294677887 ], [ -120.307917573443817, 34.463103904050271 ], [ -120.302454630268599, 34.46319170399201 ], [ -120.294077201799439, 34.467605317301 ], [ -120.289270408079346, 34.467036995122911 ], [ -120.278786971118151, 34.463870982437697 ], [ -120.273545315988301, 34.4648819181809 ] ] } },
{ "type": "Feature", "properties": { "year": 2017 }, "geometry": { "type": "LineString", "coordinates": [ [ -122.373376707785383, 37.172862634708011 ], [ -122.367646846436131, 37.165740740895281 ], [ -122.366059899731709, 37.161449305156509 ], [ -122.364709506155037, 37.153186870394492 ], [ -122.365480143163438, 37.148582649709631 ], [ -122.362222279175811, 37.14593148551166 ], [ -122.347748774468727, 37.140220958471573 ], [ -122.340615060824632, 37.133484341766561 ], [ -122.340172576742972, 37.129196729767685 ], [ -122.342331857034708, 37.12081606357183 ], [ -122.342156411079387, 37.116661963632225 ], [ -122.339531828382007, 37.11300375174504 ], [ -122.335503370512484, 37.110669200660304 ], [ -122.330162597505648, 37.109238704736505 ], [ -122.315536425502216, 37.113930601358419 ], [ -122.310226156723004, 37.113953467233827 ], [ -122.300979009100843, 37.109852738715098 ], [ -122.292784781617641, 37.104039262853377 ], [ -122.282408510460456, 37.094460776625859 ], [ -122.277105971951102, 37.086370003966628 ], [ -122.265341170287613, 37.072175864165978 ], [ -122.254453805151059, 37.057298922917113 ], [ -122.2504558896715, 37.054613440002854 ], [ -122.236905767531866, 37.041201302874228 ], [ -122.233998912371078, 37.037443921904405 ], [ -122.227712216982567, 37.025897132508845 ], [ -122.223737201335112, 37.02272337978421 ], [ -122.218655867388563, 37.020785551764263 ], [ -122.214467216256352, 37.01801232985477 ], [ -122.207943941392244, 37.011210888700823 ], [ -122.198612924072677, 37.006301476161475 ], [ -122.190502661697991, 37.000888539171406 ], [ -122.183101851941984, 36.994953003181372 ], [ -122.174671020915028, 36.989746053085945 ], [ -122.171039265020553, 36.986114546874262 ], [ -122.162249849991653, 36.982246520937842 ], [ -122.155955303197672, 36.974933924480311 ], [ -122.146181666650776, 36.971939440532552 ], [ -122.133508701502464, 36.963596890133196 ], [ -122.118417161154795, 36.958653138921903 ], [ -122.109627732308454, 36.954109937950768 ], [ -122.089760007416672, 36.948693170636922 ], [ -122.079665934234981, 36.947262675503424 ], [ -122.069709179378435, 36.944416968699826 ], [ -122.05890555682366, 36.944024041176505 ], [ -122.048285063032495, 36.945126432522947 ], [ -122.032499258908018, 36.944336776492037 ], [ -122.022069531468887, 36.947510487804415 ], [ -122.014554370920138, 36.953308639698221 ], [ -122.009228866206357, 36.953896072669977 ], [ -121.978137657472033, 36.947644054283657 ], [ -121.973315655375913, 36.947361797149959 ], [ -121.968882793371691, 36.949177560412728 ], [ -121.950312101239533, 36.959587653326764 ], [ -121.94059183899526, 36.963192484284264 ], [ -121.935441765721677, 36.963902022190162 ], [ -121.925027149878247, 36.963005644003921 ], [ -121.920166985478986, 36.961483646635735 ], [ -121.911041762280661, 36.956711639993031 ], [ -121.874144054333641, 36.926126430362828 ], [ -121.867368792820074, 36.919607324831567 ], [ -121.855214508817113, 36.905199666740316 ], [ -121.84467773827221, 36.890776739793303 ], [ -121.832607366785666, 36.871429176803638 ], [ -121.824061962200943, 36.855179045042547 ], [ -121.805216349680791, 36.823834598946249 ], [ -121.79710589814718, 36.813382638090864 ], [ -121.793382550241247, 36.80530715441121 ], [ -121.794008163264721, 36.801282756218022 ], [ -121.796655650922432, 36.79746815500225 ], [ -121.80945813554672, 36.770209037021701 ], [ -121.816561241922045, 36.747062041587029 ], [ -121.81630941196029, 36.738978838934933 ], [ -121.813005650227737, 36.722369940981714 ], [ -121.813081898237044, 36.714374473630571 ], [ -121.814737435925309, 36.697021713823617 ], [ -121.818781075725923, 36.681057478789455 ], [ -121.826486943461504, 36.661457901702242 ], [ -121.83939623822701, 36.639077465583561 ], [ -121.847132671695789, 36.628053188529073 ], [ -121.852809118555655, 36.621751423817599 ], [ -121.862864985535907, 36.612523843292031 ], [ -121.867213888375645, 36.609727723850128 ], [ -121.880314019246114, 36.603689178204391 ], [ -121.885456439325992, 36.605287509936929 ], [ -121.893025128466476, 36.610860682230566 ], [ -121.894711318452352, 36.614919444138195 ], [ -121.900723561960589, 36.621762883322269 ], [ -121.909627428441809, 36.624494156887458 ], [ -121.913144737479811, 36.627542042061968 ], [ -121.918134571072812, 36.629819373136712 ], [ -121.918806012648929, 36.63369121571214 ], [ -121.926176340805767, 36.640038748251293 ], [ -121.931334024888329, 36.641808732696404 ], [ -121.936819771474831, 36.641705737465607 ], [ -121.941206832961299, 36.640355361149254 ], [ -121.943167629069933, 36.635949473524363 ], [ -121.943938163786498, 36.627740408788696 ], [ -121.945486959640249, 36.623769388589082 ], [ -121.951430439337329, 36.617715587403339 ], [ -121.95172796587029, 36.613748382132016 ], [ -121.955275762152212, 36.612680290183135 ], [ -121.959517893081994, 36.615766319901432 ], [ -121.963126722866591, 36.614202327445497 ], [ -121.965636791063275, 36.601923068501591 ], [ -121.968429231164208, 36.598817970445566 ], [ -121.969153959020389, 36.587435147265616 ], [ -121.973777539897171, 36.586420463377785 ], [ -121.982948390724829, 36.582735551812725 ], [ -121.981269832105042, 36.579348168901099 ], [ -121.974891365131924, 36.573130332724205 ], [ -121.972953398234552, 36.5697925386186 ], [ -121.963996120204129, 36.56609615983615 ], [ -121.956183288595739, 36.561541491911086 ], [ -121.951773320356139, 36.560057597681457 ], [ -121.948210272334606, 36.561800873781266 ], [ -121.943258605563145, 36.561446106365182 ], [ -121.938581597509668, 36.559809626452001 ], [ -121.936468147446902, 36.556166659332035 ], [ -121.934568295775861, 36.548236057254805 ], [ -121.937902444929932, 36.54543994565627 ], [ -121.934942073880492, 36.538298967963662 ], [ -121.930471059732653, 36.535479953112493 ], [ -121.928189757805058, 36.531844613232174 ], [ -121.928067649147835, 36.527392948626101 ], [ -121.930173422119807, 36.524963038980658 ], [ -121.935338714763006, 36.524955421571711 ], [ -121.939367166942489, 36.522582736212556 ], [ -121.944318830444175, 36.52283451279262 ], [ -121.948507537470306, 36.524535843456285 ], [ -121.952795415553211, 36.52434512229356 ], [ -121.95610667916111, 36.522197498732055 ], [ -121.955404719318153, 36.518493500787379 ], [ -121.951299930684641, 36.515746964009097 ], [ -121.948278550549446, 36.512229876109458 ], [ -121.944242437201694, 36.510459881605001 ], [ -121.940923469121316, 36.502937439609482 ], [ -121.940801381125667, 36.499305912254911 ], [ -121.94465440689757, 36.496685248618185 ], [ -121.947271489851019, 36.489673903119055 ], [ -121.942213132486742, 36.481930119191567 ], [ -121.940641474307654, 36.478336700307686 ], [ -121.940458424969279, 36.47417871527675 ], [ -121.938512913889809, 36.470570036272612 ], [ -121.931180901356129, 36.464134672621299 ], [ -121.929647399221722, 36.46019411837792 ], [ -121.930372276531642, 36.456371826295666 ], [ -121.932485753739712, 36.452469431138212 ], [ -121.932142486516312, 36.448071121097456 ], [ -121.927976733825119, 36.445286400714842 ], [ -121.923399051906756, 36.4379317091771 ], [ -121.918386545145353, 36.426583059925115 ], [ -121.919042822651164, 36.418564634938711 ], [ -121.917951913445037, 36.410282991066815 ], [ -121.915624927807343, 36.406617087610357 ], [ -121.915823360629631, 36.402737573137109 ], [ -121.908735505211908, 36.397164316061627 ], [ -121.906591634297257, 36.393441192489732 ], [ -121.907080000982546, 36.389184026844596 ], [ -121.905638062750896, 36.385190064718479 ], [ -121.905592350174359, 36.381184664673164 ], [ -121.90833144924558, 36.377701886523937 ], [ -121.90862144209099, 36.373604936169592 ], [ -121.90612660424506, 36.370198427573932 ], [ -121.906958296396098, 36.366437170307108 ], [ -121.909766059309291, 36.363038315776514 ], [ -121.908827681481981, 36.358842178362998 ], [ -121.904433125345534, 36.351739248160136 ], [ -121.901434728920151, 36.348634094783655 ], [ -121.897475073498128, 36.341039073360065 ], [ -121.896643517859275, 36.336553020782077 ], [ -121.896880101547964, 36.332635358994359 ], [ -121.899031716450722, 36.329091544562992 ], [ -121.898719095660013, 36.317357627591996 ], [ -121.904296548521529, 36.305455897789344 ], [ -121.901023483915154, 36.302747466263362 ], [ -121.891593327861216, 36.299188329122799 ], [ -121.887778561295804, 36.296518040430193 ], [ -121.879256446937944, 36.28639386347529 ], [ -121.870390890199772, 36.282865243726015 ], [ -121.863608260567602, 36.277131756845229 ], [ -121.855063166405273, 36.272832573895805 ], [ -121.846701288988982, 36.262895309233492 ], [ -121.842329655343192, 36.25559018951791 ], [ -121.839644134841265, 36.248574993462427 ], [ -121.831236298137313, 36.243730305040195 ], [ -121.82792504343189, 36.240701433110836 ], [ -121.810735519508512, 36.231710135312433 ], [ -121.805730494167477, 36.231126457398403 ], [ -121.795567853175996, 36.23146971165027 ], [ -121.787762754948119, 36.226422845153905 ], [ -121.7782486272677, 36.224046239369834 ], [ -121.765766574058631, 36.216466394782508 ], [ -121.761303249231162, 36.214593358622345 ], [ -121.754314517865311, 36.208745411909554 ], [ -121.748851635641913, 36.208176984458049 ], [ -121.744472078587322, 36.206605300693973 ], [ -121.740741059579435, 36.20294317827544 ], [ -121.723680626751175, 36.195744731383094 ], [ -121.719354479407826, 36.193295668474967 ], [ -121.716302522502275, 36.190072235924951 ], [ -121.712220532000458, 36.187546880212714 ], [ -121.705765644838891, 36.180985568177221 ], [ -121.700501020258812, 36.173806285962584 ], [ -121.696937863127644, 36.171029162663963 ], [ -121.693069510977594, 36.168278738585116 ], [ -121.683547415832024, 36.164467776465472 ], [ -121.679595135918831, 36.161934786655024 ], [ -121.674338145302514, 36.155064484878167 ], [ -121.663854687229914, 36.146157083960965 ], [ -121.64651197140418, 36.125816979024137 ], [ -121.63841667182443, 36.120430546809118 ], [ -121.634761962626925, 36.112389136986977 ], [ -121.62694134307128, 36.101498101640018 ], [ -121.623492642639121, 36.093674126595566 ], [ -121.621562288105238, 36.08534662897835 ], [ -121.612429334901421, 36.075245207329132 ], [ -121.610262453124449, 36.071792881775231 ], [ -121.597436643548207, 36.064106106806747 ], [ -121.596086159809275, 36.059719188980424 ], [ -121.59601749736359, 36.05181895276894 ], [ -121.594407597742418, 36.048179711157289 ], [ -121.588006142755575, 36.041736601855384 ], [ -121.58311540377106, 36.034412315745072 ], [ -121.579979536324203, 36.026157265862118 ], [ -121.577888956135922, 36.022811745947756 ], [ -121.574302922071581, 36.019599718525505 ], [ -121.56993101115772, 36.017162062908717 ], [ -121.554633128791465, 36.016890997962534 ], [ -121.549574528550011, 36.015952508181762 ], [ -121.540571291488291, 36.012469554074372 ], [ -121.535650028312332, 36.012149047103762 ], [ -121.530995812721073, 36.010527729909093 ], [ -121.522892903862555, 36.005682935826144 ], [ -121.513294536988951, 36.003683887546707 ], [ -121.505702819146421, 35.997988459498487 ], [ -121.495562739026084, 35.983710391905063 ], [ -121.489779324919141, 35.97135114824156 ], [ -121.486315335992657, 35.954273144803693 ], [ -121.479623963823087, 35.938011536882364 ], [ -121.479349272699636, 35.933678123750298 ], [ -121.475320725944655, 35.926041322782972 ], [ -121.476846657603573, 35.921719313417917 ], [ -121.474626382880714, 35.918339598136633 ], [ -121.475244375609634, 35.914490622597732 ], [ -121.468400453224191, 35.90777701316798 ], [ -121.465829166419411, 35.894811128068305 ], [ -121.466187745841339, 35.89059595152019 ], [ -121.460846884537332, 35.88352372307282 ], [ -121.453026357333087, 35.877450970147869 ], [ -121.447120893760541, 35.870176565268075 ], [ -121.438751028442681, 35.864923957182192 ], [ -121.424513875316038, 35.858260027007937 ], [ -121.419531639283278, 35.856940245929096 ], [ -121.415274224971469, 35.854456984589369 ], [ -121.412466459336784, 35.850852191316257 ], [ -121.408231910185123, 35.84278046785915 ], [ -121.405103694862206, 35.839133714722557 ], [ -121.398183480161265, 35.832854911168219 ], [ -121.387204203336054, 35.818843861774219 ], [ -121.381947297649276, 35.817680469233203 ], [ -121.378872492687535, 35.814384652036395 ], [ -121.377338895045767, 35.810360212504236 ], [ -121.368122143969728, 35.808433940168797 ], [ -121.359416574083752, 35.803524594260608 ], [ -121.337435173526629, 35.784142578142706 ], [ -121.334734225192534, 35.780324130560665 ], [ -121.330904055503325, 35.772103568984697 ], [ -121.329393311205365, 35.759042164479823 ], [ -121.322778288570333, 35.752381822573547 ], [ -121.323167368579306, 35.747979712133038 ], [ -121.320977519546432, 35.740037679618538 ], [ -121.322511042639448, 35.735929310763098 ], [ -121.321557264879985, 35.731687454343216 ], [ -121.322320181768802, 35.727491356785144 ], [ -121.320496559050156, 35.719389105365082 ], [ -121.323037211628957, 35.715482902967736 ], [ -121.320473563657472, 35.711729333430263 ], [ -121.312714031386946, 35.706144789746737 ], [ -121.309593413383439, 35.702463701882799 ], [ -121.307235707656972, 35.694205052305605 ], [ -121.299857654292907, 35.687842316472889 ], [ -121.294333701541049, 35.686709419920682 ], [ -121.292052357777322, 35.683081726886932 ], [ -121.292006521380472, 35.678813156471719 ], [ -121.289763319489808, 35.674659043609189 ], [ -121.288824801838317, 35.670314187879328 ], [ -121.289190969446139, 35.665866326121936 ], [ -121.287123260629443, 35.662341624947885 ], [ -121.282751435744288, 35.663783591314711 ], [ -121.277143579447767, 35.664298612853827 ], [ -121.266835748666082, 35.660987597677135 ], [ -121.261555955782356, 35.660316265713263 ], [ -121.2468608876583, 35.649124229444546 ], [ -121.242008306996667, 35.647071969833242 ], [ -121.236759002135628, 35.646972803482228 ], [ -121.232303175115732, 35.645168493904791 ], [ -121.22168249819606, 35.64569875646086 ], [ -121.217249556281033, 35.643471022440274 ], [ -121.211771276265139, 35.63661614076306 ], [ -121.206453314475553, 35.637329491411954 ], [ -121.201913566667031, 35.635895201304805 ], [ -121.193436806563668, 35.631332922072616 ], [ -121.186829473518387, 35.637676675432701 ], [ -121.181816691341723, 35.63734863030988 ], [ -121.172500662031396, 35.633377621378138 ], [ -121.168548398502438, 35.630844715024011 ], [ -121.162352934120804, 35.624520068487946 ], [ -121.142881434767773, 35.599408384001961 ], [ -121.130162491620453, 35.591329021782798 ], [ -121.126492478537955, 35.582761362853759 ], [ -121.119282218569282, 35.571328922447165 ], [ -121.113750560280963, 35.564634253263435 ], [ -121.10856219555329, 35.552713534042148 ], [ -121.099917551856592, 35.541674003609153 ], [ -121.089632521644859, 35.531836086630712 ], [ -121.081293126866271, 35.526320145447606 ], [ -121.064927118350724, 35.509497646297042 ], [ -121.053436609436645, 35.500556169908116 ], [ -121.043586508094251, 35.490817409185325 ], [ -121.039863160043907, 35.487723741622126 ], [ -121.03527765771004, 35.485991903745187 ], [ -121.027899635886001, 35.480311915352424 ], [ -121.011983842154891, 35.463275748092776 ], [ -121.007955309127766, 35.46014011864505 ], [ -121.003598703071361, 35.458080219538651 ], [ -120.998341786688783, 35.457511842226154 ], [ -120.993092499005556, 35.458007745022712 ], [ -120.983478955435672, 35.454181652826058 ], [ -120.978077071311631, 35.454368568984926 ], [ -120.973079569259767, 35.455482444549368 ], [ -120.968089689528966, 35.454791992068806 ], [ -120.951693257526955, 35.443969828907342 ], [ -120.936342135746401, 35.439140474328823 ], [ -120.926492099488442, 35.441143160135823 ], [ -120.910431422325814, 35.44233332267747 ], [ -120.905823036441916, 35.440708278279317 ], [ -120.890563487393777, 35.427814740204163 ], [ -120.879744483517328, 35.413097793945198 ], [ -120.872603047010386, 35.391956967152652 ], [ -120.871313634005801, 35.378434012365048 ], [ -120.871748544927087, 35.365292526065907 ], [ -120.870176833326113, 35.352223513619904 ], [ -120.871992726329054, 35.339314724916584 ], [ -120.880209969549341, 35.314408867615505 ], [ -120.894149478787554, 35.281919509144657 ], [ -120.896911434375895, 35.277856914204143 ], [ -120.90059658406409, 35.274809021133137 ], [ -120.900726287751155, 35.27077311890784 ], [ -120.899612348996257, 35.266371004808001 ], [ -120.903007564925105, 35.258283955340417 ], [ -120.902038590727145, 35.25391998833404 ], [ -120.899337675127654, 35.250200689628826 ], [ -120.899276651378329, 35.246286830525221 ], [ -120.896682567803836, 35.242571321385682 ], [ -120.889205489238421, 35.236174069320214 ], [ -120.887290451461269, 35.232283087168426 ], [ -120.879553963393505, 35.226881463057104 ], [ -120.876341878860785, 35.223127802033552 ], [ -120.865400938347108, 35.214834631541208 ], [ -120.863852129887604, 35.210993239967401 ], [ -120.860388266880918, 35.207701152253449 ], [ -120.842489063218821, 35.198995953885955 ], [ -120.833753101019937, 35.193876602731585 ], [ -120.830594430734124, 35.190573070076127 ], [ -120.815075678863266, 35.186163210043937 ], [ -120.796634798712461, 35.176725576378537 ], [ -120.791210098393478, 35.176214377454009 ], [ -120.780688840689166, 35.166593678876453 ], [ -120.766940220533385, 35.15889555967928 ], [ -120.756785137223659, 35.156797420412985 ], [ -120.752367572094172, 35.154710759444818 ], [ -120.749742940902266, 35.156484584109499 ], [ -120.751162033638934, 35.160432783919127 ], [ -120.746103466438143, 35.167856175875663 ], [ -120.742219913344897, 35.170873601331827 ], [ -120.737054586587917, 35.171682325170281 ], [ -120.721406035036154, 35.17143821630043 ], [ -120.712502187984796, 35.167375595933379 ], [ -120.707069835131762, 35.166551635829663 ], [ -120.691848644784542, 35.155019886614404 ], [ -120.687118237764736, 35.152826456816861 ], [ -120.681777452172867, 35.150751284291374 ], [ -120.661642662933147, 35.146120317360591 ], [ -120.6529677157816, 35.141023932527368 ], [ -120.649786150249142, 35.137819613292294 ], [ -120.641317298711968, 35.121794185829565 ], [ -120.637708585165043, 35.10495622149454 ], [ -120.637060247694933, 35.082850181165071 ], [ -120.638304113498819, 35.056906568406035 ], [ -120.643904666534965, 35.017275869880663 ], [ -120.647414478109127, 35.000868924093837 ], [ -120.654777041105064, 34.976531562421741 ], [ -120.6567302269099, 34.972350722380746 ], [ -120.666435044921343, 34.938194527534129 ], [ -120.670158300621026, 34.929661195115763 ], [ -120.668639963899125, 34.925404085059661 ], [ -120.669181650817123, 34.921169850976334 ], [ -120.673561016018297, 34.904293937668896 ], [ -120.672187649260849, 34.900994296638224 ], [ -120.667953144136092, 34.898575848117751 ], [ -120.652380895809074, 34.898667480124786 ], [ -120.647749649047938, 34.896847928602483 ], [ -120.645361527566976, 34.892926507358432 ], [ -120.644201788042139, 34.888577841688928 ], [ -120.643888925615798, 34.880178040723742 ], [ -120.626485491993819, 34.869409438212315 ], [ -120.623067363618631, 34.866159393228429 ], [ -120.618916760871016, 34.858575936194484 ], [ -120.616887213869617, 34.850038812281078 ], [ -120.618550425527502, 34.837107223181121 ], [ -120.624539595398659, 34.807021247016841 ], [ -120.630002382791702, 34.790477198075351 ], [ -120.640157416676288, 34.769489100628263 ], [ -120.64219450545022, 34.761203730579943 ], [ -120.644048503577324, 34.757213628471263 ], [ -120.643590699526086, 34.753105279409908 ], [ -120.639653755825421, 34.750332057840993 ], [ -120.637570825292116, 34.74699808008112 ], [ -120.635258974094029, 34.738922521598006 ], [ -120.632016324678304, 34.734982019439187 ], [ -120.620068161083253, 34.727627442135351 ], [ -120.613468398529889, 34.71615305121253 ], [ -120.610111257724498, 34.703984389199576 ], [ -120.611667643833741, 34.691472403740086 ], [ -120.619327719483394, 34.667196102607164 ], [ -120.630039648143992, 34.639559127434659 ], [ -120.645451415753712, 34.604949041020895 ], [ -120.647099415223309, 34.602721302593054 ], [ -120.646405089466143, 34.598967710167273 ], [ -120.650227457872433, 34.582160480031291 ], [ -120.652043297695499, 34.578033060335713 ], [ -120.650250305195442, 34.575618398500595 ], [ -120.645542777038983, 34.574077278190238 ], [ -120.64343695915268, 34.57031986667365 ], [ -120.640964890852899, 34.562473174768726 ], [ -120.625178994404408, 34.550602008463336 ], [ -120.620791915950974, 34.549182952739997 ], [ -120.590494444257359, 34.5517691744584 ], [ -120.585260476612731, 34.551341919061514 ], [ -120.576181133001683, 34.548343588556463 ], [ -120.559052437426132, 34.538806945098351 ], [ -120.544037202653556, 34.536098499781296 ], [ -120.526176070133346, 34.527782522783454 ], [ -120.522757959043076, 34.525108447617157 ], [ -120.516890698835653, 34.51787586768171 ], [ -120.507155179166588, 34.508056941956831 ], [ -120.504782332304799, 34.504509315288459 ], [ -120.503882012507617, 34.50056497230743 ], [ -120.499113350652181, 34.49265728694278 ], [ -120.495321306868192, 34.489598013630001 ], [ -120.493459592636952, 34.485783423898177 ], [ -120.485471126655156, 34.480343881851809 ], [ -120.482464942287422, 34.476868805537997 ], [ -120.479237440016661, 34.469121365530356 ], [ -120.477451910745685, 34.456632344686653 ], [ -120.474102326858372, 34.449041304072068 ], [ -120.470623089466898, 34.44589047382474 ], [ -120.466312209764226, 34.44347587317705 ], [ -120.457362386809351, 34.440321290252555 ], [ -120.452280922806693, 34.440164949066613 ], [ -120.447367329215709, 34.441023293242985 ], [ -120.43829552736095, 34.444868527993258 ], [ -120.43359557229401, 34.445818420849335 ], [ -120.423463158643571, 34.445006024088507 ], [ -120.418099408757087, 34.445868188571794 ], [ -120.40963800562524, 34.449927036466519 ], [ -120.385184464906928, 34.451365428430506 ], [ -120.380743934672537, 34.452643376207895 ], [ -120.370817562369794, 34.453658178932912 ], [ -120.3604486424817, 34.453677371827837 ], [ -120.350705406032475, 34.455600051832825 ], [ -120.341030799104644, 34.455546759166126 ], [ -120.331562249639944, 34.457946263928925 ], [ -120.327915234520489, 34.459613294677929 ], [ -120.307917573443817, 34.463103904050271 ], [ -120.302454630268599, 34.46319170399201 ], [ -120.294077201799496, 34.467605317300951 ], [ -120.289270408079346, 34.467036995122911 ], [ -120.278786971118151, 34.463870982437697 ], [ -120.273545315988358, 34.4648819181809 ] ] } }
]
}
